age,job,marital,education,default,balance,housing,loan,contact,day,month,duration,campaign,pdays,previous,poutcome,y
69,technician,married,secondary,no,-620,yes,no,cellular,30,may,0,7,-1,0,unknown,no
32,technician,married,tertiary,no,4495,yes,no,cellular,28,nov,161,8,-1,0,unknown,no
89,technician,married,secondary,no,-3296,yes,no,cellular,22,jul,2209,24,-1,0,unknown,yes
78,admin.,divorced,secondary,no,909,no,no,cellular,2,apr,491,8,-1,0,unknown,no
38,unknown,married,secondary,no,6641,no,no,unknown,26,apr,228,28,-1,0,unknown,no
92,unemployed,married,tertiary,no,-991,no,no,cellular,30,nov,305,5,-1,0,unknown,no
92,management,married,tertiary,no,3249,no,yes,cellular,5,aug,238,23,-1,0,unknown,no
41,student,single,secondary,no,-3849,yes,no,cellular,11,may,429,11,-1,0,unknown,no
20,technician,married,tertiary,no,-534,no,no,unknown,10,jul,560,23,152,6,failure,no
39,blue-collar,single,tertiary,no,1960,no,yes,cellular,15,sep,375,2,-1,0,unknown,no
70,housemaid,married,unknown,no,2482,no,no,cellular,18,apr,51,15,-1,0,unknown,no
19,services,single,secondary,no,7624,yes,no,unknown,17,may,120,19,-1,0,unknown,no
47,blue-collar,married,tertiary,no,-90,yes,no,unknown,14,aug,395,27,-1,0,unknown,no
55,technician,married,secondary,no,3205,no,no,unknown,28,apr,447,18,100,8,other,no
19,technician,divorced,secondary,no,3121,yes,yes,cellular,30,may,255,15,-1,0,unknown,no
81,admin.,single,tertiary,no,-344,yes,no,unknown,30,may,323,19,-1,0,unknown,no
77,management,married,secondary,no,4289,no,no,cellular,28,aug,49,25,-1,0,unknown,no
38,blue-collar,married,secondary,no,3426,yes,no,cellular,13,jan,120,7,-1,0,unknown,no
50,unknown,married,secondary,no,601,no,no,cellular,20,apr,197,4,-1,0,unknown,no
93,blue-collar,single,secondary,yes,2006,yes,no,cellular,2,apr,1062,14,-1,0,unknown,yes
75,student,married,secondary,no,-1456,no,no,cellular,25,may,414,8,-1,0,unknown,no
39,entrepreneur,married,secondary,no,-1234,yes,no,cellular,12,may,55,29,-1,0,unknown,no
66,technician,married,tertiary,no,1357,no,yes,cellular,27,may,112,23,-1,0,unknown,no
76,management,single,tertiary,no,3664,yes,no,telephone,11,may,63,10,-1,0,unknown,no
59,admin.,single,secondary,no,421,no,no,cellular,19,may,42,13,-1,0,unknown,no
77,blue-collar,single,tertiary,no,-427,yes,yes,cellular,12,apr,32,6,-1,0,unknown,no
32,unknown,married,primary,no,729,yes,no,cellular,25,jul,870,4,-1,0,unknown,no
79,technician,divorced,secondary,no,3907,no,no,cellular,4,nov,611,5,163,2,other,no
79,blue-collar,single,secondary,no,-2633,no,no,unknown,10,jul,170,10,-1,0,unknown,no
64,blue-collar,divorced,tertiary,no,4006,yes,yes,telephone,12,aug,205,24,-1,0,unknown,no
79,retired,married,tertiary,no,2957,yes,yes,cellular,7,nov,470,13,-1,0,unknown,no
68,management,married,secondary,no,-2647,yes,no,cellular,23,may,269,19,52,1,failure,no
72,services,single,secondary,no,716,yes,no,cellular,6,jun,340,11,326,1,success,no
81,admin.,married,secondary,no,3330,no,no,unknown,8,jul,404,28,-1,0,unknown,no
20,technician,married,unknown,no,-4309,yes,no,unknown,27,may,170,19,-1,0,unknown,no
68,admin.,single,secondary,no,-1683,no,no,unknown,11,jul,949,5,-1,0,unknown,yes
24,retired,single,unknown,no,-3146,yes,no,cellular,6,jul,255,25,-1,0,unknown,no
38,admin.,divorced,secondary,yes,-311,yes,yes,unknown,25,sep,258,5,-1,0,unknown,no
90,student,single,secondary,no,4535,yes,no,telephone,21,aug,39,1,-1,0,unknown,no
56,retired,married,secondary,no,3816,yes,no,cellular,27,may,1135,21,-1,0,unknown,yes
35,blue-collar,married,tertiary,no,-94,yes,no,cellular,3,may,18,9,192,2,success,no
21,management,married,secondary,no,4508,yes,yes,cellular,21,may,1094,7,-1,0,unknown,yes
77,retired,married,secondary,no,3412,no,no,unknown,20,may,622,9,-1,0,unknown,no
31,unknown,married,primary,no,5247,yes,no,cellular,19,jul,500,26,-1,0,unknown,no
26,admin.,married,unknown,no,1156,yes,yes,cellular,1,may,288,10,-1,0,unknown,no
70,technician,married,secondary,no,3039,yes,no,unknown,24,nov,242,21,-1,0,unknown,no
19,unemployed,single,secondary,no,11537,yes,no,unknown,4,apr,1467,3,-1,0,unknown,yes
77,admin.,divorced,tertiary,no,493,yes,no,cellular,28,may,941,18,-1,0,unknown,yes
88,admin.,single,tertiary,no,1227,yes,no,cellular,19,sep,430,9,-1,0,unknown,no
61,services,single,secondary,no,945,no,no,cellular,28,jul,23,5,-1,0,unknown,no
25,admin.,single,primary,no,1150,no,no,cellular,20,jul,120,11,-1,0,unknown,no
64,retired,divorced,secondary,no,3096,no,no,cellular,17,jul,518,29,387,8,success,yes
52,technician,single,tertiary,no,1596,yes,no,cellular,28,may,312,1,391,6,failure,no
53,self-employed,single,secondary,no,-2672,yes,yes,cellular,22,aug,33,2,-1,0,unknown,no
67,unemployed,divorced,tertiary,no,1476,no,no,cellular,19,jun,110,18,-1,0,unknown,no
21,blue-collar,divorced,secondary,no,-156,no,yes,unknown,24,mar,5,28,37,8,other,no
19,blue-collar,married,tertiary,no,-3763,yes,no,cellular,27,may,576,20,-1,0,unknown,no
23,student,married,unknown,no,4857,yes,no,unknown,14,aug,354,14,-1,0,unknown,no
71,technician,married,secondary,no,-173,yes,no,unknown,30,may,147,22,-1,0,unknown,no
21,student,married,tertiary,no,2572,no,no,cellular,30,aug,368,8,-1,0,unknown,no
71,unemployed,married,secondary,no,-8039,no,no,cellular,29,jul,699,29,18,2,failure,no
80,blue-collar,married,primary,no,2918,yes,no,unknown,10,may,84,29,-1,0,unknown,no
35,retired,married,unknown,no,481,yes,no,unknown,21,apr,86,19,-1,0,unknown,no
61,technician,married,tertiary,no,-3242,yes,no,telephone,9,aug,170,14,351,3,failure,no
51,management,single,tertiary,no,-233,yes,no,cellular,25,jul,316,26,-1,0,unknown,no
91,entrepreneur,married,unknown,no,-636,no,no,unknown,16,may,1281,14,-1,0,unknown,yes
79,admin.,single,secondary,no,3674,no,no,unknown,15,jul,45,26,189,6,failure,no
31,unemployed,single,secondary,no,1693,yes,yes,cellular,27,jul,108,22,-1,0,unknown,no
65,technician,married,tertiary,no,-3145,no,no,cellular,16,jan,116,20,-1,0,unknown,no
32,technician,divorced,secondary,no,2737,yes,yes,unknown,18,jul,333,8,-1,0,unknown,no
89,admin.,married,primary,no,-4790,no,no,cellular,21,jul,561,9,-1,0,unknown,no
79,admin.,married,tertiary,no,-1953,no,no,cellular,23,apr,52,25,396,5,failure,no
57,retired,married,secondary,no,1465,yes,no,cellular,23,aug,322,14,-1,0,unknown,no
70,technician,married,secondary,no,-450,no,no,telephone,10,aug,620,12,-1,0,unknown,no
41,unknown,married,secondary,no,4997,yes,no,unknown,3,may,33,13,-1,0,unknown,no
43,retired,married,tertiary,no,1929,yes,yes,cellular,7,may,260,6,-1,0,unknown,no
77,technician,married,secondary,no,3299,yes,no,cellular,7,jul,58,14,-1,0,unknown,no
58,blue-collar,married,secondary,no,3422,yes,no,cellular,20,apr,150,15,312,6,failure,no
46,self-employed,married,tertiary,no,92,no,yes,cellular,11,sep,34,2,-1,0,unknown,no
32,blue-collar,single,primary,no,-1774,yes,no,cellular,23,jun,296,18,14,5,other,no
62,admin.,married,primary,no,1272,no,yes,cellular,24,nov,132,10,-1,0,unknown,no
82,self-employed,married,unknown,no,4023,no,no,cellular,3,jul,216,25,-1,0,unknown,no
88,entrepreneur,married,tertiary,no,723,yes,no,unknown,18,may,191,21,-1,0,unknown,no
26,technician,married,secondary,no,3194,yes,no,cellular,25,jun,305,7,-1,0,unknown,no
18,admin.,married,primary,no,1340,yes,no,unknown,28,jul,582,22,-1,0,unknown,no
25,retired,single,secondary,no,-3237,yes,no,unknown,12,aug,84,25,-1,0,unknown,no
80,technician,married,tertiary,no,-2982,yes,yes,cellular,23,sep,233,5,-1,0,unknown,no
28,housemaid,single,tertiary,no,6109,no,no,telephone,17,jul,220,8,-1,0,unknown,no
25,services,single,primary,no,-2080,yes,no,cellular,26,may,97,20,152,7,failure,no
52,self-employed,married,secondary,no,-490,no,no,cellular,26,jul,178,13,-1,0,unknown,no
52,retired,married,secondary,no,4174,yes,no,unknown,9,may,10,7,-1,0,unknown,no
50,technician,divorced,tertiary,no,-2155,yes,yes,cellular,5,may,143,25,-1,0,unknown,no
22,technician,single,secondary,no,-628,yes,no,cellular,18,may,81,18,-1,0,unknown,no
58,retired,married,unknown,no,787,yes,no,unknown,23,apr,514,9,-1,0,unknown,no
45,unemployed,single,tertiary,no,395,yes,no,unknown,9,oct,114,12,-1,0,unknown,no
24,unemployed,single,tertiary,no,-1489,no,no,cellular,13,apr,55,24,-1,0,unknown,no
90,technician,married,primary,no,841,no,no,cellular,3,aug,194,26,78,8,other,no
89,technician,divorced,tertiary,no,3459,yes,yes,cellular,4,jun,429,17,-1,0,unknown,no
29,admin.,married,secondary,no,1053,no,no,cellular,25,aug,112,10,-1,0,unknown,no
51,blue-collar,married,secondary,no,-553,yes,no,telephone,18,aug,484,7,-1,0,unknown,no
50,admin.,divorced,secondary,no,4260,yes,yes,cellular,20,aug,101,28,-1,0,unknown,no
65,management,single,primary,no,6541,no,no,cellular,21,may,343,21,-1,0,unknown,no
40,blue-collar,married,tertiary,no,4287,no,no,unknown,15,aug,31,5,76,1,failure,no
79,unknown,married,unknown,no,-1947,no,no,unknown,20,apr,16,23,-1,0,unknown,no
54,services,single,secondary,no,-1868,yes,no,telephone,23,jun,345,15,-1,0,unknown,no
61,technician,single,secondary,no,2732,no,no,cellular,6,dec,118,16,-1,0,unknown,no
52,blue-collar,single,secondary,no,1935,no,yes,cellular,9,nov,128,27,-1,0,unknown,no
82,blue-collar,divorced,tertiary,no,-2252,yes,no,unknown,11,apr,220,16,-1,0,unknown,no
64,services,single,secondary,no,2281,no,no,cellular,29,jul,1117,10,186,6,failure,yes
20,unknown,married,secondary,no,1718,no,no,unknown,29,may,48,14,-1,0,unknown,no
18,housemaid,married,tertiary,no,5855,no,no,unknown,13,aug,91,20,-1,0,unknown,no
22,technician,married,secondary,no,115,no,no,unknown,4,aug,269,17,-1,0,unknown,no
31,technician,single,tertiary,no,5581,yes,no,cellular,27,jan,311,6,-1,0,unknown,no
44,management,single,secondary,no,5713,no,no,cellular,15,sep,315,1,-1,0,unknown,no
26,unemployed,married,secondary,no,-597,yes,no,cellular,25,may,233,11,-1,0,unknown,no
32,admin.,married,secondary,no,2484,no,no,unknown,17,nov,228,1,-1,0,unknown,no
59,blue-collar,married,primary,no,787,no,no,cellular,12,nov,41,12,-1,0,unknown,no
94,blue-collar,married,secondary,no,664,no,yes,telephone,6,may,464,24,-1,0,unknown,no
68,technician,married,secondary,no,2160,yes,yes,unknown,7,jul,2,20,-1,0,unknown,no
80,blue-collar,married,secondary,no,-947,no,no,cellular,25,may,139,15,-1,0,unknown,no
69,unknown,married,secondary,no,-3363,yes,no,telephone,17,apr,62,5,-1,0,unknown,no
21,admin.,married,primary,no,-173,no,no,cellular,11,sep,28,10,-1,0,unknown,no
40,services,married,secondary,no,4964,no,no,unknown,12,may,99,26,-1,0,unknown,no
32,management,married,primary,no,812,yes,no,telephone,28,may,276,17,-1,0,unknown,no
60,self-employed,single,secondary,no,1352,yes,no,unknown,13,nov,177,10,-1,0,unknown,no
46,unknown,married,primary,no,3799,yes,no,unknown,1,apr,533,7,-1,0,unknown,no
53,management,single,tertiary,no,-3369,yes,no,cellular,18,jul,236,27,-1,0,unknown,no
30,blue-collar,single,tertiary,no,2739,yes,no,cellular,22,jul,75,18,-1,0,unknown,no
49,retired,married,tertiary,no,6431,yes,no,cellular,19,aug,186,6,242,7,other,no
88,retired,married,secondary,no,1696,yes,no,cellular,11,aug,66,9,-1,0,unknown,no
76,technician,divorced,tertiary,no,-4346,no,no,cellular,30,may,50,2,-1,0,unknown,no
45,technician,single,secondary,no,1192,no,no,cellular,22,aug,800,22,-1,0,unknown,yes
83,technician,divorced,secondary,no,3252,no,no,cellular,18,nov,162,28,-1,0,unknown,no
59,retired,single,tertiary,no,1758,yes,no,cellular,29,oct,271,12,19,9,other,no
62,admin.,married,secondary,no,2239,no,no,cellular,10,jun,533,5,-1,0,unknown,no
79,self-employed,married,primary,no,2599,yes,yes,cellular,6,jul,100,15,-1,0,unknown,no
74,technician,married,secondary,no,-1374,no,no,cellular,23,jul,401,13,-1,0,unknown,no
23,technician,married,tertiary,no,-999,yes,no,unknown,22,aug,401,29,-1,0,unknown,no
45,management,married,primary,no,313,yes,no,cellular,2,jun,448,29,336,1,failure,no
45,blue-collar,single,tertiary,no,2600,no,no,unknown,5,apr,54,2,-1,0,unknown,no
61,admin.,married,tertiary,no,-2145,yes,no,unknown,10,may,849,15,160,7,failure,yes
47,services,married,tertiary,no,7591,no,yes,cellular,15,aug,82,14,262,8,failure,no
79,unknown,single,primary,no,-5848,no,no,cellular,29,jul,386,9,-1,0,unknown,no
92,technician,single,secondary,no,-3698,yes,yes,cellular,14,aug,45,16,-1,0,unknown,no
79,services,married,tertiary,no,3083,no,no,cellular,6,jun,665,2,-1,0,unknown,yes
18,housemaid,single,secondary,no,2824,yes,yes,telephone,14,may,144,1,-1,0,unknown,no
44,admin.,single,secondary,no,1204,yes,no,cellular,24,apr,284,25,-1,0,unknown,no
79,management,married,secondary,no,3450,yes,no,cellular,25,jun,489,9,-1,0,unknown,no
94,services,married,secondary,no,3125,yes,no,cellular,21,may,85,25,-1,0,unknown,no
20,services,married,tertiary,yes,1422,yes,no,unknown,14,dec,127,24,-1,0,unknown,no
87,technician,married,primary,no,2226,yes,no,telephone,12,may,97,20,-1,0,unknown,no
89,admin.,married,tertiary,no,-8000,yes,no,unknown,23,jul,85,14,181,8,failure,no
44,services,divorced,tertiary,no,1022,yes,yes,cellular,4,jan,184,25,-1,0,unknown,no
26,admin.,single,secondary,no,1278,no,no,cellular,26,may,204,2,-1,0,unknown,no
79,unemployed,single,secondary,no,7160,yes,no,cellular,12,may,20,1,105,2,other,no
54,management,divorced,secondary,no,-1055,yes,no,unknown,21,aug,288,28,-1,0,unknown,no
68,management,divorced,tertiary,no,1314,yes,yes,cellular,17,jun,140,10,-1,0,unknown,no
61,self-employed,married,secondary,no,5692,yes,no,cellular,29,feb,568,23,-1,0,unknown,no
41,blue-collar,married,tertiary,no,3102,no,yes,unknown,19,may,559,22,-1,0,unknown,no
76,admin.,single,primary,no,1497,no,no,cellular,16,jul,328,19,-1,0,unknown,no
49,unknown,married,tertiary,no,4308,no,no,cellular,18,jul,496,18,-1,0,unknown,no
69,technician,married,tertiary,no,-956,yes,no,cellular,6,mar,659,24,-1,0,unknown,yes
79,admin.,single,tertiary,no,6597,no,no,unknown,9,nov,222,20,-1,0,unknown,no
75,unemployed,divorced,secondary,no,3349,no,no,cellular,26,may,921,22,318,5,failure,yes
69,management,married,secondary,no,-3455,yes,no,unknown,19,nov,802,20,-1,0,unknown,no
29,management,single,primary,no,-393,yes,no,cellular,12,may,30,29,-1,0,unknown,no
56,technician,married,tertiary,no,-5050,yes,no,unknown,11,jul,190,11,-1,0,unknown,no
19,retired,single,tertiary,no,3809,no,no,cellular,28,may,31,9,-1,0,unknown,no
20,technician,married,secondary,no,3112,yes,no,cellular,16,jul,297,15,-1,0,unknown,no
73,self-employed,single,tertiary,no,41,no,no,cellular,2,jun,373,28,208,5,failure,no
76,technician,married,secondary,no,5023,yes,no,unknown,18,jan,557,16,-1,0,unknown,no
19,self-employed,single,secondary,no,1171,no,no,unknown,30,may,270,13,-1,0,unknown,no
19,retired,married,secondary,no,9292,no,no,unknown,6,feb,156,21,-1,0,unknown,no
71,entrepreneur,married,secondary,no,-2176,no,no,cellular,26,jul,43,6,79,2,failure,no
18,blue-collar,married,secondary,no,3347,no,no,unknown,22,sep,34,25,-1,0,unknown,no
36,blue-collar,married,secondary,no,229,yes,no,unknown,5,may,171,15,147,8,success,no
19,services,married,tertiary,no,-609,no,no,unknown,9,jul,461,15,-1,0,unknown,no
70,technician,married,tertiary,no,902,no,no,cellular,13,apr,358,22,35,6,failure,no
61,technician,single,tertiary,no,2523,yes,no,telephone,7,may,548,18,-1,0,unknown,no
49,housemaid,single,secondary,no,1596,yes,no,cellular,23,may,429,11,-1,0,unknown,no
87,entrepreneur,married,unknown,no,3455,yes,no,cellular,27,apr,59,1,-1,0,unknown,no
49,management,single,secondary,no,3242,yes,no,unknown,1,may,57,14,122,2,failure,no
85,technician,married,secondary,no,5776,no,no,cellular,10,sep,158,25,-1,0,unknown,no
72,services,married,tertiary,no,-2181,yes,no,cellular,26,dec,54,2,-1,0,unknown,no
92,blue-collar,married,secondary,no,-3249,no,no,cellular,18,sep,53,2,-1,0,unknown,no
73,management,married,tertiary,no,1218,yes,yes,cellular,12,nov,80,20,-1,0,unknown,no
34,unemployed,married,tertiary,no,-958,yes,no,cellular,3,aug,5,26,-1,0,unknown,no
55,unknown,divorced,unknown,no,4043,yes,no,unknown,5,may,218,10,-1,0,unknown,no
41,technician,married,primary,no,-1781,yes,no,unknown,14,jul,130,16,-1,0,unknown,no
86,management,married,primary,no,-226,yes,no,unknown,27,aug,69,3,-1,0,unknown,no
87,management,married,secondary,no,424,no,no,unknown,15,jun,37,14,-1,0,unknown,no
28,services,divorced,primary,yes,6718,no,yes,unknown,12,jul,157,23,-1,0,unknown,no
33,technician,single,secondary,yes,7744,no,yes,unknown,4,jul,237,7,-1,0,unknown,no
90,admin.,single,tertiary,no,-2002,no,no,unknown,24,jun,934,19,-1,0,unknown,yes
76,self-employed,divorced,tertiary,no,-5165,no,no,unknown,16,may,75,19,-1,0,unknown,no
87,management,divorced,secondary,no,-299,no,no,unknown,11,jul,6,25,-1,0,unknown,no
20,management,single,tertiary,no,1311,yes,no,cellular,4,mar,343,23,-1,0,unknown,no
37,self-employed,married,secondary,no,1297,yes,no,cellular,6,may,69,19,-1,0,unknown,no
76,unemployed,single,secondary,no,1169,yes,no,cellular,25,nov,170,3,85,6,success,no
53,technician,married,primary,no,3869,yes,no,telephone,16,jun,426,13,385,3,failure,no
36,retired,single,secondary,no,213,yes,no,cellular,2,aug,9,19,-1,0,unknown,no
84,management,single,secondary,no,2062,no,no,cellular,13,aug,39,25,-1,0,unknown,no
36,entrepreneur,single,secondary,no,3356,yes,yes,cellular,8,may,26,14,-1,0,unknown,no
37,blue-collar,married,primary,no,2080,no,no,unknown,12,aug,68,8,-1,0,unknown,no
88,blue-collar,single,secondary,no,3449,yes,no,telephone,21,apr,49,29,-1,0,unknown,no
69,services,divorced,secondary,no,-3701,yes,no,cellular,26,sep,98,23,-1,0,unknown,no
50,entrepreneur,married,primary,no,1765,no,yes,cellular,6,jul,353,8,-1,0,unknown,no
57,admin.,married,secondary,no,2111,yes,no,unknown,3,nov,11,17,-1,0,unknown,no
56,technician,single,secondary,no,925,no,no,cellular,15,nov,19,25,-1,0,unknown,no
18,services,divorced,tertiary,no,-370,yes,no,unknown,8,may,214,21,-1,0,unknown,no
28,admin.,married,tertiary,no,2805,no,no,telephone,30,sep,189,29,-1,0,unknown,no
74,technician,married,primary,no,1790,no,no,unknown,2,jul,165,5,-1,0,unknown,no
67,housemaid,married,secondary,no,1264,no,yes,cellular,16,may,187,5,-1,0,unknown,no
40,unknown,married,primary,no,436,no,no,unknown,13,aug,349,25,121,2,failure,no
48,services,divorced,primary,no,554,yes,no,cellular,1,nov,221,21,-1,0,unknown,no
59,technician,single,secondary,no,-874,yes,yes,unknown,11,apr,157,2,-1,0,unknown,no
24,technician,single,secondary,no,-4,yes,no,cellular,28,nov,22,22,181,5,other,no
33,technician,married,unknown,no,-1395,yes,no,cellular,1,jul,949,23,-1,0,unknown,yes
77,admin.,single,secondary,no,260,yes,no,cellular,8,feb,70,11,-1,0,unknown,no
19,unknown,married,tertiary,no,2514,no,yes,unknown,2,jul,524,15,-1,0,unknown,no
18,technician,married,tertiary,no,3881,yes,no,cellular,13,aug,122,23,-1,0,unknown,no
65,management,married,tertiary,no,1268,no,no,cellular,29,jul,297,7,-1,0,unknown,no
29,admin.,married,primary,no,1185,no,no,cellular,21,aug,156,11,141,5,other,no
86,housemaid,married,secondary,no,1853,no,no,cellular,2,sep,112,2,-1,0,unknown,no
54,blue-collar,married,secondary,no,4372,no,no,unknown,27,sep,245,6,-1,0,unknown,no
49,unknown,married,primary,no,747,no,no,unknown,4,may,198,9,105,9,other,no
26,unemployed,married,primary,no,2810,yes,yes,cellular,25,may,68,17,-1,0,unknown,no
36,services,single,tertiary,no,2533,no,no,cellular,2,apr,105,19,-1,0,unknown,no
65,technician,married,unknown,no,-448,no,no,cellular,13,jul,9,12,99,8,failure,no
20,blue-collar,divorced,tertiary,no,3542,yes,no,cellular,4,nov,55,6,-1,0,unknown,no
37,services,married,secondary,no,-4794,yes,no,cellular,29,may,105,16,-1,0,unknown,no
41,retired,single,primary,no,4607,yes,no,cellular,26,may,923,23,-1,0,unknown,yes
71,admin.,divorced,secondary,no,-2160,yes,no,cellular,21,nov,193,2,-1,0,unknown,no
50,admin.,divorced,secondary,no,1004,no,no,cellular,26,aug,311,26,-1,0,unknown,no
41,retired,single,secondary,no,3908,yes,no,cellular,15,apr,288,24,-1,0,unknown,no
92,retired,married,tertiary,no,140,yes,no,cellular,29,may,1021,11,-1,0,unknown,yes
89,blue-collar,married,unknown,no,2124,yes,no,cellular,26,dec,209,15,-1,0,unknown,no
53,technician,married,secondary,no,3957,yes,yes,cellular,21,jun,227,29,-1,0,unknown,no
55,management,married,secondary,no,6966,yes,no,cellular,12,jul,92,6,-1,0,unknown,no
42,technician,married,tertiary,no,1376,yes,no,cellular,12,aug,253,28,4,3,other,no
35,admin.,single,primary,no,1961,no,no,unknown,5,jul,365,25,-1,0,unknown,no
83,management,married,tertiary,no,1543,yes,no,cellular,29,jun,28,9,341,1,other,no
71,technician,single,tertiary,no,758,no,no,unknown,10,may,168,9,-1,0,unknown,no
52,technician,divorced,tertiary,no,-2615,yes,no,cellular,26,aug,141,25,-1,0,unknown,no
78,services,single,secondary,no,-1940,no,no,cellular,2,nov,31,18,-1,0,unknown,no
58,technician,single,secondary,no,1379,no,no,unknown,8,nov,107,26,-1,0,unknown,no
50,admin.,single,secondary,no,2445,no,no,cellular,27,jul,197,13,-1,0,unknown,no
85,admin.,married,primary,no,5206,no,yes,cellular,5,jun,270,26,-1,0,unknown,no
50,technician,married,secondary,no,792,no,no,cellular,22,may,87,29,15,7,other,no
31,admin.,divorced,tertiary,no,6008,yes,no,unknown,8,apr,166,23,-1,0,unknown,no
38,blue-collar,divorced,secondary,no,-2191,yes,no,cellular,24,oct,341,5,-1,0,unknown,no
65,technician,divorced,secondary,no,2052,yes,no,cellular,13,may,141,25,-1,0,unknown,no
37,technician,married,secondary,no,620,yes,no,unknown,29,may,729,17,298,1,other,no
25,services,single,secondary,yes,-2515,yes,no,cellular,13,aug,8,26,-1,0,unknown,no
24,blue-collar,married,secondary,no,-3657,no,no,cellular,26,aug,77,23,-1,0,unknown,no
84,student,married,tertiary,no,117,yes,no,unknown,23,jul,36,26,-1,0,unknown,no
34,blue-collar,married,secondary,no,342,yes,no,cellular,15,aug,201,21,-1,0,unknown,no
50,blue-collar,married,tertiary,no,-1242,no,no,cellular,15,jul,50,11,-1,0,unknown,no
65,management,married,secondary,no,3706,no,no,unknown,24,may,349,9,-1,0,unknown,no
93,blue-collar,married,tertiary,no,204,no,no,unknown,26,dec,646,23,-1,0,unknown,yes
76,retired,married,tertiary,no,-1538,no,no,cellular,11,nov,59,20,346,1,failure,no
39,technician,married,unknown,no,713,yes,no,cellular,23,jun,612,27,-1,0,unknown,no
47,technician,single,secondary,no,-471,no,no,cellular,10,jul,257,24,-1,0,unknown,no
55,technician,single,secondary,no,6362,yes,no,cellular,6,may,56,9,-1,0,unknown,no
68,self-employed,married,primary,no,476,yes,no,cellular,5,jul,344,9,331,7,failure,no
71,retired,married,secondary,no,-1331,yes,no,unknown,5,aug,24,10,-1,0,unknown,no
25,blue-collar,single,primary,no,6357,no,no,cellular,8,may,303,20,-1,0,unknown,no
44,services,married,secondary,no,3597,yes,no,cellular,1,jun,509,6,-1,0,unknown,no
44,management,married,tertiary,no,1740,no,no,cellular,2,jul,774,4,-1,0,unknown,yes
38,admin.,single,secondary,no,-966,yes,no,unknown,17,dec,14,1,-1,0,unknown,no
47,technician,divorced,primary,no,3721,yes,no,cellular,29,may,16,6,-1,0,unknown,no
45,entrepreneur,married,tertiary,no,-2968,yes,no,cellular,26,aug,687,24,-1,0,unknown,no
81,retired,married,secondary,no,3501,yes,no,unknown,7,may,402,6,-1,0,unknown,no
86,services,married,secondary,no,2172,no,no,cellular,29,apr,384,29,-1,0,unknown,no
78,entrepreneur,married,secondary,no,4392,no,no,cellular,25,aug,350,12,-1,0,unknown,no
65,technician,married,tertiary,no,-5659,yes,no,unknown,23,jul,325,3,312,8,failure,no
36,unknown,married,secondary,no,-1339,no,no,cellular,9,jun,245,13,187,4,failure,no
21,services,married,secondary,no,-1577,no,no,cellular,4,jul,432,24,-1,0,unknown,no
52,services,divorced,tertiary,no,-1931,yes,no,unknown,7,sep,8,10,103,7,success,no
81,services,single,secondary,no,2697,no,no,cellular,28,aug,347,9,235,7,success,yes
66,admin.,single,secondary,no,536,no,yes,unknown,10,sep,225,17,178,9,other,no
34,admin.,single,secondary,no,-1191,yes,no,cellular,16,may,614,11,-1,0,unknown,no
61,blue-collar,married,tertiary,no,-1887,yes,no,unknown,10,aug,710,27,-1,0,unknown,no
47,student,single,unknown,no,-1461,yes,no,unknown,7,may,71,6,-1,0,unknown,no
63,entrepreneur,married,secondary,no,4019,yes,no,cellular,26,feb,401,10,-1,0,unknown,no
23,technician,married,tertiary,no,1221,yes,no,cellular,26,mar,811,24,-1,0,unknown,yes
54,retired,single,secondary,no,3916,no,no,cellular,2,aug,80,18,-1,0,unknown,no
41,admin.,single,secondary,no,9416,no,no,unknown,2,may,491,14,-1,0,unknown,yes
63,admin.,single,secondary,no,1368,yes,no,cellular,8,may,227,4,-1,0,unknown,no
70,blue-collar,married,secondary,no,-2829,yes,yes,cellular,14,jul,129,13,141,5,failure,no
77,retired,divorced,tertiary,no,1010,no,no,unknown,18,aug,447,1,-1,0,unknown,no
80,admin.,divorced,primary,no,7059,yes,no,cellular,1,jul,526,20,-1,0,unknown,no
49,admin.,married,primary,no,4682,no,no,telephone,17,aug,85,2,-1,0,unknown,no
50,unknown,married,secondary,no,-516,no,no,cellular,17,nov,408,3,-1,0,unknown,no
84,admin.,married,secondary,no,509,no,no,unknown,22,sep,13,20,179,6,other,no
35,management,divorced,unknown,no,3747,no,no,cellular,5,may,139,3,-1,0,unknown,no
42,management,married,secondary,no,2860,yes,yes,unknown,16,nov,18,6,-1,0,unknown,no
71,admin.,married,tertiary,no,3779,yes,no,cellular,7,may,89,29,-1,0,unknown,no
75,technician,married,secondary,no,704,no,no,cellular,15,jul,774,7,-1,0,unknown,yes
84,services,married,secondary,no,2587,no,yes,cellular,19,sep,342,11,-1,0,unknown,no
63,unemployed,single,secondary,no,506,yes,no,unknown,21,jul,363,7,-1,0,unknown,no
41,management,married,primary,no,5602,yes,no,unknown,2,aug,37,17,-1,0,unknown,no
49,blue-collar,divorced,primary,no,-3156,no,no,cellular,27,nov,223,21,-1,0,unknown,no
64,unknown,single,secondary,no,-3147,yes,no,telephone,16,nov,127,19,-1,0,unknown,no
40,unemployed,single,primary,no,-721,yes,no,cellular,25,may,341,12,-1,0,unknown,no
83,management,married,secondary,no,-613,no,no,unknown,9,dec,44,1,267,4,failure,no
44,management,married,secondary,no,-3157,yes,no,cellular,20,may,85,1,-1,0,unknown,no
19,blue-collar,married,tertiary,no,-3697,yes,no,cellular,18,jun,590,18,-1,0,unknown,no
34,blue-collar,married,tertiary,no,4627,no,yes,cellular,10,aug,48,10,134,2,success,no
50,management,married,secondary,no,920,no,no,cellular,24,nov,258,24,123,5,failure,no
26,blue-collar,divorced,secondary,no,693,yes,no,unknown,20,mar,97,20,-1,0,unknown,no
60,admin.,married,unknown,no,1590,yes,no,unknown,21,nov,22,26,-1,0,unknown,no
65,management,married,primary,no,6216,no,no,cellular,4,dec,65,3,-1,0,unknown,no
56,technician,married,primary,no,1770,yes,yes,unknown,30,nov,525,14,359,4,other,no
59,admin.,married,secondary,no,1088,yes,no,cellular,2,apr,622,8,-1,0,unknown,no
43,admin.,divorced,tertiary,no,-490,yes,no,unknown,30,sep,140,16,-1,0,unknown,no
67,blue-collar,married,secondary,no,3218,no,no,cellular,14,jul,250,18,-1,0,unknown,no
42,retired,married,unknown,no,1228,no,no,unknown,22,jan,189,9,-1,0,unknown,no
41,technician,single,secondary,no,6378,no,no,unknown,1,dec,84,4,-1,0,unknown,no
30,management,married,secondary,no,939,no,no,cellular,28,may,109,27,-1,0,unknown,no
77,management,married,secondary,no,4444,no,no,cellular,8,may,193,25,-1,0,unknown,no
24,technician,married,primary,no,-711,yes,no,cellular,11,feb,306,1,-1,0,unknown,no
74,blue-collar,married,tertiary,no,-740,no,no,cellular,1,may,111,21,-1,0,unknown,no
53,unemployed,married,secondary,no,-4058,no,no,cellular,5,jul,309,26,-1,0,unknown,no
62,entrepreneur,married,tertiary,no,3805,yes,yes,cellular,25,nov,836,23,-1,0,unknown,yes
37,blue-collar,single,primary,no,1307,yes,no,cellular,13,dec,6,14,-1,0,unknown,no
82,management,married,secondary,no,3340,no,no,cellular,17,may,46,11,-1,0,unknown,no
25,admin.,single,primary,no,6510,yes,no,cellular,10,may,639,4,-1,0,unknown,yes
33,technician,single,primary,no,-1118,yes,no,cellular,23,may,19,28,-1,0,unknown,no
31,admin.,married,secondary,no,-1571,no,no,cellular,30,jun,373,28,80,4,other,no
93,unknown,married,secondary,no,-939,no,no,cellular,7,nov,252,21,18,3,other,no
32,technician,married,secondary,no,-4888,no,yes,cellular,13,may,12,16,-1,0,unknown,no
83,technician,single,secondary,no,842,yes,no,cellular,21,may,0,27,-1,0,unknown,no
49,self-employed,single,secondary,no,4074,yes,no,cellular,4,nov,179,9,389,1,success,no
80,unknown,single,tertiary,no,1569,no,yes,cellular,25,jul,32,22,-1,0,unknown,no
68,unemployed,married,tertiary,no,-3290,no,yes,cellular,21,may,530,29,-1,0,unknown,no
42,admin.,divorced,secondary,no,351,yes,no,cellular,13,aug,169,14,-1,0,unknown,no
75,admin.,married,tertiary,no,1797,no,no,cellular,1,apr,68,6,-1,0,unknown,no
80,services,married,tertiary,no,4309,yes,no,unknown,25,sep,47,2,-1,0,unknown,no
79,technician,married,primary,no,3811,no,no,cellular,11,jun,466,1,-1,0,unknown,no
39,admin.,married,secondary,no,385,no,no,cellular,28,aug,327,20,-1,0,unknown,no
75,management,married,tertiary,no,380,no,no,unknown,21,jun,326,26,-1,0,unknown,no
75,unknown,single,primary,no,3204,no,yes,unknown,9,may,23,19,-1,0,unknown,no
66,services,single,secondary,no,-357,no,no,cellular,13,jul,252,27,-1,0,unknown,no
69,blue-collar,single,secondary,no,3988,no,no,unknown,11,may,525,23,-1,0,unknown,no
59,blue-collar,married,secondary,no,-554,yes,no,cellular,27,may,374,7,-1,0,unknown,no
87,technician,single,primary,yes,6075,yes,yes,telephone,8,jul,32,22,-1,0,unknown,no
32,blue-collar,married,secondary,no,2127,yes,yes,unknown,29,may,769,15,-1,0,unknown,yes
71,technician,married,primary,no,-4456,yes,no,unknown,28,aug,18,5,-1,0,unknown,no
77,admin.,married,primary,no,3343,yes,no,cellular,26,jul,210,3,189,5,failure,no
25,blue-collar,married,secondary,no,2186,no,no,unknown,7,may,748,15,-1,0,unknown,yes
70,admin.,married,tertiary,no,2880,no,no,cellular,29,may,445,4,316,7,failure,no
77,unknown,married,secondary,no,8177,no,no,unknown,27,nov,294,29,-1,0,unknown,no
22,technician,married,secondary,no,638,yes,no,cellular,28,mar,500,5,-1,0,unknown,no
85,blue-collar,divorced,tertiary,no,-3235,no,no,unknown,22,aug,288,4,-1,0,unknown,no
23,management,married,tertiary,no,5224,yes,no,cellular,25,may,14,3,-1,0,unknown,no
64,admin.,divorced,secondary,no,-3916,no,no,cellular,30,may,111,2,-1,0,unknown,no
72,admin.,single,primary,no,-817,no,no,telephone,28,jul,143,5,324,2,failure,no
57,blue-collar,married,secondary,no,1548,no,no,cellular,20,sep,203,18,-1,0,unknown,no
69,entrepreneur,single,secondary,no,-1274,yes,yes,cellular,15,aug,67,2,-1,0,unknown,no
33,housemaid,married,secondary,no,1230,no,no,cellular,15,jul,549,15,-1,0,unknown,no
30,management,single,secondary,no,1014,no,no,cellular,21,jun,66,18,-1,0,unknown,no
47,unemployed,married,unknown,no,6029,yes,no,cellular,12,jun,276,18,-1,0,unknown,no
36,blue-collar,divorced,tertiary,no,-5843,yes,no,cellular,17,jun,539,8,-1,0,unknown,no
34,blue-collar,single,tertiary,no,1684,yes,no,cellular,23,may,340,12,-1,0,unknown,no
80,management,single,tertiary,no,-1340,yes,no,unknown,6,jul,37,23,67,4,failure,no
36,blue-collar,single,secondary,no,-265,no,no,cellular,13,may,780,9,-1,0,unknown,no
75,entrepreneur,married,secondary,no,3462,yes,no,cellular,16,jul,24,19,-1,0,unknown,no
72,management,married,tertiary,no,2976,no,no,cellular,27,jul,57,1,-1,0,unknown,no
79,entrepreneur,married,primary,no,2450,no,no,unknown,23,nov,38,22,-1,0,unknown,no
40,blue-collar,married,primary,no,-2351,no,no,unknown,1,jun,283,25,-1,0,unknown,no
26,technician,married,secondary,no,4980,yes,no,unknown,13,jul,424,29,-1,0,unknown,no
29,admin.,divorced,secondary,no,-1205,no,no,telephone,7,jul,70,17,-1,0,unknown,no
18,services,married,secondary,no,5581,no,no,cellular,13,jul,999,1,-1,0,unknown,yes
75,retired,divorced,secondary,no,-526,no,yes,cellular,7,may,38,20,-1,0,unknown,no
18,housemaid,single,secondary,no,4514,no,no,cellular,8,may,97,26,-1,0,unknown,no
51,admin.,married,tertiary,no,1727,yes,no,unknown,18,jul,173,17,-1,0,unknown,no
65,entrepreneur,divorced,secondary,no,-3600,no,no,unknown,17,sep,426,25,-1,0,unknown,no
18,student,married,tertiary,no,355,no,no,cellular,16,aug,121,6,-1,0,unknown,no
33,technician,divorced,tertiary,no,6529,yes,yes,cellular,28,jun,51,5,-1,0,unknown,no
78,housemaid,married,secondary,no,3892,yes,no,cellular,17,may,161,27,-1,0,unknown,no
81,unknown,married,tertiary,no,116,no,no,cellular,8,aug,166,5,-1,0,unknown,no
80,blue-collar,married,secondary,no,5332,yes,yes,telephone,7,nov,4,11,-1,0,unknown,no
86,unemployed,married,tertiary,no,2267,no,no,unknown,25,may,5,11,-1,0,unknown,no
39,unknown,married,primary,no,6350,yes,no,unknown,18,aug,83,11,-1,0,unknown,no
84,blue-collar,married,tertiary,no,1184,no,no,unknown,4,may,348,12,-1,0,unknown,no
93,services,married,primary,no,546,no,yes,cellular,24,nov,117,12,-1,0,unknown,no
43,housemaid,divorced,secondary,no,4386,no,yes,cellular,22,jul,61,2,-1,0,unknown,no
33,blue-collar,married,tertiary,no,2177,no,no,cellular,2,may,30,3,229,6,failure,no
68,retired,married,tertiary,no,3094,no,no,cellular,16,feb,84,28,-1,0,unknown,no
74,technician,single,tertiary,yes,-1165,no,yes,cellular,26,aug,169,7,-1,0,unknown,no
46,blue-collar,single,primary,no,4935,no,no,cellular,18,jul,25,20,-1,0,unknown,no
86,admin.,divorced,tertiary,no,4368,no,no,unknown,23,jul,3,14,-1,0,unknown,no
64,unknown,married,tertiary,no,5476,yes,no,cellular,25,jun,35,22,40,1,other,no
79,services,married,secondary,no,-2657,no,no,cellular,8,jul,345,16,-1,0,unknown,no
86,admin.,married,secondary,no,-2066,yes,no,cellular,14,sep,162,24,-1,0,unknown,no
93,management,married,tertiary,no,-818,no,no,cellular,18,nov,151,14,-1,0,unknown,no
33,admin.,divorced,tertiary,no,703,yes,yes,cellular,19,may,5,17,-1,0,unknown,no
65,blue-collar,married,unknown,no,-2576,yes,no,unknown,24,jun,320,15,-1,0,unknown,no
56,self-employed,divorced,secondary,no,3333,yes,no,unknown,4,may,58,11,65,9,other,no
50,housemaid,married,secondary,no,107,yes,no,unknown,22,may,24,13,-1,0,unknown,no
40,admin.,divorced,tertiary,no,5189,yes,yes,cellular,28,aug,476,6,-1,0,unknown,yes
27,admin.,married,primary,no,7718,yes,no,unknown,14,may,171,17,-1,0,unknown,no
86,entrepreneur,divorced,primary,no,-360,no,no,cellular,2,may,356,12,-1,0,unknown,no
51,unknown,divorced,secondary,no,-879,yes,no,telephone,30,sep,445,28,-1,0,unknown,no
69,management,divorced,secondary,no,3663,yes,no,unknown,17,jan,862,28,363,7,failure,no
27,management,married,secondary,no,1712,no,no,unknown,6,sep,252,24,-1,0,unknown,no
36,services,married,secondary,no,2531,yes,yes,cellular,8,may,18,4,-1,0,unknown,no
75,self-employed,single,unknown,no,5410,no,no,cellular,29,may,210,21,-1,0,unknown,no
18,blue-collar,married,secondary,no,606,yes,no,cellular,16,may,183,10,267,2,failure,no
86,technician,married,secondary,no,-1775,no,yes,cellular,21,oct,15,18,-1,0,unknown,no
21,technician,married,secondary,no,-2269,yes,no,cellular,1,nov,94,19,-1,0,unknown,no
33,self-employed,married,secondary,no,890,yes,no,cellular,26,jul,137,7,-1,0,unknown,no
41,admin.,married,primary,no,366,no,no,unknown,18,jun,45,23,224,3,success,no
19,services,married,secondary,no,4016,yes,no,telephone,3,jun,2,12,-1,0,unknown,no
49,retired,married,secondary,no,5599,no,no,unknown,29,jul,364,11,-1,0,unknown,no
41,technician,married,unknown,no,5587,yes,no,unknown,29,nov,492,24,-1,0,unknown,no
29,admin.,married,secondary,no,-681,no,no,cellular,28,nov,67,29,-1,0,unknown,no
67,entrepreneur,married,tertiary,no,-987,no,yes,unknown,18,sep,0,3,-1,0,unknown,no
52,self-employed,married,secondary,no,-4018,yes,no,telephone,25,jul,569,2,-1,0,unknown,no
50,entrepreneur,divorced,tertiary,no,1431,no,no,cellular,10,may,37,2,-1,0,unknown,no
50,self-employed,divorced,secondary,no,4076,yes,no,cellular,2,may,133,22,148,7,other,no
78,retired,divorced,secondary,no,-698,no,no,unknown,19,jul,117,2,-1,0,unknown,no
68,entrepreneur,divorced,secondary,no,-3018,no,no,unknown,30,may,46,27,-1,0,unknown,no
60,services,married,secondary,no,7079,yes,no,cellular,30,apr,235,15,-1,0,unknown,no
29,blue-collar,single,tertiary,no,-693,yes,yes,cellular,25,jun,646,4,351,2,success,yes
84,unknown,married,secondary,no,1084,no,no,unknown,11,jul,186,25,85,3,other,no
82,technician,single,tertiary,no,22,no,no,cellular,19,jul,931,26,-1,0,unknown,yes
50,services,married,primary,no,-2578,no,yes,unknown,24,apr,54,3,-1,0,unknown,no
57,management,single,secondary,no,4127,no,no,cellular,24,jun,486,17,-1,0,unknown,no
91,technician,married,secondary,no,-3824,yes,no,cellular,27,jul,76,2,350,9,failure,no
60,admin.,married,primary,no,4795,no,no,cellular,30,nov,74,26,-1,0,unknown,no
61,entrepreneur,single,tertiary,no,2226,no,no,cellular,3,feb,32,29,-1,0,unknown,no
46,unknown,married,secondary,no,615,yes,no,unknown,10,jul,514,10,-1,0,unknown,no
30,management,married,secondary,no,666,yes,no,unknown,16,apr,333,7,63,8,failure,no
29,admin.,married,secondary,no,2784,no,no,unknown,30,may,107,9,278,3,other,no
63,admin.,married,secondary,no,-506,no,yes,unknown,30,may,110,25,-1,0,unknown,no
19,self-employed,married,primary,no,1952,yes,no,cellular,28,may,480,20,182,4,failure,no
52,management,divorced,tertiary,no,-1242,no,no,cellular,26,aug,677,15,-1,0,unknown,no
25,services,married,tertiary,no,-5031,yes,no,unknown,3,sep,237,8,-1,0,unknown,no
43,management,married,secondary,no,3272,no,yes,cellular,24,may,134,17,255,7,other,no
91,services,married,secondary,no,8733,yes,no,telephone,19,jun,14,27,-1,0,unknown,no
51,management,single,primary,no,3120,yes,no,cellular,20,may,34,11,-1,0,unknown,no
24,housemaid,single,secondary,no,1279,yes,no,cellular,21,jun,39,16,6,9,other,no
85,blue-collar,single,secondary,no,232,no,yes,unknown,7,may,83,22,-1,0,unknown,no
75,blue-collar,single,secondary,no,326,yes,no,cellular,17,may,76,24,215,4,other,no
92,services,divorced,tertiary,no,231,no,no,cellular,8,may,201,18,230,8,success,yes
46,blue-collar,single,secondary,no,2018,yes,yes,telephone,3,aug,744,24,-1,0,unknown,no
53,blue-collar,single,secondary,no,-5737,no,no,cellular,7,apr,510,4,133,9,failure,no
38,admin.,married,primary,no,-6258,yes,no,cellular,27,jul,183,18,-1,0,unknown,no
53,retired,single,tertiary,no,2775,yes,no,unknown,10,may,4,20,-1,0,unknown,no
27,technician,married,secondary,no,824,yes,no,cellular,27,aug,18,8,-1,0,unknown,no
90,entrepreneur,single,tertiary,no,-1535,yes,no,unknown,19,may,507,15,-1,0,unknown,no
41,management,single,secondary,no,-1617,no,no,cellular,25,mar,86,13,20,7,failure,no
81,unknown,single,secondary,no,-251,yes,no,unknown,15,jun,98,4,-1,0,unknown,no
66,admin.,single,tertiary,no,166,yes,no,cellular,26,dec,38,29,-1,0,unknown,no
53,unemployed,married,secondary,no,5692,yes,yes,unknown,15,aug,65,14,373,7,failure,no
41,blue-collar,married,secondary,yes,-1788,yes,no,cellular,5,jul,73,15,-1,0,unknown,no
40,unemployed,married,tertiary,no,3713,yes,no,cellular,3,may,137,15,-1,0,unknown,no
79,services,divorced,primary,no,3192,yes,no,cellular,3,apr,251,24,351,1,failure,no
54,management,single,tertiary,no,793,no,no,unknown,29,aug,112,23,-1,0,unknown,no
29,entrepreneur,single,secondary,no,3716,yes,no,cellular,4,aug,154,5,-1,0,unknown,no
72,technician,single,secondary,no,2747,no,yes,cellular,15,jun,51,24,-1,0,unknown,no
30,technician,single,secondary,no,-2346,yes,no,telephone,16,may,14,15,-1,0,unknown,no
40,retired,divorced,secondary,no,-357,yes,yes,unknown,5,aug,110,18,-1,0,unknown,no
47,retired,single,secondary,no,2585,no,no,cellular,21,jul,16,3,-1,0,unknown,no
34,technician,single,tertiary,no,-371,no,no,cellular,8,may,91,20,-1,0,unknown,no
79,technician,single,secondary,no,3254,yes,no,unknown,10,may,468,10,-1,0,unknown,no
30,technician,married,secondary,no,4909,yes,no,cellular,22,apr,117,5,-1,0,unknown,no
76,unemployed,single,secondary,no,1340,yes,no,cellular,21,jul,55,5,-1,0,unknown,no
36,blue-collar,married,secondary,no,-395,no,no,unknown,2,aug,599,15,-1,0,unknown,no
66,housemaid,married,unknown,no,-736,no,no,cellular,14,aug,263,1,-1,0,unknown,no
29,unknown,single,secondary,no,329,no,no,cellular,5,aug,1146,1,-1,0,unknown,yes
78,management,married,primary,no,119,yes,no,cellular,7,nov,92,16,274,1,failure,no
36,admin.,divorced,primary,no,4014,no,no,cellular,11,may,57,28,-1,0,unknown,no
93,admin.,married,primary,no,-337,no,no,cellular,3,may,91,27,-1,0,unknown,no
26,technician,married,secondary,no,894,no,no,cellular,30,apr,431,17,349,5,other,no
88,unknown,married,primary,no,3761,yes,yes,unknown,12,nov,42,14,-1,0,unknown,no
45,retired,married,secondary,no,432,yes,no,cellular,14,jul,71,15,180,7,success,no
69,technician,married,secondary,no,89,no,no,unknown,23,aug,312,14,323,3,failure,no
33,management,married,secondary,no,4036,no,no,unknown,29,jul,345,21,-1,0,unknown,no
86,blue-collar,married,secondary,no,4902,yes,yes,cellular,1,may,823,2,-1,0,unknown,yes
29,blue-collar,married,secondary,no,1537,no,no,unknown,29,may,1011,3,265,4,failure,yes
42,technician,married,secondary,no,6404,no,yes,cellular,22,sep,281,24,363,4,failure,no
69,unknown,single,secondary,no,1919,yes,no,cellular,16,apr,116,12,-1,0,unknown,no
70,retired,married,tertiary,no,4051,yes,no,cellular,15,nov,155,26,382,7,failure,no
40,technician,single,secondary,no,7287,yes,yes,unknown,1,may,149,24,316,2,failure,no
33,self-employed,single,tertiary,no,-464,yes,no,cellular,23,jan,126,28,-1,0,unknown,no
74,admin.,married,unknown,no,-141,no,no,cellular,22,apr,106,26,-1,0,unknown,no
56,self-employed,divorced,secondary,no,3820,yes,no,telephone,13,oct,47,2,-1,0,unknown,no
70,unknown,single,tertiary,no,940,no,yes,cellular,26,apr,117,8,-1,0,unknown,no
59,blue-collar,single,unknown,no,-1400,yes,no,cellular,27,may,898,27,-1,0,unknown,yes
75,unemployed,married,secondary,no,374,yes,no,cellular,15,may,551,12,-1,0,unknown,no
56,services,single,secondary,no,-2822,no,yes,cellular,17,feb,247,9,-1,0,unknown,no
31,unknown,single,primary,no,1495,no,no,cellular,9,jul,55,26,-1,0,unknown,no
22,retired,married,primary,no,1911,yes,no,cellular,5,dec,544,14,107,1,failure,no
52,blue-collar,married,tertiary,no,4676,no,yes,cellular,27,sep,96,26,-1,0,unknown,no
92,unknown,married,secondary,no,4963,yes,no,unknown,23,may,203,6,-1,0,unknown,no
35,unknown,single,primary,no,470,yes,no,cellular,12,oct,626,17,-1,0,unknown,no
93,housemaid,married,secondary,no,7744,no,no,cellular,17,jun,105,11,18,9,failure,no
26,services,single,secondary,no,-1799,yes,no,unknown,11,may,631,27,-1,0,unknown,no
91,unknown,married,secondary,no,-2778,no,no,cellular,11,jul,69,19,-1,0,unknown,no
75,blue-collar,single,secondary,no,-2304,no,no,cellular,24,may,681,21,-1,0,unknown,no
34,unknown,married,tertiary,no,-2091,yes,no,cellular,8,sep,114,13,-1,0,unknown,no
24,blue-collar,married,primary,no,3696,no,no,cellular,15,jul,121,3,41,3,failure,no
63,services,married,tertiary,no,6468,yes,no,cellular,25,may,207,3,-1,0,unknown,no
30,services,married,secondary,no,6591,no,yes,cellular,2,jul,109,25,75,2,other,no
57,retired,married,tertiary,no,-4231,yes,yes,cellular,22,jun,154,21,-1,0,unknown,no
59,entrepreneur,married,tertiary,no,3992,no,no,cellular,10,jun,179,14,-1,0,unknown,no
26,services,married,secondary,no,6003,no,no,cellular,21,may,174,8,-1,0,unknown,no
67,retired,divorced,primary,no,4415,yes,no,cellular,22,jun,837,7,69,5,other,yes
44,services,single,primary,no,-478,no,no,cellular,14,jul,85,4,213,7,failure,no
83,entrepreneur,married,tertiary,no,1927,yes,no,telephone,5,aug,86,3,-1,0,unknown,no
22,management,married,secondary,no,-1432,no,no,unknown,27,nov,469,19,-1,0,unknown,no
46,admin.,married,tertiary,no,3664,no,no,cellular,17,mar,128,27,-1,0,unknown,no
54,technician,single,primary,no,-2968,yes,no,cellular,18,jul,19,2,-1,0,unknown,no
55,admin.,married,secondary,no,3478,yes,no,cellular,19,aug,169,5,270,6,failure,no
25,management,married,primary,no,-708,yes,yes,cellular,7,apr,206,12,-1,0,unknown,no
82,admin.,married,secondary,no,2511,yes,no,unknown,26,nov,248,2,-1,0,unknown,no
34,admin.,single,tertiary,no,661,yes,no,cellular,25,may,69,18,-1,0,unknown,no
88,unknown,married,tertiary,no,340,yes,no,cellular,18,aug,934,15,-1,0,unknown,yes
62,student,single,tertiary,no,4262,yes,no,unknown,12,jul,344,16,-1,0,unknown,no
21,management,married,primary,no,6001,no,no,cellular,15,jul,328,12,208,7,other,no
53,unknown,married,secondary,no,-1172,yes,no,unknown,29,sep,532,12,79,3,other,no
87,admin.,married,secondary,no,1981,yes,no,cellular,14,nov,6,28,-1,0,unknown,no
48,blue-collar,married,tertiary,no,-1837,yes,no,unknown,10,dec,245,4,-1,0,unknown,no
36,blue-collar,married,secondary,no,40,no,no,unknown,17,jul,439,22,-1,0,unknown,no
78,management,married,secondary,no,-758,no,no,unknown,1,may,9,28,-1,0,unknown,no
71,management,married,secondary,no,-2355,yes,no,unknown,4,sep,364,22,-1,0,unknown,no
56,management,married,secondary,no,4599,no,no,cellular,9,jul,1180,8,-1,0,unknown,yes
91,management,married,tertiary,no,1732,no,no,cellular,4,may,232,11,-1,0,unknown,no
36,blue-collar,divorced,tertiary,no,-217,no,no,cellular,19,nov,142,22,-1,0,unknown,no
56,technician,married,secondary,no,1247,no,no,unknown,26,aug,155,22,-1,0,unknown,no
84,technician,single,secondary,no,5010,yes,no,cellular,24,jun,293,4,-1,0,unknown,no
62,technician,married,secondary,no,4504,yes,yes,cellular,25,jun,217,12,-1,0,unknown,no
30,technician,married,secondary,no,3096,yes,yes,cellular,5,dec,399,21,-1,0,unknown,no
75,retired,married,secondary,no,-586,no,no,cellular,18,may,141,27,-1,0,unknown,no
37,admin.,married,secondary,no,1780,yes,no,cellular,15,apr,139,23,-1,0,unknown,no
89,student,married,tertiary,no,-1850,no,no,cellular,20,jul,353,10,-1,0,unknown,no
78,technician,married,tertiary,no,1160,yes,no,cellular,26,oct,267,27,-1,0,unknown,no
56,technician,single,secondary,no,4355,yes,yes,cellular,8,jul,388,9,-1,0,unknown,no
18,blue-collar,married,tertiary,no,4911,no,no,unknown,2,aug,562,16,258,8,failure,no
20,admin.,married,primary,no,-506,no,no,cellular,25,mar,78,4,228,8,failure,no
94,blue-collar,married,secondary,yes,3919,no,no,unknown,13,jul,97,26,-1,0,unknown,no
79,blue-collar,married,secondary,no,3303,yes,no,cellular,27,apr,193,17,-1,0,unknown,no
80,technician,single,tertiary,no,700,no,no,telephone,13,jul,687,22,296,5,other,yes
42,admin.,married,secondary,no,3660,yes,no,unknown,30,jun,464,18,-1,0,unknown,no
73,services,married,tertiary,no,5100,no,yes,unknown,28,nov,163,27,-1,0,unknown,no
50,admin.,married,primary,no,3973,yes,no,cellular,14,may,219,7,-1,0,unknown,no
55,admin.,married,secondary,no,-1739,no,no,unknown,15,jan,321,22,-1,0,unknown,no
23,technician,single,tertiary,no,587,no,no,cellular,29,may,190,9,-1,0,unknown,no
75,technician,single,tertiary,no,2620,no,yes,cellular,21,may,26,6,-1,0,unknown,no
61,retired,married,secondary,no,-988,no,no,cellular,12,may,112,22,274,3,success,no
62,blue-collar,married,secondary,no,6095,no,no,cellular,23,aug,12,20,-1,0,unknown,no
49,blue-collar,single,primary,no,2362,yes,no,cellular,5,may,285,28,-1,0,unknown,no
62,technician,married,primary,no,61,no,no,cellular,3,sep,106,25,-1,0,unknown,no
78,technician,married,tertiary,no,-126,yes,no,cellular,18,may,345,3,-1,0,unknown,no
64,student,single,primary,no,-663,yes,no,telephone,3,sep,144,15,-1,0,unknown,no
38,retired,married,secondary,no,3539,no,no,cellular,14,jan,12,1,-1,0,unknown,no
92,student,married,secondary,no,3896,no,no,unknown,2,nov,123,27,-1,0,unknown,no
53,services,married,secondary,no,-569,yes,no,cellular,18,aug,63,26,-1,0,unknown,no
36,blue-collar,single,secondary,no,5829,yes,no,cellular,13,may,62,24,-1,0,unknown,no
37,retired,married,primary,no,261,yes,yes,unknown,2,jul,122,24,383,3,failure,no
74,services,divorced,unknown,no,-968,no,no,cellular,12,nov,988,27,-1,0,unknown,yes
35,management,single,primary,no,2853,yes,no,cellular,27,jul,830,17,-1,0,unknown,yes
64,management,married,tertiary,no,-2176,yes,no,cellular,2,may,419,9,-1,0,unknown,no
66,technician,married,secondary,no,-2673,yes,no,cellular,8,jul,72,2,-1,0,unknown,no
31,services,married,secondary,no,-1437,yes,no,cellular,29,sep,372,6,-1,0,unknown,no
32,entrepreneur,married,secondary,no,-933,no,yes,cellular,5,dec,3,25,-1,0,unknown,no
48,self-employed,single,tertiary,no,3670,no,no,cellular,29,jul,14,16,-1,0,unknown,no
18,services,married,secondary,no,-2466,yes,no,cellular,25,may,466,13,-1,0,unknown,no
71,services,married,primary,no,2528,yes,yes,cellular,11,aug,214,6,-1,0,unknown,no
20,technician,single,primary,yes,3946,no,no,unknown,13,dec,120,23,35,6,failure,no
33,blue-collar,married,secondary,no,5756,no,no,cellular,28,jun,348,15,43,4,other,no
74,services,single,secondary,no,-53,yes,no,cellular,21,may,31,25,-1,0,unknown,no
92,unknown,single,tertiary,no,184,yes,no,cellular,17,jul,87,5,-1,0,unknown,no
29,services,married,secondary,no,7531,no,no,cellular,24,may,335,17,169,7,success,yes
91,management,married,tertiary,no,5481,no,yes,cellular,16,nov,59,9,320,1,failure,no
33,blue-collar,single,tertiary,no,598,no,no,cellular,19,aug,236,26,-1,0,unknown,no
89,entrepreneur,single,secondary,no,4862,yes,no,unknown,26,apr,153,13,-1,0,unknown,no
93,management,married,secondary,no,2164,no,no,cellular,27,nov,58,7,-1,0,unknown,no
41,management,married,secondary,no,1470,no,no,cellular,26,nov,565,16,187,6,failure,no
45,unknown,married,primary,no,8871,no,no,unknown,15,may,147,8,85,1,other,no
25,admin.,married,secondary,no,4646,no,no,cellular,18,jul,235,18,-1,0,unknown,no
53,self-employed,married,primary,no,7082,yes,no,cellular,29,apr,75,5,327,3,other,no
25,technician,married,tertiary,no,-1764,no,yes,cellular,6,apr,109,13,-1,0,unknown,no
75,unemployed,married,tertiary,no,6814,yes,no,unknown,4,jun,12,24,-1,0,unknown,no
77,blue-collar,married,secondary,no,952,no,no,cellular,4,mar,170,23,-1,0,unknown,no
67,services,divorced,tertiary,no,914,no,no,telephone,30,sep,109,7,-1,0,unknown,no
45,student,single,tertiary,no,2591,no,no,cellular,13,nov,103,20,194,7,failure,no
58,admin.,married,tertiary,no,2959,yes,no,cellular,9,apr,569,13,81,5,failure,yes
81,technician,married,tertiary,no,4587,yes,no,cellular,10,mar,313,2,-1,0,unknown,no
44,retired,married,tertiary,no,4072,yes,no,unknown,14,may,157,26,-1,0,unknown,no
80,services,married,primary,no,-537,yes,no,cellular,28,nov,56,19,-1,0,unknown,no
34,blue-collar,divorced,secondary,no,-1567,yes,no,cellular,8,aug,934,14,-1,0,unknown,yes
90,admin.,married,primary,no,848,no,no,unknown,3,jul,20,14,244,8,other,no
50,admin.,divorced,secondary,no,1381,yes,yes,unknown,9,aug,37,9,-1,0,unknown,no
94,admin.,married,primary,no,1689,yes,no,cellular,29,may,81,4,-1,0,unknown,no
46,technician,single,primary,no,5522,no,yes,cellular,1,may,797,17,-1,0,unknown,yes
30,management,married,secondary,no,1975,no,yes,unknown,15,may,84,26,-1,0,unknown,no
63,blue-collar,married,tertiary,no,9333,yes,no,cellular,15,jul,174,20,-1,0,unknown,no
52,self-employed,married,tertiary,no,5759,yes,no,cellular,28,jul,369,29,-1,0,unknown,yes
23,housemaid,single,secondary,no,517,yes,no,unknown,30,may,683,16,-1,0,unknown,no
86,technician,single,secondary,no,-3904,yes,no,cellular,7,jun,239,24,-1,0,unknown,no
64,management,single,secondary,no,8586,no,no,cellular,15,aug,125,8,-1,0,unknown,no
42,technician,single,primary,no,574,no,no,cellular,7,may,1092,26,-1,0,unknown,yes
83,technician,single,primary,no,4208,no,no,cellular,13,apr,6,15,-1,0,unknown,no
27,management,married,tertiary,no,-579,no,no,unknown,12,may,460,26,-1,0,unknown,no
73,admin.,married,tertiary,no,6217,no,no,unknown,18,may,83,18,95,4,other,no
47,technician,single,tertiary,no,3965,no,no,cellular,7,jul,438,10,-1,0,unknown,no
22,unknown,single,secondary,no,-1839,no,no,unknown,7,apr,45,4,-1,0,unknown,no
50,management,single,secondary,no,-4442,yes,no,cellular,15,oct,109,7,399,2,failure,no
82,management,married,tertiary,no,1988,yes,yes,cellular,9,apr,14,24,-1,0,unknown,no
35,admin.,married,primary,no,2913,yes,no,unknown,6,jul,57,17,-1,0,unknown,no
66,technician,divorced,tertiary,no,3710,no,yes,cellular,26,nov,238,8,-1,0,unknown,no
28,student,married,tertiary,no,-911,no,no,cellular,27,apr,369,1,-1,0,unknown,no
43,technician,married,tertiary,no,-509,yes,no,unknown,26,may,624,22,-1,0,unknown,no
80,management,single,secondary,no,-4247,no,no,cellular,9,may,32,21,-1,0,unknown,no
76,admin.,divorced,tertiary,no,-234,yes,no,telephone,19,may,39,10,-1,0,unknown,no
44,management,married,secondary,no,-3471,no,no,unknown,24,jul,720,15,-1,0,unknown,no
66,admin.,single,secondary,no,-715,yes,yes,unknown,20,may,374,23,-1,0,unknown,no
94,entrepreneur,divorced,tertiary,no,2406,yes,no,telephone,30,feb,200,6,295,6,success,no
50,entrepreneur,divorced,tertiary,no,2363,yes,no,cellular,16,nov,167,10,-1,0,unknown,no
18,unemployed,divorced,secondary,no,-600,yes,no,cellular,16,aug,44,1,-1,0,unknown,no
38,technician,married,tertiary,no,2238,yes,no,cellular,27,may,123,6,170,6,other,no
72,housemaid,married,tertiary,no,5856,no,no,cellular,1,jun,120,13,-1,0,unknown,no
23,retired,married,tertiary,no,587,yes,yes,cellular,23,apr,269,3,-1,0,unknown,no
86,services,married,primary,no,-2415,no,no,cellular,13,feb,235,12,28,5,failure,no
22,blue-collar,married,secondary,no,3778,yes,yes,cellular,19,mar,15,15,-1,0,unknown,no
20,admin.,married,unknown,no,4698,yes,no,cellular,4,aug,486,22,-1,0,unknown,no
70,technician,married,tertiary,no,-667,no,no,cellular,19,jun,715,7,-1,0,unknown,yes
40,blue-collar,married,tertiary,no,-645,yes,no,telephone,22,sep,390,6,-1,0,unknown,no
70,technician,married,tertiary,no,-4527,no,no,cellular,10,may,50,9,-1,0,unknown,no
54,blue-collar,single,secondary,no,39,yes,no,unknown,13,aug,48,16,-1,0,unknown,no
91,services,married,secondary,no,-1346,yes,no,unknown,1,apr,334,12,-1,0,unknown,no
91,housemaid,married,tertiary,no,-3146,yes,no,cellular,13,jul,149,9,-1,0,unknown,no
34,unknown,married,tertiary,no,327,yes,no,cellular,10,may,389,8,-1,0,unknown,no
90,self-employed,married,tertiary,no,1407,yes,no,unknown,15,may,20,5,-1,0,unknown,no
18,technician,divorced,secondary,no,858,no,no,cellular,29,aug,325,26,-1,0,unknown,no
68,technician,married,secondary,no,450,no,no,cellular,15,mar,142,3,-1,0,unknown,no
62,management,married,secondary,no,5995,yes,no,cellular,7,nov,8,4,-1,0,unknown,no
94,admin.,married,tertiary,no,2344,no,yes,cellular,26,aug,203,11,392,2,failure,no
21,admin.,married,secondary,no,3374,yes,yes,cellular,14,may,309,10,-1,0,unknown,no
79,retired,married,tertiary,no,6853,no,yes,unknown,8,dec,193,8,-1,0,unknown,no
82,retired,married,secondary,no,4382,no,no,cellular,19,may,33,9,-1,0,unknown,no
49,unknown,married,tertiary,no,601,yes,no,unknown,25,may,436,13,-1,0,unknown,no
51,technician,single,secondary,no,-4137,no,no,cellular,18,oct,98,24,-1,0,unknown,no
89,technician,single,secondary,no,308,yes,no,cellular,15,dec,656,26,342,7,other,no
56,admin.,married,tertiary,no,5788,yes,yes,unknown,26,may,612,19,332,2,failure,yes
43,self-employed,married,tertiary,no,4361,no,no,cellular,27,aug,57,23,-1,0,unknown,no
51,unemployed,married,secondary,no,319,no,no,cellular,26,may,166,11,-1,0,unknown,no
71,entrepreneur,married,primary,no,1184,no,no,telephone,9,aug,38,24,109,5,failure,no
20,self-employed,married,secondary,no,1805,yes,no,cellular,12,apr,292,3,-1,0,unknown,no
67,retired,single,secondary,no,-425,no,yes,unknown,21,may,492,1,-1,0,unknown,no
29,management,married,secondary,no,-246,yes,yes,cellular,22,apr,269,23,-1,0,unknown,no
82,services,single,secondary,no,-524,yes,no,cellular,14,jun,77,14,-1,0,unknown,no
71,retired,married,secondary,no,2899,yes,no,telephone,2,aug,20,19,-1,0,unknown,no
22,management,divorced,secondary,no,-1745,yes,no,cellular,5,may,18,1,127,3,failure,no
74,management,single,tertiary,no,5747,yes,no,cellular,22,jul,243,23,-1,0,unknown,no
34,unknown,single,secondary,no,1403,no,yes,telephone,5,jul,790,27,-1,0,unknown,yes
64,unknown,married,tertiary,no,-1895,yes,no,cellular,14,may,306,12,-1,0,unknown,no
40,entrepreneur,single,secondary,no,4500,no,no,unknown,4,jun,338,14,-1,0,unknown,no
31,blue-collar,single,secondary,no,5922,yes,no,cellular,24,apr,103,15,-1,0,unknown,no
83,blue-collar,single,secondary,no,10845,no,no,unknown,2,jun,227,7,-1,0,unknown,no
92,technician,married,tertiary,no,5534,yes,no,cellular,1,jun,98,4,-1,0,unknown,no
68,admin.,single,tertiary,no,-1203,no,no,cellular,2,feb,598,14,-1,0,unknown,no
55,blue-collar,married,primary,no,2052,no,no,unknown,13,jun,36,18,-1,0,unknown,no
81,blue-collar,married,secondary,no,9008,no,no,cellular,27,aug,257,16,58,3,failure,no
55,admin.,single,tertiary,no,-912,yes,no,cellular,20,jun,338,26,95,2,failure,no
67,unknown,married,tertiary,no,-2387,yes,yes,unknown,17,jul,309,14,-1,0,unknown,no
47,admin.,married,secondary,no,252,no,no,unknown,25,jul,76,21,-1,0,unknown,no
68,technician,married,secondary,no,-1622,yes,no,cellular,13,aug,171,11,-1,0,unknown,no
80,blue-collar,single,secondary,no,-400,no,no,cellular,17,jun,280,27,-1,0,unknown,no
69,technician,married,tertiary,no,-561,yes,no,cellular,5,may,689,25,-1,0,unknown,yes
55,admin.,married,secondary,no,3570,yes,no,unknown,24,aug,178,6,-1,0,unknown,no
47,services,married,tertiary,no,-2467,yes,no,unknown,25,apr,92,15,282,8,other,no
68,unemployed,single,tertiary,no,1814,yes,no,cellular,25,may,126,10,114,4,failure,no
22,management,married,tertiary,no,-872,no,no,cellular,8,jul,201,12,-1,0,unknown,no
46,blue-collar,single,secondary,no,3071,yes,no,cellular,22,sep,966,9,-1,0,unknown,yes
21,retired,married,tertiary,no,3398,no,no,cellular,22,apr,255,28,18,7,failure,no
27,admin.,single,secondary,no,4099,yes,no,unknown,29,apr,43,17,-1,0,unknown,no
73,unknown,divorced,secondary,no,4099,yes,no,cellular,12,may,477,18,-1,0,unknown,no
34,admin.,married,tertiary,no,-441,yes,no,cellular,9,may,51,11,-1,0,unknown,no
91,unknown,married,secondary,no,1408,yes,no,unknown,18,sep,10,6,-1,0,unknown,no
34,retired,single,secondary,no,5830,no,no,cellular,16,nov,27,19,244,3,other,no
86,unknown,married,secondary,yes,2747,no,no,cellular,19,feb,397,2,-1,0,unknown,no
51,admin.,married,secondary,no,4084,no,no,cellular,22,feb,599,22,-1,0,unknown,no
23,management,single,secondary,no,-2229,yes,no,cellular,8,sep,80,23,386,8,failure,no
70,technician,divorced,secondary,no,4282,no,no,cellular,7,may,177,20,-1,0,unknown,no
83,admin.,married,tertiary,no,-4236,no,no,cellular,24,may,234,13,-1,0,unknown,no
94,blue-collar,married,secondary,no,-3165,yes,no,cellular,21,may,139,29,-1,0,unknown,no
60,technician,married,unknown,no,-1276,no,yes,cellular,9,may,17,26,-1,0,unknown,no
92,retired,married,secondary,no,2698,no,yes,cellular,22,may,15,9,340,5,failure,no
40,admin.,single,secondary,no,3212,no,no,unknown,12,may,149,27,-1,0,unknown,no
72,services,single,secondary,no,-1020,no,no,cellular,14,jul,412,12,109,3,other,no
92,unemployed,single,secondary,no,-4352,no,no,unknown,10,jul,22,16,324,1,failure,no
33,management,married,primary,no,4282,no,no,cellular,16,jul,59,29,-1,0,unknown,no
25,blue-collar,married,tertiary,no,3184,no,yes,unknown,29,sep,81,19,31,9,success,no
21,blue-collar,married,secondary,no,2705,yes,no,cellular,2,sep,211,2,-1,0,unknown,no
21,housemaid,married,tertiary,no,7201,no,yes,cellular,6,may,11,16,275,5,failure,no
73,services,single,secondary,yes,1872,yes,no,cellular,11,jul,507,27,-1,0,unknown,no
42,blue-collar,married,unknown,no,-1553,no,yes,cellular,4,aug,164,5,-1,0,unknown,no
84,unknown,single,primary,no,5408,yes,no,unknown,5,sep,171,28,-1,0,unknown,no
84,blue-collar,single,tertiary,no,199,yes,no,unknown,5,may,101,25,350,4,failure,no
44,management,divorced,secondary,no,1106,no,no,telephone,17,jun,61,17,-1,0,unknown,no
49,blue-collar,single,secondary,no,-187,no,no,unknown,26,jul,116,6,-1,0,unknown,no
67,blue-collar,single,secondary,no,-1075,yes,no,cellular,5,aug,631,24,-1,0,unknown,no
78,blue-collar,married,secondary,no,157,yes,no,telephone,26,may,25,7,-1,0,unknown,no
68,admin.,married,secondary,no,5983,no,no,cellular,11,may,16,6,-1,0,unknown,no
36,technician,married,primary,no,-1777,yes,no,cellular,9,aug,31,3,-1,0,unknown,no
38,entrepreneur,married,secondary,no,4630,yes,no,cellular,15,may,387,25,-1,0,unknown,no
22,technician,single,tertiary,no,-4125,no,no,cellular,24,jan,12,21,-1,0,unknown,no
59,blue-collar,single,tertiary,no,6224,no,no,cellular,24,nov,104,15,-1,0,unknown,no
78,services,married,primary,no,6539,no,yes,unknown,3,may,142,28,36,2,success,no
39,retired,married,secondary,no,-1649,no,no,cellular,16,may,182,16,-1,0,unknown,no
38,admin.,married,secondary,no,1658,no,yes,unknown,9,aug,0,17,-1,0,unknown,no
87,technician,single,tertiary,no,3353,no,no,cellular,25,may,172,9,-1,0,unknown,no
18,unknown,single,primary,no,-390,no,yes,cellular,26,may,55,26,-1,0,unknown,no
22,self-employed,single,primary,no,7070,yes,no,cellular,23,jul,26,9,-1,0,unknown,no
29,blue-collar,married,tertiary,no,1486,yes,no,unknown,6,mar,196,17,-1,0,unknown,no
63,management,married,secondary,no,-138,no,no,cellular,9,may,351,29,91,8,failure,no
51,blue-collar,single,secondary,no,1658,yes,no,cellular,27,mar,704,7,-1,0,unknown,yes
66,blue-collar,single,secondary,no,-786,yes,no,cellular,22,may,628,25,377,7,other,no
62,retired,married,tertiary,no,1484,no,no,unknown,19,sep,131,2,-1,0,unknown,no
44,admin.,single,tertiary,no,72,no,no,unknown,6,nov,314,26,-1,0,unknown,no
90,blue-collar,married,tertiary,no,-915,yes,yes,unknown,11,may,306,6,-1,0,unknown,no
43,unemployed,single,primary,no,3814,no,no,unknown,2,may,137,10,-1,0,unknown,no
64,unknown,single,tertiary,no,-3655,no,no,unknown,18,may,26,17,-1,0,unknown,no
73,admin.,single,secondary,no,6710,yes,no,cellular,28,may,124,14,-1,0,unknown,no
80,blue-collar,married,secondary,no,2113,no,no,unknown,7,aug,1257,3,-1,0,unknown,yes
65,retired,married,primary,no,6963,yes,no,unknown,24,sep,208,27,-1,0,unknown,no
78,management,single,secondary,no,4308,yes,no,unknown,23,mar,107,16,-1,0,unknown,no
43,admin.,single,secondary,no,-2608,no,no,cellular,21,may,351,16,-1,0,unknown,no
53,management,married,secondary,no,1634,no,no,cellular,4,may,299,5,-1,0,unknown,no
18,services,single,secondary,no,-3963,yes,no,cellular,24,aug,223,16,-1,0,unknown,no
25,services,married,secondary,no,-1288,yes,yes,cellular,28,jun,261,23,299,8,other,no
69,blue-collar,divorced,primary,no,1011,no,no,cellular,25,may,226,27,-1,0,unknown,no
64,blue-collar,single,unknown,no,-693,yes,yes,unknown,7,nov,807,5,-1,0,unknown,no
73,retired,married,unknown,no,-7,yes,no,cellular,17,nov,183,24,-1,0,unknown,no
31,unknown,married,secondary,no,-579,yes,no,cellular,4,jun,230,5,-1,0,unknown,no
45,services,married,primary,no,8109,no,yes,cellular,13,apr,164,6,5,8,other,no
19,technician,married,unknown,no,1778,no,no,cellular,20,may,236,18,-1,0,unknown,no
43,blue-collar,married,primary,no,3292,no,no,unknown,26,apr,571,12,210,3,other,no
31,technician,single,tertiary,no,1266,yes,no,unknown,19,jul,107,21,-1,0,unknown,no
76,services,single,tertiary,no,2434,yes,no,cellular,4,jul,176,7,-1,0,unknown,no
73,technician,married,secondary,no,-4744,no,yes,cellular,25,jul,153,17,-1,0,unknown,no
24,admin.,married,primary,no,6434,no,no,cellular,13,apr,130,10,-1,0,unknown,no
20,entrepreneur,married,secondary,no,-743,yes,no,cellular,1,aug,443,9,-1,0,unknown,no
40,technician,married,secondary,no,4859,yes,no,unknown,2,jul,68,9,-1,0,unknown,no
35,management,married,unknown,no,4976,yes,no,unknown,7,apr,178,24,-1,0,unknown,no
55,admin.,single,secondary,no,-3972,no,no,unknown,30,aug,667,11,-1,0,unknown,no
32,blue-collar,divorced,secondary,no,1590,yes,no,cellular,25,dec,45,25,-1,0,unknown,no
81,services,married,unknown,no,2637,no,no,cellular,23,jun,1,14,-1,0,unknown,no
45,blue-collar,single,unknown,no,1751,yes,no,cellular,30,apr,79,5,-1,0,unknown,no
91,management,divorced,secondary,no,1419,yes,no,unknown,17,apr,659,7,-1,0,unknown,no
56,technician,married,primary,no,114,yes,no,cellular,29,feb,23,17,-1,0,unknown,no
74,management,single,secondary,no,-719,yes,no,cellular,7,aug,38,23,-1,0,unknown,no
34,technician,single,secondary,no,4596,no,no,unknown,22,aug,99,9,-1,0,unknown,no
61,management,married,secondary,no,2615,no,no,cellular,13,jul,378,19,-1,0,unknown,no
42,services,married,secondary,no,1977,yes,no,cellular,17,aug,358,25,-1,0,unknown,no
34,self-employed,single,secondary,no,-3381,no,no,cellular,1,dec,23,21,-1,0,unknown,no
30,admin.,single,secondary,no,651,no,yes,unknown,28,may,700,13,210,8,other,no
42,blue-collar,married,primary,no,1254,yes,no,cellular,2,aug,70,9,304,8,other,no
85,technician,married,tertiary,no,3944,yes,no,unknown,6,may,84,13,220,9,other,no
27,services,married,primary,no,-3808,yes,no,cellular,12,may,126,14,190,3,other,no
84,management,single,tertiary,no,-1865,yes,no,cellular,13,sep,259,8,-1,0,unknown,no
35,self-employed,married,secondary,no,6818,yes,yes,unknown,20,jul,190,14,114,8,failure,no
51,technician,single,primary,no,-970,yes,no,cellular,20,apr,681,13,-1,0,unknown,no
25,admin.,married,primary,no,-4132,yes,no,cellular,22,may,214,27,-1,0,unknown,no
57,services,married,secondary,no,-672,no,no,unknown,9,aug,501,23,326,2,success,no
59,admin.,married,secondary,no,-959,yes,yes,cellular,17,nov,21,10,-1,0,unknown,no
58,admin.,married,tertiary,no,3375,yes,yes,cellular,30,jul,499,22,368,9,failure,no
23,retired,married,tertiary,no,3338,no,no,cellular,18,may,56,2,-1,0,unknown,no
69,admin.,married,primary,no,-1486,yes,no,unknown,8,may,116,12,-1,0,unknown,no
43,admin.,married,secondary,no,285,yes,no,unknown,8,may,99,16,-1,0,unknown,no
81,blue-collar,married,secondary,no,3032,yes,no,unknown,27,jul,106,7,-1,0,unknown,no
76,services,married,tertiary,no,3133,no,yes,unknown,11,jan,647,2,387,1,other,no
73,admin.,married,tertiary,no,-1681,yes,no,unknown,22,may,150,16,54,6,other,no
76,technician,single,secondary,no,-1350,no,no,cellular,22,jul,80,22,-1,0,unknown,no
87,blue-collar,single,secondary,no,7770,no,no,cellular,28,jul,89,6,-1,0,unknown,no
50,technician,divorced,tertiary,no,642,no,no,unknown,8,jul,419,16,-1,0,unknown,no
70,management,married,tertiary,no,5902,no,no,unknown,18,nov,199,25,-1,0,unknown,no
39,admin.,married,secondary,no,2107,yes,no,cellular,18,jul,154,13,-1,0,unknown,no
38,retired,married,secondary,no,4707,yes,yes,cellular,13,may,674,10,-1,0,unknown,yes
87,services,married,primary,no,3297,yes,no,cellular,1,aug,686,27,-1,0,unknown,no
87,blue-collar,single,unknown,no,1934,yes,yes,telephone,15,may,364,20,-1,0,unknown,no
21,entrepreneur,married,secondary,no,1899,no,no,unknown,22,may,188,9,-1,0,unknown,no
92,blue-collar,married,secondary,no,-2300,no,no,unknown,6,jul,31,2,-1,0,unknown,no
79,technician,married,primary,no,921,yes,no,unknown,30,may,317,21,-1,0,unknown,no
79,technician,divorced,secondary,no,-144,no,no,unknown,6,may,435,16,-1,0,unknown,no
41,services,divorced,tertiary,no,438,no,no,telephone,13,aug,492,3,-1,0,unknown,yes
72,technician,married,tertiary,no,313,no,yes,cellular,27,dec,224,22,246,2,other,no
26,technician,married,secondary,no,1909,no,no,cellular,2,jul,247,2,-1,0,unknown,no
20,entrepreneur,single,tertiary,no,3335,yes,no,unknown,23,may,318,29,208,4,other,no
48,services,divorced,tertiary,no,1009,yes,no,cellular,19,apr,534,10,-1,0,unknown,no
57,management,married,tertiary,no,4286,yes,yes,cellular,17,may,11,25,-1,0,unknown,no
53,blue-collar,married,secondary,no,175,yes,no,cellular,1,feb,213,20,-1,0,unknown,no
41,retired,divorced,unknown,no,1682,yes,no,cellular,14,jun,118,23,181,8,success,no
23,admin.,single,secondary,no,8992,no,no,cellular,16,jul,462,5,-1,0,unknown,no
83,housemaid,married,tertiary,no,-2182,no,yes,unknown,15,jun,37,8,-1,0,unknown,no
92,technician,married,primary,no,157,no,no,unknown,9,sep,620,12,281,5,failure,no
21,blue-collar,divorced,secondary,no,-4021,no,no,unknown,19,jun,34,4,-1,0,unknown,no
23,unemployed,single,tertiary,no,2107,yes,no,cellular,8,jun,24,14,155,7,failure,no
68,blue-collar,single,unknown,no,1471,yes,no,unknown,15,may,109,23,356,8,failure,no
79,retired,single,secondary,no,1799,no,no,cellular,10,aug,1353,27,-1,0,unknown,yes
74,admin.,married,secondary,no,-1312,yes,yes,cellular,23,nov,259,15,-1,0,unknown,no
83,services,single,primary,no,-863,no,no,cellular,29,nov,6,21,-1,0,unknown,no
92,blue-collar,married,secondary,no,1584,yes,no,cellular,2,dec,73,3,142,5,failure,no
25,services,divorced,secondary,no,-2786,no,no,cellular,18,dec,41,24,-1,0,unknown,no
43,student,married,primary,no,4066,no,no,cellular,20,aug,0,22,-1,0,unknown,no
68,services,single,primary,no,-2750,no,no,telephone,2,jul,186,15,-1,0,unknown,no
62,technician,married,unknown,no,969,yes,no,cellular,21,may,123,4,-1,0,unknown,no
61,technician,married,secondary,no,114,yes,no,cellular,12,aug,245,15,-1,0,unknown,no
22,services,married,secondary,no,-78,yes,no,cellular,10,aug,62,25,-1,0,unknown,no
87,retired,single,secondary,no,-3395,yes,no,cellular,12,sep,458,9,-1,0,unknown,no
43,blue-collar,single,tertiary,no,1289,no,no,cellular,7,jun,124,18,114,1,failure,no
85,blue-collar,single,tertiary,no,-2202,no,no,cellular,2,nov,170,26,-1,0,unknown,no
36,entrepreneur,married,secondary,no,1842,yes,no,cellular,25,aug,340,13,-1,0,unknown,no
37,self-employed,married,secondary,no,-856,yes,no,cellular,1,may,46,9,-1,0,unknown,no
29,entrepreneur,divorced,tertiary,no,1271,no,no,cellular,2,may,78,4,-1,0,unknown,no
64,admin.,single,tertiary,no,-4012,yes,no,cellular,23,aug,43,25,-1,0,unknown,no
18,blue-collar,single,secondary,yes,4158,yes,no,cellular,28,may,377,13,-1,0,unknown,no
31,technician,single,primary,no,4711,yes,no,cellular,21,may,26,10,-1,0,unknown,no
81,technician,single,secondary,no,-234,yes,no,unknown,17,may,173,8,-1,0,unknown,no
55,blue-collar,married,tertiary,no,9826,yes,no,cellular,20,may,357,14,122,9,other,no
54,services,single,primary,no,3704,yes,no,unknown,8,nov,182,16,-1,0,unknown,no
28,admin.,single,tertiary,no,647,no,no,cellular,21,apr,183,26,-1,0,unknown,no
94,technician,single,secondary,no,-50,no,no,cellular,12,may,16,19,-1,0,unknown,no
20,admin.,single,secondary,no,-922,yes,no,unknown,2,jul,394,26,-1,0,unknown,no
50,self-employed,married,primary,no,-350,yes,no,cellular,9,sep,239,7,-1,0,unknown,no
23,admin.,married,secondary,no,1092,no,no,unknown,17,aug,284,12,-1,0,unknown,no
67,technician,married,tertiary,no,1290,no,no,cellular,17,feb,374,13,34,2,other,no
27,management,married,unknown,no,-2790,yes,no,unknown,10,aug,212,15,-1,0,unknown,no
22,services,single,unknown,no,5486,yes,no,unknown,13,jul,183,15,-1,0,unknown,no
40,self-employed,single,tertiary,no,3782,yes,no,cellular,5,may,280,18,-1,0,unknown,no
27,admin.,married,primary,no,6963,yes,no,unknown,14,jul,594,2,-1,0,unknown,no
61,management,married,unknown,no,2525,no,no,cellular,14,aug,262,14,-1,0,unknown,no
19,blue-collar,divorced,secondary,no,4562,yes,no,unknown,15,jul,400,20,133,4,failure,no
30,unknown,single,secondary,no,-2328,no,no,cellular,25,dec,168,26,-1,0,unknown,no
57,blue-collar,married,secondary,no,3228,yes,no,cellular,22,jun,229,7,192,8,failure,no
19,entrepreneur,single,secondary,no,-3952,no,no,cellular,5,jul,51,20,-1,0,unknown,no
82,admin.,married,primary,no,-1492,yes,no,cellular,22,apr,172,2,-1,0,unknown,no
80,services,married,tertiary,no,8941,yes,no,cellular,6,aug,41,28,-1,0,unknown,no
90,services,married,primary,no,372,no,no,cellular,9,jul,162,2,-1,0,unknown,no
34,self-employed,married,tertiary,no,1364,no,no,unknown,29,jul,17,5,84,5,failure,no
26,technician,married,tertiary,no,3527,no,no,cellular,9,aug,221,3,-1,0,unknown,no
92,technician,divorced,tertiary,no,1305,no,no,cellular,21,jul,87,3,-1,0,unknown,no
32,services,single,secondary,no,-1642,yes,no,cellular,4,aug,475,1,-1,0,unknown,no
41,admin.,married,primary,yes,-1568,yes,no,unknown,1,jul,121,19,92,1,failure,no
55,technician,married,secondary,no,3826,no,no,cellular,22,jul,644,20,291,7,failure,yes
52,unknown,married,tertiary,no,2316,no,no,telephone,23,may,165,12,-1,0,unknown,no
66,management,single,secondary,no,3931,yes,yes,cellular,23,jun,487,22,-1,0,unknown,no
86,blue-collar,single,primary,no,3184,no,no,cellular,15,jul,91,27,-1,0,unknown,no
79,blue-collar,married,primary,no,1603,no,no,unknown,14,jul,154,6,-1,0,unknown,no
77,services,married,tertiary,no,1461,no,no,cellular,1,jun,259,28,-1,0,unknown,no
67,technician,single,tertiary,no,1712,yes,no,unknown,6,may,77,21,-1,0,unknown,no
92,technician,married,tertiary,no,330,yes,no,unknown,8,may,276,20,-1,0,unknown,no
26,services,married,secondary,no,365,yes,no,cellular,3,aug,87,6,-1,0,unknown,no
51,blue-collar,single,secondary,no,2927,yes,no,unknown,17,jul,170,13,-1,0,unknown,no
93,management,married,tertiary,no,5744,yes,no,cellular,29,may,6,29,-1,0,unknown,no
52,admin.,married,secondary,no,-3605,yes,no,cellular,23,jun,21,21,-1,0,unknown,no
18,retired,married,secondary,no,8584,yes,no,cellular,20,may,66,10,-1,0,unknown,no
57,unknown,married,secondary,no,3499,yes,no,cellular,28,may,423,1,-1,0,unknown,no
81,entrepreneur,divorced,secondary,no,2728,yes,no,cellular,5,may,278,16,-1,0,unknown,no
39,entrepreneur,divorced,secondary,no,-1602,yes,yes,cellular,18,may,577,14,-1,0,unknown,no
77,entrepreneur,divorced,secondary,no,-713,yes,no,unknown,7,apr,606,28,-1,0,unknown,no
81,services,single,secondary,no,3255,yes,no,cellular,30,jun,121,18,-1,0,unknown,no
89,unemployed,married,secondary,no,2174,yes,no,cellular,17,jun,118,14,-1,0,unknown,no
28,technician,single,tertiary,no,-2453,no,no,cellular,15,aug,466,25,-1,0,unknown,no
31,blue-collar,divorced,unknown,no,-1164,no,no,unknown,20,jul,143,10,-1,0,unknown,no
77,blue-collar,married,secondary,no,-797,yes,no,cellular,24,may,502,20,-1,0,unknown,no
47,admin.,married,primary,no,-1053,no,yes,unknown,16,jun,181,22,-1,0,unknown,no
52,unemployed,single,secondary,no,2236,yes,no,telephone,13,jul,142,5,-1,0,unknown,no
54,self-employed,single,tertiary,no,-1650,no,no,cellular,28,nov,84,2,-1,0,unknown,no
22,technician,married,tertiary,no,3758,yes,no,cellular,7,dec,34,17,-1,0,unknown,no
43,entrepreneur,married,tertiary,no,-3033,no,no,cellular,15,aug,192,1,-1,0,unknown,no
79,admin.,single,tertiary,no,4350,yes,no,unknown,23,jul,101,1,-1,0,unknown,no
21,blue-collar,married,secondary,no,10601,yes,no,telephone,23,nov,74,6,-1,0,unknown,no
59,management,single,secondary,no,3758,yes,no,cellular,28,may,47,26,-1,0,unknown,no
35,retired,married,primary,no,-209,no,no,unknown,5,aug,126,7,-1,0,unknown,no
57,unknown,divorced,secondary,no,-78,yes,no,cellular,27,jun,209,7,-1,0,unknown,no
89,student,married,secondary,no,-1948,yes,no,cellular,12,may,468,25,-1,0,unknown,no
56,unemployed,married,secondary,no,4657,yes,no,cellular,28,apr,442,16,-1,0,unknown,no
31,technician,married,secondary,no,1911,no,no,cellular,10,jun,498,19,-1,0,unknown,no
49,self-employed,married,tertiary,no,-4006,yes,no,unknown,19,may,221,9,-1,0,unknown,no
68,admin.,single,tertiary,no,-2938,no,no,unknown,10,may,211,1,-1,0,unknown,no
55,housemaid,married,secondary,no,-3849,yes,no,cellular,29,may,607,18,8,7,failure,no
40,services,married,secondary,no,3709,yes,no,unknown,7,aug,87,7,-1,0,unknown,no
80,admin.,married,tertiary,no,-1583,yes,no,telephone,24,may,40,28,-1,0,unknown,no
32,blue-collar,single,tertiary,no,3923,yes,no,unknown,23,aug,22,18,-1,0,unknown,no
42,technician,single,unknown,no,-252,no,no,cellular,22,aug,549,10,-1,0,unknown,no
34,technician,married,primary,no,3799,no,no,unknown,15,jul,119,27,397,8,failure,no
83,services,single,primary,no,649,no,yes,cellular,9,may,178,20,-1,0,unknown,no
70,admin.,single,tertiary,no,4271,no,no,unknown,29,mar,419,2,-1,0,unknown,no
68,technician,single,tertiary,no,-954,yes,no,cellular,27,may,120,11,-1,0,unknown,no
56,admin.,married,secondary,no,-781,no,no,cellular,6,sep,522,18,172,9,failure,no
68,management,single,tertiary,no,55,no,no,cellular,21,apr,100,11,-1,0,unknown,no
87,admin.,married,secondary,no,3923,yes,no,cellular,11,aug,340,14,-1,0,unknown,no
23,blue-collar,married,primary,no,-1824,yes,no,cellular,6,jun,283,13,397,4,failure,no
84,technician,married,secondary,no,-307,yes,no,cellular,26,nov,58,1,8,1,failure,no
24,unknown,married,tertiary,no,672,yes,no,cellular,20,may,34,25,-1,0,unknown,no
68,student,married,secondary,no,2619,yes,no,cellular,29,aug,30,10,-1,0,unknown,no
89,technician,divorced,tertiary,no,233,no,no,cellular,15,aug,271,15,64,7,failure,no
59,unemployed,married,secondary,no,3154,no,no,unknown,13,may,3,19,-1,0,unknown,no
81,entrepreneur,married,secondary,no,-821,no,yes,cellular,6,may,278,29,390,9,other,no
32,unknown,married,secondary,no,4389,yes,no,unknown,20,apr,392,17,-1,0,unknown,no
46,blue-collar,married,secondary,no,3691,yes,no,cellular,21,aug,92,10,-1,0,unknown,no
50,admin.,married,secondary,no,-296,no,no,cellular,15,jul,353,22,-1,0,unknown,no
44,blue-collar,married,secondary,no,3583,yes,no,telephone,29,apr,46,8,-1,0,unknown,no
53,blue-collar,married,primary,no,-1852,no,no,unknown,6,may,833,23,79,4,success,yes
46,blue-collar,married,secondary,no,1907,no,no,cellular,16,may,68,7,-1,0,unknown,no
55,services,married,secondary,no,-947,yes,no,cellular,1,apr,172,18,-1,0,unknown,no
74,housemaid,married,unknown,no,2361,yes,yes,cellular,30,may,1015,27,-1,0,unknown,yes
44,unknown,single,tertiary,no,912,yes,no,unknown,6,apr,613,4,-1,0,unknown,no
72,technician,single,secondary,no,-855,yes,no,unknown,16,may,277,6,115,2,other,no
50,admin.,single,secondary,no,-3292,yes,yes,cellular,22,jul,118,2,-1,0,unknown,no
85,technician,married,primary,no,773,no,no,cellular,1,jul,310,13,122,2,other,no
83,entrepreneur,married,secondary,no,5001,no,no,cellular,7,may,159,21,-1,0,unknown,no
27,blue-collar,divorced,secondary,no,2274,no,yes,telephone,28,may,29,12,-1,0,unknown,no
22,blue-collar,married,tertiary,no,-3269,no,no,unknown,10,sep,410,5,-1,0,unknown,no
91,management,married,secondary,no,721,no,no,cellular,21,may,529,19,-1,0,unknown,no
55,retired,married,primary,no,4987,no,no,unknown,8,mar,135,2,-1,0,unknown,no
30,services,married,secondary,no,492,no,yes,unknown,30,may,282,11,-1,0,unknown,no
48,management,married,tertiary,no,-1496,yes,no,telephone,21,jul,7,23,-1,0,unknown,no
64,entrepreneur,single,tertiary,no,6663,yes,yes,cellular,26,jan,56,8,-1,0,unknown,no
69,unknown,married,secondary,no,-1820,yes,no,cellular,5,dec,217,4,-1,0,unknown,no
73,unknown,divorced,primary,no,743,yes,yes,cellular,18,may,82,4,-1,0,unknown,no
32,unknown,married,unknown,no,-423,no,no,cellular,4,may,745,11,-1,0,unknown,no
46,management,married,secondary,no,3380,yes,no,cellular,20,aug,468,14,-1,0,unknown,no
25,management,divorced,primary,no,2866,yes,yes,cellular,16,may,274,9,-1,0,unknown,no
22,blue-collar,single,secondary,no,-1264,yes,no,cellular,10,may,1743,20,-1,0,unknown,yes
46,unknown,married,primary,no,-677,yes,yes,cellular,26,jul,71,26,-1,0,unknown,no
64,technician,married,secondary,no,1838,yes,no,unknown,16,feb,648,14,-1,0,unknown,no
85,services,single,secondary,no,2076,yes,no,cellular,8,aug,93,28,-1,0,unknown,no
93,technician,married,secondary,no,735,yes,yes,telephone,19,jun,234,3,-1,0,unknown,no
62,blue-collar,married,secondary,yes,499,yes,no,cellular,1,may,147,27,-1,0,unknown,no
19,services,single,secondary,no,-2263,yes,no,cellular,23,may,151,13,56,9,failure,no
44,services,married,primary,no,6972,yes,no,unknown,9,mar,370,14,-1,0,unknown,no
53,admin.,married,primary,no,3337,no,no,telephone,6,aug,110,17,-1,0,unknown,no
53,services,married,secondary,no,1439,yes,no,unknown,13,jul,182,3,-1,0,unknown,no
43,student,married,secondary,no,4350,yes,no,cellular,13,nov,61,15,-1,0,unknown,no
60,technician,single,primary,no,809,no,no,cellular,18,jun,371,21,168,5,failure,no
44,blue-collar,married,secondary,no,-1021,yes,no,unknown,14,aug,207,29,-1,0,unknown,no
86,blue-collar,single,secondary,no,2459,yes,no,cellular,2,may,75,2,-1,0,unknown,no
37,student,married,tertiary,no,1839,no,no,cellular,16,mar,79,21,-1,0,unknown,no
28,technician,married,secondary,no,6467,no,no,cellular,17,nov,89,25,-1,0,unknown,no
91,unknown,married,secondary,no,-789,yes,no,unknown,22,may,310,10,-1,0,unknown,no
55,retired,single,tertiary,no,-1466,no,yes,cellular,16,aug,233,27,-1,0,unknown,no
23,unknown,divorced,tertiary,no,7725,no,yes,cellular,14,may,445,22,-1,0,unknown,yes
89,self-employed,married,secondary,no,4975,yes,no,unknown,13,may,218,15,-1,0,unknown,no
40,technician,married,primary,no,3332,no,no,unknown,16,aug,94,19,-1,0,unknown,no
64,admin.,married,tertiary,no,-628,no,no,cellular,24,aug,849,21,-1,0,unknown,yes
63,technician,single,secondary,no,2675,yes,no,unknown,1,sep,560,12,-1,0,unknown,yes
29,retired,married,secondary,no,-2449,no,no,cellular,28,sep,84,17,-1,0,unknown,no
30,technician,single,secondary,no,-118,yes,no,cellular,17,jun,629,16,261,8,failure,no
79,technician,married,secondary,no,-2068,no,no,cellular,1,may,328,8,-1,0,unknown,no
77,management,married,secondary,no,-837,no,no,cellular,10,aug,138,25,-1,0,unknown,no
60,admin.,married,secondary,no,-2152,yes,no,cellular,5,jul,162,5,-1,0,unknown,no
93,admin.,married,secondary,no,3509,no,no,telephone,7,nov,152,25,-1,0,unknown,no
85,management,single,tertiary,no,6784,no,no,cellular,4,may,411,24,-1,0,unknown,yes
22,admin.,single,tertiary,no,4350,no,no,telephone,1,mar,49,15,-1,0,unknown,no
54,management,married,tertiary,no,3669,yes,no,cellular,1,jul,15,8,-1,0,unknown,no
89,management,married,tertiary,no,413,yes,no,cellular,10,may,178,18,32,7,failure,no
48,management,married,primary,no,1998,no,no,unknown,30,may,88,21,-1,0,unknown,no
26,student,single,tertiary,no,-1794,yes,yes,cellular,3,jul,214,28,-1,0,unknown,no
68,retired,married,secondary,no,-2475,yes,no,cellular,5,nov,987,8,364,6,failure,yes
46,management,married,secondary,no,-2936,no,no,cellular,13,may,287,19,-1,0,unknown,no
57,management,married,primary,no,-2238,yes,no,telephone,21,may,825,17,-1,0,unknown,no
58,entrepreneur,married,secondary,no,3483,yes,yes,telephone,25,nov,339,27,-1,0,unknown,no
28,self-employed,married,secondary,no,3812,yes,no,unknown,9,nov,20,4,-1,0,unknown,no
40,housemaid,married,tertiary,no,-1282,yes,no,cellular,25,may,567,4,-1,0,unknown,no
18,blue-collar,married,tertiary,no,2302,yes,yes,unknown,8,aug,57,26,-1,0,unknown,no
63,technician,single,tertiary,no,4847,yes,no,unknown,30,may,516,20,-1,0,unknown,yes
38,technician,married,secondary,no,966,yes,no,unknown,11,nov,356,20,-1,0,unknown,no
53,admin.,married,secondary,no,-808,no,no,cellular,25,aug,470,9,313,3,success,yes
71,unknown,single,unknown,no,172,yes,yes,cellular,24,jun,75,27,-1,0,unknown,no
74,blue-collar,married,secondary,no,5714,no,no,cellular,29,aug,424,14,-1,0,unknown,no
18,blue-collar,single,secondary,no,1213,yes,no,cellular,14,dec,243,1,225,9,failure,no
80,services,married,secondary,no,7829,no,no,telephone,8,jun,22,9,-1,0,unknown,no
71,housemaid,married,primary,no,-580,no,no,cellular,24,may,567,23,-1,0,unknown,no
72,technician,married,tertiary,no,-96,no,no,cellular,24,jul,540,13,-1,0,unknown,no
57,admin.,married,primary,no,-2794,no,no,unknown,21,jul,218,21,-1,0,unknown,no
32,services,single,secondary,no,4639,yes,no,cellular,10,aug,155,18,-1,0,unknown,no
38,retired,married,secondary,no,1704,yes,no,cellular,3,jun,132,10,-1,0,unknown,no
64,management,married,secondary,no,-1278,no,no,unknown,4,may,238,28,244,2,other,no
90,student,married,primary,no,346,no,yes,cellular,25,aug,475,26,-1,0,unknown,no
70,admin.,married,secondary,no,2878,yes,no,cellular,23,nov,215,26,-1,0,unknown,no
26,retired,married,secondary,no,-1058,no,no,cellular,12,sep,35,4,394,4,other,no
91,management,married,tertiary,no,2448,yes,no,cellular,9,jul,94,27,-1,0,unknown,no
69,technician,married,secondary,no,4120,no,no,cellular,11,may,284,15,-1,0,unknown,no
74,entrepreneur,single,tertiary,no,121,yes,no,cellular,11,jul,268,4,363,8,other,no
43,blue-collar,married,primary,no,-4162,no,yes,unknown,16,apr,188,20,-1,0,unknown,no
58,blue-collar,single,secondary,no,610,yes,no,cellular,13,jul,70,11,-1,0,unknown,no
52,student,single,secondary,no,-89,no,yes,unknown,27,aug,81,12,-1,0,unknown,no
80,blue-collar,married,secondary,no,-2314,no,no,cellular,30,may,170,13,-1,0,unknown,no
42,technician,single,secondary,no,3182,yes,no,unknown,14,jun,129,2,-1,0,unknown,no
92,blue-collar,single,secondary,yes,3298,no,no,cellular,7,apr,97,8,-1,0,unknown,no
55,services,married,tertiary,no,2076,no,no,cellular,12,aug,456,4,-1,0,unknown,no
19,technician,divorced,secondary,no,121,yes,no,unknown,24,may,180,9,-1,0,unknown,no
24,admin.,married,primary,no,1827,yes,yes,unknown,28,jul,180,2,-1,0,unknown,no
51,blue-collar,married,secondary,no,-528,yes,no,cellular,19,may,144,23,-1,0,unknown,no
34,blue-collar,single,secondary,no,3476,yes,no,cellular,8,jul,294,5,-1,0,unknown,no
60,technician,married,secondary,no,109,no,no,cellular,4,aug,49,5,121,9,failure,no
76,blue-collar,married,tertiary,no,665,yes,no,unknown,22,may,741,23,-1,0,unknown,yes
68,self-employed,married,secondary,no,915,yes,no,unknown,17,jun,28,4,-1,0,unknown,no
71,admin.,single,primary,no,11223,yes,no,unknown,2,aug,319,19,-1,0,unknown,no
41,technician,single,tertiary,no,-1636,no,no,cellular,23,jul,314,9,-1,0,unknown,no
42,blue-collar,married,primary,no,10,no,no,cellular,22,mar,31,12,-1,0,unknown,no
88,technician,divorced,tertiary,no,-3384,no,yes,cellular,13,jul,1281,3,-1,0,unknown,yes
69,blue-collar,married,secondary,no,2184,yes,yes,cellular,26,may,9,5,-1,0,unknown,no
87,admin.,married,primary,no,6615,yes,no,cellular,28,aug,117,2,-1,0,unknown,no
50,management,single,primary,no,734,yes,yes,cellular,21,feb,142,23,-1,0,unknown,no
66,blue-collar,single,unknown,no,-504,no,no,unknown,7,may,418,13,-1,0,unknown,no
46,blue-collar,married,secondary,no,1239,yes,no,unknown,18,apr,7,28,-1,0,unknown,no
80,entrepreneur,married,tertiary,no,4526,yes,no,cellular,10,nov,210,27,326,2,failure,no
39,student,single,secondary,no,5566,no,no,cellular,4,sep,58,7,-1,0,unknown,no
43,unemployed,divorced,secondary,no,-1719,yes,no,unknown,21,nov,219,28,-1,0,unknown,no
45,blue-collar,single,tertiary,no,3396,no,no,cellular,8,jul,268,21,-1,0,unknown,no
66,admin.,married,unknown,no,1117,no,no,unknown,22,aug,8,8,-1,0,unknown,no
88,retired,divorced,tertiary,no,5749,yes,no,cellular,22,jul,18,25,-1,0,unknown,no
66,admin.,divorced,primary,no,8307,no,yes,telephone,21,jun,22,29,-1,0,unknown,no
37,entrepreneur,married,secondary,no,6883,yes,no,unknown,26,aug,493,20,-1,0,unknown,no
80,services,single,secondary,no,-1536,no,no,unknown,13,aug,674,11,316,8,failure,no
78,retired,single,tertiary,no,-1102,yes,no,cellular,14,aug,148,12,-1,0,unknown,no
66,technician,divorced,secondary,no,6505,no,no,cellular,21,nov,536,18,141,5,failure,no
88,unemployed,single,primary,no,1110,no,no,unknown,17,nov,166,18,-1,0,unknown,no
18,self-employed,single,secondary,no,-886,yes,no,cellular,12,jun,132,27,160,6,failure,no
30,management,single,secondary,no,-2666,no,no,unknown,30,may,195,29,279,3,failure,no
68,student,married,tertiary,no,1841,no,no,unknown,4,jun,402,16,-1,0,unknown,no
73,technician,single,secondary,no,185,no,no,cellular,9,apr,65,20,-1,0,unknown,no
79,retired,single,primary,no,2592,no,no,cellular,15,nov,92,22,-1,0,unknown,no
49,housemaid,divorced,secondary,no,1992,no,no,cellular,15,dec,487,6,-1,0,unknown,no
47,services,married,secondary,no,-2224,yes,no,unknown,18,jul,638,18,-1,0,unknown,no
46,unknown,married,primary,no,-1030,no,yes,cellular,27,aug,33,17,-1,0,unknown,no
66,admin.,married,secondary,no,4255,no,no,cellular,6,may,314,18,222,9,failure,no
62,admin.,single,primary,no,4520,no,no,cellular,2,sep,2,24,337,9,failure,no
47,self-employed,single,secondary,no,307,no,no,cellular,9,nov,72,21,-1,0,unknown,no
33,admin.,married,secondary,no,1950,yes,no,cellular,5,apr,18,3,-1,0,unknown,no
57,unknown,married,unknown,no,-1700,yes,no,cellular,25,may,186,9,-1,0,unknown,no
36,unknown,married,primary,no,1260,yes,no,cellular,12,may,108,28,-1,0,unknown,no
35,technician,married,secondary,no,4738,no,no,cellular,29,aug,38,28,-1,0,unknown,no
18,retired,single,tertiary,no,6426,yes,no,cellular,26,may,0,7,-1,0,unknown,no
64,technician,married,primary,no,1045,no,yes,unknown,5,may,126,24,-1,0,unknown,no
83,management,married,secondary,no,479,yes,no,cellular,12,may,89,22,-1,0,unknown,no
55,admin.,married,secondary,no,-2887,yes,no,unknown,25,jul,12,7,268,7,other,no
68,technician,married,tertiary,no,-373,yes,no,cellular,15,nov,492,19,-1,0,unknown,no
80,services,single,secondary,no,1216,yes,yes,cellular,2,aug,136,1,-1,0,unknown,no
21,management,married,secondary,no,898,yes,no,telephone,11,jul,384,1,-1,0,unknown,no
18,unknown,divorced,primary,no,-280,no,no,unknown,23,mar,141,1,-1,0,unknown,no
25,entrepreneur,married,secondary,no,4983,yes,no,unknown,24,jun,18,11,318,3,failure,no
46,blue-collar,married,primary,no,2664,yes,no,cellular,19,may,129,27,-1,0,unknown,no
72,retired,married,tertiary,no,925,no,no,cellular,17,may,560,28,-1,0,unknown,no
20,housemaid,single,tertiary,no,3473,yes,yes,cellular,18,may,2,23,-1,0,unknown,no
49,services,married,tertiary,no,1343,no,no,cellular,10,may,582,18,340,3,failure,yes
27,blue-collar,divorced,secondary,no,6079,no,yes,cellular,5,apr,275,13,302,2,failure,no
91,unknown,single,secondary,no,-962,yes,no,unknown,30,jul,1401,28,-1,0,unknown,yes
51,services,married,secondary,no,2406,yes,yes,cellular,25,mar,639,22,72,3,failure,no
72,blue-collar,single,tertiary,no,-4954,yes,no,unknown,21,jul,524,15,-1,0,unknown,no
49,housemaid,divorced,secondary,no,246,yes,yes,unknown,17,aug,9,17,-1,0,unknown,no
67,self-employed,married,secondary,no,1877,yes,no,cellular,28,jun,84,10,-1,0,unknown,no
24,blue-collar,married,unknown,no,458,yes,no,cellular,1,aug,121,8,-1,0,unknown,no
25,technician,single,unknown,no,-1893,yes,no,cellular,13,nov,310,21,66,5,failure,no
82,services,married,secondary,no,-660,no,no,unknown,2,may,269,9,-1,0,unknown,no
74,admin.,divorced,secondary,no,-1597,yes,no,telephone,17,jul,48,19,171,5,other,no
84,unemployed,married,tertiary,no,1063,no,no,unknown,15,may,344,18,-1,0,unknown,no
76,admin.,married,primary,no,3777,no,no,cellular,8,jun,43,8,-1,0,unknown,no
89,student,divorced,secondary,no,381,yes,no,cellular,2,feb,157,27,-1,0,unknown,no
71,admin.,single,secondary,no,6848,yes,no,cellular,28,apr,223,5,-1,0,unknown,no
84,technician,married,primary,no,2107,yes,no,cellular,27,aug,527,14,348,7,other,no
68,management,divorced,primary,no,-4723,no,no,unknown,8,may,257,13,-1,0,unknown,no
25,blue-collar,married,tertiary,no,2421,yes,no,cellular,27,aug,799,1,-1,0,unknown,yes
51,technician,married,secondary,no,1270,no,no,cellular,5,aug,1342,11,-1,0,unknown,yes
52,management,divorced,secondary,no,5554,no,no,cellular,17,dec,183,12,-1,0,unknown,no
49,management,married,tertiary,no,1371,no,no,cellular,4,aug,13,6,157,4,failure,no
63,technician,married,secondary,no,662,yes,no,cellular,12,apr,7,12,-1,0,unknown,no
33,admin.,married,secondary,no,7640,no,yes,cellular,18,jul,499,3,-1,0,unknown,yes
85,housemaid,single,secondary,no,-4895,yes,no,cellular,6,jul,178,8,-1,0,unknown,no
54,management,married,secondary,no,389,yes,no,telephone,5,nov,117,29,-1,0,unknown,no
71,admin.,married,tertiary,yes,2219,yes,no,telephone,28,aug,86,22,-1,0,unknown,no
31,entrepreneur,single,primary,no,223,no,no,cellular,25,jun,85,2,-1,0,unknown,no
72,unknown,married,tertiary,no,-4880,no,no,cellular,28,jul,19,6,-1,0,unknown,no
65,blue-collar,single,primary,no,2634,yes,no,cellular,19,jun,93,3,-1,0,unknown,no
24,management,divorced,primary,no,48,yes,no,cellular,5,jun,267,7,-1,0,unknown,no
91,student,married,secondary,yes,1013,yes,no,unknown,10,aug,125,16,-1,0,unknown,no
24,unknown,married,secondary,no,5198,no,no,cellular,23,apr,761,17,-1,0,unknown,yes
50,blue-collar,married,secondary,no,2335,yes,yes,cellular,25,jul,284,12,-1,0,unknown,no
40,management,single,secondary,no,-438,yes,no,cellular,19,apr,514,15,-1,0,unknown,no
36,blue-collar,single,primary,no,2602,no,no,cellular,4,sep,31,14,46,3,failure,no
36,blue-collar,married,secondary,no,148,no,no,cellular,13,nov,154,1,-1,0,unknown,no
53,technician,married,secondary,no,511,yes,no,cellular,13,aug,10,26,-1,0,unknown,no
46,management,married,tertiary,no,3693,yes,no,unknown,17,aug,581,12,-1,0,unknown,no
77,entrepreneur,married,tertiary,no,-503,yes,no,unknown,18,nov,40,20,-1,0,unknown,no
19,blue-collar,married,tertiary,no,3106,yes,no,cellular,19,may,422,23,-1,0,unknown,no
18,management,single,tertiary,no,731,yes,no,cellular,30,may,664,20,-1,0,unknown,no
64,blue-collar,married,secondary,no,-101,no,no,unknown,26,jun,150,14,-1,0,unknown,no
86,admin.,single,secondary,no,-91,no,yes,cellular,23,jan,127,16,-1,0,unknown,no
37,management,married,primary,no,-419,yes,no,unknown,23,nov,236,25,-1,0,unknown,no
28,entrepreneur,married,secondary,no,1689,no,no,unknown,17,feb,347,15,-1,0,unknown,no
19,technician,married,secondary,no,597,yes,yes,cellular,25,jul,267,8,-1,0,unknown,no
84,technician,single,secondary,no,5530,no,yes,cellular,3,may,0,21,-1,0,unknown,no
29,unknown,married,secondary,no,-1239,no,no,cellular,13,apr,397,1,-1,0,unknown,no
37,technician,married,secondary,no,3051,no,no,unknown,13,feb,41,13,-1,0,unknown,no
22,technician,married,tertiary,no,4851,yes,no,cellular,3,may,154,3,-1,0,unknown,no
54,unknown,single,tertiary,no,6612,yes,no,cellular,2,apr,85,24,-1,0,unknown,no
55,blue-collar,married,tertiary,no,-1013,no,no,cellular,15,nov,678,12,-1,0,unknown,no
26,blue-collar,married,secondary,no,4495,no,no,cellular,3,may,179,7,-1,0,unknown,no
70,housemaid,single,secondary,no,2039,yes,no,cellular,22,apr,190,8,197,5,failure,no
61,admin.,single,secondary,no,4578,no,no,unknown,16,aug,20,17,234,9,failure,no
41,blue-collar,married,secondary,no,-512,no,no,unknown,29,may,587,18,-1,0,unknown,no
91,management,single,secondary,no,1073,yes,no,unknown,10,sep,70,10,291,7,failure,no
47,entrepreneur,married,secondary,no,330,yes,no,cellular,20,aug,137,15,-1,0,unknown,no
76,management,single,tertiary,no,69,yes,no,cellular,2,dec,1088,23,157,5,other,yes
31,blue-collar,single,tertiary,no,1545,no,no,cellular,15,aug,31,21,27,4,failure,no
26,management,married,primary,no,8906,no,yes,cellular,8,may,327,21,224,2,failure,no
57,management,single,tertiary,yes,3428,no,no,cellular,13,jul,77,28,-1,0,unknown,no
83,unemployed,married,secondary,no,368,no,no,unknown,1,jul,140,29,-1,0,unknown,no
42,blue-collar,married,secondary,no,546,yes,no,unknown,26,jun,139,10,-1,0,unknown,no
90,blue-collar,single,secondary,no,3109,yes,yes,cellular,24,may,694,9,-1,0,unknown,yes
39,management,divorced,secondary,no,863,no,no,cellular,2,may,2,1,294,4,other,no
21,retired,married,secondary,no,874,no,no,cellular,9,aug,118,21,345,7,other,no
43,blue-collar,married,secondary,no,-1905,no,no,unknown,29,apr,493,23,388,3,failure,no
75,entrepreneur,married,tertiary,no,1280,yes,no,unknown,20,mar,622,5,-1,0,unknown,no
46,blue-collar,divorced,tertiary,no,-6153,no,yes,telephone,20,may,96,15,-1,0,unknown,no
54,unknown,single,tertiary,no,-3883,yes,no,unknown,23,aug,71,14,-1,0,unknown,no
92,entrepreneur,single,secondary,no,371,yes,no,unknown,19,sep,159,26,-1,0,unknown,no
87,retired,married,tertiary,no,3402,yes,no,cellular,12,jul,353,11,-1,0,unknown,no
35,blue-collar,single,tertiary,no,6256,no,no,unknown,12,aug,43,23,-1,0,unknown,no
59,unknown,single,tertiary,no,2626,yes,no,telephone,10,feb,395,17,-1,0,unknown,no
58,blue-collar,single,secondary,no,3024,no,no,cellular,19,jun,185,21,-1,0,unknown,no
55,entrepreneur,married,tertiary,no,1760,no,no,telephone,20,may,39,14,-1,0,unknown,no
51,blue-collar,married,tertiary,no,3937,yes,no,cellular,10,jul,287,6,-1,0,unknown,no
34,retired,married,secondary,no,2062,no,no,cellular,19,nov,255,22,-1,0,unknown,no
54,technician,single,secondary,no,2539,yes,no,cellular,26,jan,251,4,-1,0,unknown,no
42,management,married,secondary,no,-3268,yes,yes,cellular,24,jul,362,13,-1,0,unknown,no
93,unknown,single,tertiary,no,2210,yes,no,unknown,9,aug,51,21,-1,0,unknown,no
44,blue-collar,married,tertiary,no,1491,no,no,cellular,29,aug,308,24,37,8,other,no
74,retired,single,secondary,no,173,yes,no,unknown,29,feb,563,22,-1,0,unknown,no
48,unknown,married,secondary,no,394,yes,no,cellular,5,may,194,17,-1,0,unknown,no
23,retired,married,primary,no,-2579,yes,no,cellular,28,apr,171,21,261,2,failure,no
57,retired,married,secondary,no,3039,yes,no,unknown,29,apr,412,12,-1,0,unknown,no
29,blue-collar,married,secondary,no,2126,no,no,unknown,29,aug,40,23,-1,0,unknown,no
70,blue-collar,married,secondary,no,1629,yes,yes,unknown,3,may,107,12,-1,0,unknown,no
88,technician,single,tertiary,no,2112,no,no,cellular,23,aug,496,24,-1,0,unknown,no
27,management,married,tertiary,no,-2316,yes,no,cellular,19,may,178,4,-1,0,unknown,no
62,management,married,secondary,no,6711,yes,no,cellular,22,apr,473,2,140,9,other,no
34,services,married,unknown,no,4251,no,no,unknown,27,aug,74,20,-1,0,unknown,no
43,management,married,tertiary,no,3283,no,no,unknown,4,jul,127,6,-1,0,unknown,no
79,management,married,secondary,no,5875,yes,no,unknown,23,apr,447,6,-1,0,unknown,no
63,technician,married,tertiary,no,2055,yes,yes,cellular,14,nov,46,22,-1,0,unknown,no
81,management,married,secondary,no,574,no,no,cellular,6,may,580,1,-1,0,unknown,no
19,admin.,married,tertiary,no,2243,yes,no,cellular,13,jul,95,11,-1,0,unknown,no
71,retired,single,secondary,no,6002,yes,yes,cellular,28,feb,928,23,395,5,other,yes
82,housemaid,married,tertiary,no,-1261,yes,no,unknown,7,jun,453,23,-1,0,unknown,no
68,blue-collar,married,secondary,no,5966,yes,no,telephone,12,nov,156,29,-1,0,unknown,no
70,services,married,primary,no,-2634,no,yes,cellular,28,oct,349,21,-1,0,unknown,no
53,admin.,divorced,secondary,no,3021,no,yes,cellular,20,may,209,29,-1,0,unknown,no
43,technician,single,tertiary,no,4452,yes,no,unknown,28,sep,495,12,-1,0,unknown,no
46,retired,single,secondary,no,3355,no,yes,cellular,28,may,188,4,-1,0,unknown,no
38,technician,married,primary,no,4564,no,no,cellular,14,sep,1140,28,-1,0,unknown,yes
28,retired,single,tertiary,no,1039,yes,no,cellular,13,aug,36,16,-1,0,unknown,no
57,technician,married,secondary,no,-2397,no,no,cellular,11,may,291,27,323,7,success,no
28,housemaid,married,primary,no,4572,yes,yes,unknown,6,nov,72,19,-1,0,unknown,no
53,management,single,secondary,no,6967,no,no,cellular,26,jun,54,27,-1,0,unknown,no
76,technician,married,tertiary,no,928,yes,no,cellular,7,may,135,11,-1,0,unknown,no
56,entrepreneur,divorced,tertiary,no,3467,no,no,cellular,10,may,118,11,-1,0,unknown,no
71,services,married,secondary,no,-1057,yes,no,unknown,24,nov,12,13,-1,0,unknown,no
72,admin.,divorced,unknown,no,-1283,no,yes,cellular,26,aug,143,13,-1,0,unknown,no
41,retired,single,secondary,no,1744,yes,yes,unknown,15,may,782,8,-1,0,unknown,no
39,retired,married,secondary,no,-760,yes,no,unknown,9,may,162,11,-1,0,unknown,no
86,blue-collar,married,primary,no,1710,no,no,cellular,3,may,92,16,-1,0,unknown,no
73,technician,married,tertiary,no,10512,no,no,unknown,5,may,768,13,259,6,other,yes
50,management,divorced,secondary,no,-695,no,yes,cellular,28,apr,181,24,-1,0,unknown,no
53,technician,married,secondary,no,2446,no,no,unknown,10,jun,87,3,-1,0,unknown,no
37,admin.,single,tertiary,no,-3853,no,no,cellular,15,mar,394,27,386,3,other,no
79,student,divorced,secondary,no,2991,yes,no,unknown,3,feb,65,11,-1,0,unknown,no
90,blue-collar,married,primary,no,-694,yes,no,cellular,21,jul,73,21,-1,0,unknown,no
43,services,married,tertiary,no,2299,yes,no,cellular,18,apr,101,8,19,4,other,no
83,blue-collar,single,secondary,no,2219,no,no,unknown,3,sep,129,10,-1,0,unknown,no
90,technician,married,secondary,no,1839,yes,no,cellular,7,apr,225,26,-1,0,unknown,no
90,self-employed,married,secondary,no,-1420,yes,no,cellular,30,jul,186,22,-1,0,unknown,no
57,admin.,married,secondary,no,570,no,no,cellular,24,jul,351,18,-1,0,unknown,no
34,admin.,married,tertiary,no,2129,yes,no,cellular,21,may,325,17,-1,0,unknown,no
18,management,single,unknown,no,694,yes,no,cellular,14,oct,12,7,-1,0,unknown,no
78,retired,married,tertiary,no,5631,no,no,cellular,16,jun,37,18,-1,0,unknown,no
60,retired,divorced,secondary,no,1545,yes,no,cellular,19,may,62,10,-1,0,unknown,no
59,admin.,married,secondary,no,-1556,no,yes,cellular,4,nov,234,26,-1,0,unknown,no
42,services,single,tertiary,no,2716,yes,yes,unknown,3,sep,582,20,-1,0,unknown,yes
56,management,married,tertiary,no,-5918,yes,yes,unknown,3,aug,101,27,-1,0,unknown,no
52,technician,married,tertiary,no,7306,no,no,cellular,9,may,855,22,-1,0,unknown,yes
20,student,married,secondary,no,-3740,yes,yes,unknown,4,may,48,13,-1,0,unknown,no
61,admin.,single,primary,no,4111,yes,yes,cellular,22,jul,667,7,-1,0,unknown,no
68,management,divorced,secondary,no,3644,no,no,cellular,19,may,416,23,-1,0,unknown,no
29,blue-collar,married,tertiary,no,-1969,yes,yes,cellular,24,jun,127,7,-1,0,unknown,no
36,technician,married,tertiary,no,3100,yes,no,unknown,28,aug,59,20,-1,0,unknown,no
61,blue-collar,married,tertiary,no,-646,yes,yes,cellular,11,jul,128,11,-1,0,unknown,no
76,entrepreneur,married,secondary,no,925,no,no,unknown,15,aug,62,10,371,8,other,no
66,technician,single,tertiary,no,2833,yes,no,cellular,4,nov,212,26,-1,0,unknown,no
78,self-employed,single,secondary,no,1277,no,no,cellular,29,nov,220,12,364,3,success,no
34,retired,married,tertiary,no,-1578,yes,yes,cellular,8,jun,377,13,-1,0,unknown,no
91,technician,divorced,secondary,no,2653,yes,yes,unknown,2,mar,193,12,-1,0,unknown,no
74,management,married,secondary,no,797,no,no,cellular,25,aug,109,12,-1,0,unknown,no
72,services,single,secondary,no,1090,yes,no,telephone,18,apr,625,6,-1,0,unknown,no
64,blue-collar,married,primary,no,1267,yes,no,cellular,3,may,20,3,-1,0,unknown,no
29,entrepreneur,married,tertiary,no,-2613,no,no,cellular,3,jul,426,8,-1,0,unknown,no
79,housemaid,married,tertiary,no,-1950,no,no,unknown,21,aug,135,17,235,4,other,no
25,unknown,married,tertiary,no,-345,yes,no,cellular,19,aug,51,13,-1,0,unknown,no
38,entrepreneur,single,primary,no,2652,yes,no,cellular,30,jun,33,8,388,4,failure,no
87,blue-collar,single,secondary,no,-1365,yes,no,cellular,12,nov,64,5,-1,0,unknown,no
89,services,married,tertiary,no,4989,no,no,unknown,24,aug,33,24,-1,0,unknown,no
42,retired,single,tertiary,no,2026,no,yes,cellular,14,jul,158,28,155,6,success,no
29,admin.,married,secondary,no,2515,no,no,cellular,26,jun,111,4,-1,0,unknown,no
32,blue-collar,single,secondary,no,426,yes,no,cellular,23,jun,113,16,-1,0,unknown,no
76,management,married,secondary,no,-3366,yes,no,cellular,27,may,44,18,-1,0,unknown,no
43,admin.,married,secondary,no,3017,yes,no,cellular,13,aug,278,4,-1,0,unknown,no
43,admin.,married,secondary,no,-744,yes,no,telephone,16,sep,241,11,-1,0,unknown,no
64,services,married,secondary,no,-3053,no,no,cellular,17,aug,1040,8,-1,0,unknown,yes
49,retired,single,tertiary,no,-1082,yes,no,cellular,22,jul,47,26,-1,0,unknown,no
27,management,married,secondary,no,1182,no,no,unknown,18,aug,463,1,-1,0,unknown,no
33,blue-collar,married,secondary,no,-5712,no,no,unknown,13,aug,8,27,-1,0,unknown,no
88,management,married,primary,no,413,yes,no,unknown,29,aug,19,13,-1,0,unknown,no
34,blue-collar,single,secondary,no,4446,no,no,cellular,24,dec,269,21,-1,0,unknown,no
40,technician,single,secondary,no,1517,yes,no,cellular,26,aug,134,27,-1,0,unknown,no
43,admin.,married,tertiary,no,5020,yes,no,unknown,13,may,67,22,-1,0,unknown,no
24,blue-collar,married,secondary,no,212,yes,no,unknown,8,aug,0,4,-1,0,unknown,no
31,management,single,secondary,no,4881,yes,no,cellular,7,may,280,4,-1,0,unknown,no
24,admin.,married,secondary,no,-2602,yes,no,unknown,8,jun,149,4,-1,0,unknown,no
26,services,married,unknown,no,3221,no,no,unknown,17,aug,48,13,-1,0,unknown,no
65,admin.,married,tertiary,yes,1097,no,no,telephone,24,may,924,19,-1,0,unknown,yes
89,retired,married,tertiary,no,5486,yes,yes,unknown,1,feb,111,16,-1,0,unknown,no
76,management,married,unknown,no,184,no,no,unknown,3,aug,93,28,-1,0,unknown,no
56,blue-collar,single,primary,no,-1735,no,no,telephone,4,nov,184,14,-1,0,unknown,no
35,entrepreneur,married,tertiary,no,2942,no,no,cellular,19,nov,83,10,-1,0,unknown,no
76,technician,single,tertiary,no,6363,yes,no,unknown,28,aug,82,5,-1,0,unknown,no
34,unknown,married,secondary,no,2130,yes,no,unknown,2,nov,874,15,-1,0,unknown,yes
31,retired,single,secondary,no,1295,no,no,unknown,29,aug,78,6,-1,0,unknown,no
48,blue-collar,married,tertiary,no,-2222,no,no,cellular,11,feb,239,19,-1,0,unknown,no
41,blue-collar,married,tertiary,no,4262,yes,yes,unknown,29,may,9,14,-1,0,unknown,no
77,blue-collar,married,unknown,no,1267,no,no,cellular,11,may,43,27,-1,0,unknown,no
62,management,married,secondary,no,3524,yes,no,cellular,19,may,5,11,-1,0,unknown,no
20,management,married,tertiary,no,2013,no,no,unknown,25,aug,197,3,-1,0,unknown,no
54,admin.,single,tertiary,no,7542,yes,no,cellular,28,jul,174,25,-1,0,unknown,no
60,admin.,married,secondary,no,-250,no,no,telephone,2,aug,103,2,-1,0,unknown,no
57,services,divorced,tertiary,no,-140,no,no,cellular,5,jul,310,6,148,4,failure,no
72,services,divorced,tertiary,no,4462,yes,no,cellular,19,jul,253,24,-1,0,unknown,no
56,services,married,secondary,no,4535,yes,no,cellular,29,may,236,8,-1,0,unknown,no
32,technician,divorced,tertiary,no,4630,no,no,cellular,9,aug,105,1,-1,0,unknown,no
21,blue-collar,married,secondary,no,1383,yes,no,cellular,7,jul,102,28,-1,0,unknown,no
42,housemaid,married,secondary,no,2044,no,no,cellular,26,may,533,14,107,7,success,yes
30,unknown,married,tertiary,no,-2620,no,yes,cellular,12,dec,202,16,5,1,other,no
50,management,married,secondary,no,939,no,no,cellular,28,jun,81,17,-1,0,unknown,no
33,blue-collar,married,secondary,no,2252,yes,no,telephone,19,may,202,8,-1,0,unknown,no
59,housemaid,divorced,secondary,no,2254,no,no,cellular,18,jul,80,17,-1,0,unknown,no
83,management,married,secondary,no,-851,yes,yes,cellular,28,may,52,13,-1,0,unknown,no
72,services,married,secondary,no,-1876,yes,no,cellular,18,aug,85,19,-1,0,unknown,no
59,unknown,single,secondary,no,4554,no,no,unknown,21,jul,255,9,128,1,failure,no
51,management,married,tertiary,no,4084,no,no,cellular,9,sep,187,3,-1,0,unknown,no
47,management,married,primary,no,725,yes,no,cellular,2,may,46,18,-1,0,unknown,no
30,technician,single,secondary,no,4519,yes,yes,unknown,2,sep,615,1,-1,0,unknown,yes
30,admin.,married,secondary,no,4240,yes,no,cellular,15,jun,177,13,-1,0,unknown,no
35,housemaid,married,secondary,no,-3613,yes,no,cellular,24,mar,407,13,197,6,other,no
49,blue-collar,married,secondary,no,1110,no,no,telephone,16,may,103,12,-1,0,unknown,no
56,services,married,tertiary,no,5437,no,no,cellular,28,may,815,1,292,3,failure,yes
63,technician,divorced,primary,no,-3348,no,no,unknown,14,aug,359,10,-1,0,unknown,no
46,retired,single,primary,no,-2930,yes,no,unknown,19,may,156,19,-1,0,unknown,no
79,retired,married,secondary,no,3301,yes,no,cellular,15,jul,600,22,-1,0,unknown,no
79,technician,married,primary,no,5299,yes,no,unknown,3,jul,326,7,-1,0,unknown,no
74,housemaid,married,secondary,no,582,yes,no,cellular,6,aug,145,14,-1,0,unknown,no
33,admin.,divorced,tertiary,no,13,no,no,unknown,6,aug,942,6,-1,0,unknown,yes
73,services,married,tertiary,no,-3675,yes,no,cellular,22,aug,91,6,-1,0,unknown,no
27,blue-collar,married,tertiary,no,527,yes,yes,unknown,21,may,76,9,335,3,other,no
47,technician,single,secondary,no,-2993,no,no,cellular,20,jul,580,20,-1,0,unknown,no
42,entrepreneur,divorced,secondary,no,358,no,no,cellular,28,may,317,16,-1,0,unknown,no
22,blue-collar,married,tertiary,no,5354,yes,yes,cellular,9,aug,109,5,124,1,failure,no
82,unemployed,married,secondary,no,-2461,no,no,telephone,11,aug,68,15,39,4,success,no
66,admin.,married,secondary,no,665,no,no,cellular,4,may,50,1,257,5,failure,no
20,technician,married,tertiary,no,4004,no,no,cellular,14,jul,97,4,-1,0,unknown,no
62,technician,single,secondary,no,-906,yes,no,cellular,13,mar,34,10,-1,0,unknown,no
31,management,single,tertiary,no,2645,yes,no,cellular,15,aug,40,6,-1,0,unknown,no
47,blue-collar,single,secondary,no,3852,no,no,cellular,17,aug,386,23,-1,0,unknown,no
85,housemaid,married,primary,no,1657,yes,no,unknown,8,may,16,27,-1,0,unknown,no
35,blue-collar,married,secondary,no,1718,yes,no,telephone,11,aug,149,2,-1,0,unknown,no
79,unknown,married,primary,no,-1871,yes,no,cellular,24,sep,133,10,-1,0,unknown,no
54,blue-collar,married,secondary,no,224,yes,no,cellular,11,may,831,22,75,8,success,yes
42,services,single,tertiary,no,1908,no,no,cellular,16,may,161,19,-1,0,unknown,no
65,technician,married,primary,no,-4282,yes,yes,cellular,3,may,45,23,-1,0,unknown,no
82,blue-collar,married,secondary,no,-5317,yes,no,cellular,25,may,23,9,20,7,failure,no
70,technician,married,secondary,no,962,no,yes,cellular,23,jun,340,11,-1,0,unknown,no
90,admin.,married,secondary,no,2558,yes,no,unknown,15,jun,41,4,-1,0,unknown,no
32,retired,married,secondary,no,1686,yes,no,unknown,13,feb,717,24,-1,0,unknown,no
66,entrepreneur,single,tertiary,no,-3441,yes,no,cellular,7,mar,211,10,-1,0,unknown,no
85,admin.,married,secondary,no,4732,yes,no,cellular,5,jul,132,6,-1,0,unknown,no
29,entrepreneur,single,primary,no,1732,yes,no,unknown,28,jun,297,3,-1,0,unknown,no
76,entrepreneur,married,tertiary,no,4334,no,no,unknown,12,apr,57,13,303,6,other,no
54,management,married,secondary,no,-493,no,yes,unknown,3,may,124,19,-1,0,unknown,no
78,admin.,divorced,primary,no,2217,no,no,cellular,30,jun,8,3,349,1,other,no
60,technician,married,secondary,no,2983,no,no,unknown,26,jul,542,20,-1,0,unknown,no
87,blue-collar,single,secondary,no,4435,no,no,cellular,12,apr,142,18,-1,0,unknown,no
56,blue-collar,married,secondary,no,4181,no,no,cellular,5,dec,366,12,349,7,failure,no
73,self-employed,married,tertiary,no,-978,no,no,cellular,19,jun,641,12,-1,0,unknown,no
80,retired,single,secondary,no,1074,no,yes,cellular,29,jul,272,21,-1,0,unknown,no
63,admin.,divorced,tertiary,no,-147,no,no,cellular,19,nov,121,12,-1,0,unknown,no
28,admin.,single,secondary,no,1850,yes,no,cellular,1,feb,249,24,-1,0,unknown,no
79,blue-collar,married,unknown,no,-2890,yes,no,unknown,20,jul,115,28,-1,0,unknown,no
94,technician,married,tertiary,no,-3347,yes,yes,unknown,30,jul,216,29,-1,0,unknown,no
42,services,single,secondary,no,8578,no,no,cellular,25,mar,146,7,-1,0,unknown,no
88,management,single,tertiary,yes,7228,no,no,unknown,12,aug,41,9,-1,0,unknown,no
69,admin.,married,tertiary,no,4919,no,no,unknown,22,may,390,12,352,2,failure,no
21,technician,married,secondary,no,2874,yes,yes,cellular,22,aug,176,19,-1,0,unknown,no
76,management,single,secondary,no,3748,yes,yes,cellular,6,may,54,4,-1,0,unknown,no
89,technician,married,secondary,no,3756,yes,no,cellular,29,aug,573,24,-1,0,unknown,no
37,technician,married,primary,no,6386,no,no,cellular,21,nov,495,10,-1,0,unknown,no
80,blue-collar,single,tertiary,no,-55,no,no,unknown,18,sep,211,27,-1,0,unknown,no
71,entrepreneur,married,secondary,no,-850,no,no,telephone,21,jun,907,19,-1,0,unknown,no
91,technician,married,secondary,no,1376,yes,no,cellular,16,may,675,17,-1,0,unknown,no
74,unemployed,single,secondary,no,3208,yes,no,unknown,11,dec,586,18,-1,0,unknown,no
58,services,married,tertiary,no,657,yes,yes,cellular,10,jul,36,10,-1,0,unknown,no
20,management,single,tertiary,no,-235,yes,no,cellular,3,may,90,26,-1,0,unknown,no
23,housemaid,married,unknown,no,5733,no,yes,unknown,26,jun,136,24,-1,0,unknown,no
22,blue-collar,married,secondary,no,-1089,yes,yes,unknown,27,apr,460,12,-1,0,unknown,no
22,entrepreneur,married,secondary,no,5827,yes,yes,cellular,18,jun,528,23,-1,0,unknown,no
71,technician,divorced,secondary,no,4311,no,no,cellular,12,may,359,20,-1,0,unknown,no
64,admin.,married,primary,no,7157,yes,no,telephone,14,may,164,8,244,1,failure,no
66,self-employed,married,secondary,no,7971,yes,no,unknown,4,jun,45,19,-1,0,unknown,no
26,services,married,secondary,no,2532,no,yes,cellular,10,nov,9,1,-1,0,unknown,no
37,technician,married,tertiary,no,7657,yes,no,unknown,25,jul,310,4,-1,0,unknown,no
78,blue-collar,married,secondary,no,2937,no,yes,cellular,7,may,1326,6,-1,0,unknown,yes
52,housemaid,married,secondary,no,2610,yes,yes,cellular,16,apr,109,22,-1,0,unknown,no
67,student,married,tertiary,no,2003,no,no,cellular,26,aug,216,4,-1,0,unknown,no
79,services,married,secondary,no,118,yes,no,cellular,9,jun,429,16,-1,0,unknown,no
34,housemaid,single,secondary,no,3701,no,no,cellular,30,apr,53,8,-1,0,unknown,no
20,admin.,single,secondary,no,4873,yes,no,unknown,3,jul,456,9,-1,0,unknown,no
49,admin.,married,secondary,no,-2773,yes,no,cellular,2,may,253,15,-1,0,unknown,no
30,blue-collar,married,secondary,no,9101,yes,no,cellular,25,may,217,18,-1,0,unknown,no
90,admin.,single,primary,no,6295,no,no,cellular,6,aug,370,3,267,4,other,no
85,services,single,secondary,no,-324,yes,yes,cellular,10,may,71,28,121,9,failure,no
31,blue-collar,married,tertiary,no,3109,no,no,cellular,4,may,246,24,254,3,other,no
28,services,divorced,secondary,no,1292,no,no,cellular,4,may,70,17,-1,0,unknown,no
73,technician,married,secondary,no,2420,yes,no,cellular,10,jan,51,1,-1,0,unknown,no
84,technician,married,secondary,no,1014,yes,no,unknown,10,sep,251,7,-1,0,unknown,no
46,management,married,secondary,no,2991,yes,no,cellular,13,aug,80,10,-1,0,unknown,no
26,management,divorced,secondary,no,-1785,no,no,telephone,6,jul,323,15,-1,0,unknown,no
84,unemployed,married,secondary,no,7992,yes,no,unknown,7,nov,186,23,251,3,failure,no
42,blue-collar,single,tertiary,no,-1557,no,no,cellular,28,may,306,13,-1,0,unknown,no
93,management,married,secondary,no,3079,no,yes,unknown,27,may,573,23,101,1,success,yes
59,housemaid,married,unknown,no,-613,no,no,cellular,26,apr,38,29,-1,0,unknown,no
26,admin.,married,secondary,no,953,yes,yes,cellular,5,jul,17,29,-1,0,unknown,no
57,technician,single,secondary,no,2805,no,no,cellular,15,jun,131,5,-1,0,unknown,no
42,entrepreneur,married,secondary,no,1715,yes,yes,cellular,30,aug,325,28,-1,0,unknown,no
22,services,married,secondary,no,1810,yes,no,cellular,8,jun,560,7,-1,0,unknown,no
28,unknown,married,tertiary,no,317,no,yes,cellular,10,may,9,14,-1,0,unknown,no
76,management,single,tertiary,no,-652,no,yes,unknown,12,aug,406,14,-1,0,unknown,no
55,entrepreneur,married,secondary,no,3411,yes,yes,cellular,17,jun,20,9,-1,0,unknown,no
89,management,married,secondary,no,-1140,no,no,cellular,16,nov,224,22,-1,0,unknown,no
22,management,married,tertiary,no,-526,yes,no,unknown,30,jul,108,6,227,5,success,no
65,services,divorced,secondary,no,-491,no,no,cellular,1,apr,4,19,-1,0,unknown,no
35,blue-collar,single,secondary,no,427,yes,no,unknown,4,sep,26,15,-1,0,unknown,no
87,retired,single,secondary,no,-2838,yes,no,unknown,8,sep,112,16,-1,0,unknown,no
54,unknown,married,secondary,no,-2792,no,no,cellular,27,jun,793,23,46,4,other,no
77,technician,married,secondary,no,3051,no,no,cellular,24,feb,43,22,225,7,success,no
65,admin.,divorced,primary,no,3085,yes,yes,unknown,6,feb,81,12,-1,0,unknown,no
94,management,married,tertiary,no,2354,no,no,cellular,21,may,1325,21,-1,0,unknown,yes
45,blue-collar,married,tertiary,no,5547,no,no,unknown,10,aug,169,3,-1,0,unknown,no
86,student,married,secondary,no,-1224,no,no,cellular,26,may,78,3,-1,0,unknown,no
94,services,divorced,tertiary,no,-3753,no,yes,cellular,18,jan,246,6,151,2,success,no
57,blue-collar,married,tertiary,no,3777,no,no,cellular,13,sep,147,22,7,4,failure,no
62,services,married,tertiary,no,-3818,no,yes,cellular,5,nov,504,21,-1,0,unknown,no
79,blue-collar,single,secondary,no,1011,yes,no,cellular,12,may,2,19,-1,0,unknown,no
75,self-employed,married,unknown,no,2256,no,no,cellular,21,apr,1480,12,348,4,failure,yes
84,technician,married,secondary,no,7604,no,no,cellular,18,may,17,16,-1,0,unknown,no
73,management,divorced,primary,no,-218,yes,no,unknown,8,aug,198,18,159,7,failure,no
57,unknown,divorced,secondary,no,2,yes,no,cellular,14,jul,308,4,-1,0,unknown,no
57,student,single,secondary,no,3405,yes,yes,cellular,15,may,205,20,-1,0,unknown,no
94,retired,single,secondary,no,3227,yes,no,cellular,26,may,92,26,-1,0,unknown,no
50,management,married,tertiary,no,391,no,no,cellular,5,apr,498,13,-1,0,unknown,no
23,technician,divorced,secondary,no,1977,yes,no,cellular,5,may,145,13,-1,0,unknown,no
36,management,married,primary,no,-789,no,no,cellular,28,jun,92,2,-1,0,unknown,no
57,housemaid,single,primary,no,2761,yes,yes,cellular,17,jul,377,28,-1,0,unknown,no
76,blue-collar,divorced,tertiary,no,-3359,yes,no,telephone,13,may,40,9,-1,0,unknown,no
76,technician,single,tertiary,no,10145,yes,no,cellular,17,nov,59,27,-1,0,unknown,no
65,technician,single,tertiary,no,3585,yes,yes,cellular,11,jun,75,11,-1,0,unknown,no
58,technician,single,tertiary,no,-1882,no,no,cellular,1,may,147,3,-1,0,unknown,no
30,technician,married,secondary,no,618,yes,no,cellular,24,jul,5,17,-1,0,unknown,no
62,admin.,single,tertiary,no,-1737,yes,no,cellular,13,may,1238,12,-1,0,unknown,yes
70,management,married,primary,no,-1033,yes,no,cellular,26,apr,236,5,147,3,failure,no
59,admin.,married,secondary,no,2056,yes,no,cellular,18,may,910,14,-1,0,unknown,yes
80,technician,married,primary,no,5596,yes,no,cellular,24,feb,425,26,-1,0,unknown,no
44,retired,married,secondary,no,1118,yes,no,cellular,29,may,37,19,-1,0,unknown,no
55,technician,single,secondary,no,-4249,yes,no,cellular,28,jul,60,22,-1,0,unknown,no
77,admin.,divorced,secondary,no,-419,no,no,cellular,6,aug,9,17,305,5,failure,no
24,services,married,secondary,no,-222,yes,no,unknown,13,jul,462,26,-1,0,unknown,no
22,technician,married,primary,yes,1688,no,no,cellular,21,aug,232,4,-1,0,unknown,no
62,management,married,primary,no,999,yes,no,unknown,22,aug,62,1,-1,0,unknown,no
75,admin.,divorced,tertiary,no,-5176,no,yes,cellular,20,aug,905,17,-1,0,unknown,yes
48,blue-collar,married,unknown,no,-1352,yes,no,unknown,28,may,344,10,-1,0,unknown,no
40,self-employed,single,secondary,no,-1900,no,no,unknown,11,jul,315,8,-1,0,unknown,no
59,blue-collar,divorced,secondary,yes,4114,yes,no,telephone,19,may,80,26,-1,0,unknown,no
27,retired,married,tertiary,no,566,no,no,cellular,27,jul,96,11,-1,0,unknown,no
49,student,divorced,primary,no,-4573,no,no,cellular,20,may,284,20,-1,0,unknown,no
70,blue-collar,divorced,secondary,no,-1183,yes,no,unknown,9,may,232,10,127,8,success,no
47,admin.,divorced,unknown,no,4946,no,no,cellular,13,may,268,19,-1,0,unknown,no
56,management,married,tertiary,no,-375,yes,yes,telephone,15,jul,544,6,-1,0,unknown,no
48,housemaid,married,unknown,no,-616,no,no,cellular,24,aug,45,11,-1,0,unknown,no
19,services,single,secondary,no,911,no,no,cellular,11,jul,31,16,-1,0,unknown,no
94,admin.,married,secondary,no,2098,yes,yes,unknown,24,apr,214,10,138,2,other,no
29,blue-collar,single,tertiary,no,993,yes,no,cellular,16,nov,178,25,-1,0,unknown,no
56,entrepreneur,married,tertiary,no,4491,no,yes,cellular,17,jan,133,22,-1,0,unknown,no
83,technician,married,secondary,no,994,no,no,cellular,5,oct,606,1,-1,0,unknown,no
30,retired,married,primary,no,3444,no,no,cellular,22,aug,210,8,-1,0,unknown,no
63,technician,married,primary,no,2012,no,no,cellular,30,apr,216,17,-1,0,unknown,no
44,blue-collar,married,secondary,no,-2457,yes,no,unknown,14,may,117,19,-1,0,unknown,no
34,technician,married,secondary,no,6777,no,no,unknown,15,may,108,9,-1,0,unknown,no
77,services,married,secondary,no,4889,no,no,unknown,9,nov,1132,20,306,3,failure,yes
81,housemaid,single,secondary,no,-278,yes,no,cellular,14,nov,251,8,-1,0,unknown,no
52,management,single,tertiary,no,1088,yes,no,unknown,10,apr,449,9,-1,0,unknown,no
87,blue-collar,married,secondary,no,3267,yes,no,telephone,26,may,153,16,-1,0,unknown,no
47,management,married,tertiary,no,1962,no,no,cellular,22,may,54,14,-1,0,unknown,no
88,technician,married,tertiary,no,1743,yes,no,cellular,13,may,101,24,-1,0,unknown,no
91,blue-collar,married,secondary,no,2938,no,no,cellular,17,dec,109,6,-1,0,unknown,no
80,technician,married,tertiary,no,2482,no,no,unknown,1,dec,214,9,-1,0,unknown,no
45,services,married,secondary,no,2496,yes,no,cellular,14,jun,43,11,23,4,failure,no
77,technician,married,secondary,no,1696,yes,no,telephone,12,may,126,22,-1,0,unknown,no
54,blue-collar,single,tertiary,no,3338,yes,yes,unknown,7,jul,27,15,-1,0,unknown,no
39,unknown,married,unknown,no,2051,yes,no,telephone,3,may,177,15,-1,0,unknown,no
85,unknown,divorced,secondary,no,2126,yes,no,cellular,23,nov,759,5,361,3,other,yes
37,management,married,secondary,no,5546,no,no,unknown,21,aug,106,8,-1,0,unknown,no
85,technician,divorced,secondary,no,2722,no,no,cellular,1,may,13,20,-1,0,unknown,no
81,management,married,secondary,no,2413,no,yes,telephone,27,feb,242,3,-1,0,unknown,no
34,housemaid,married,secondary,no,-1244,yes,no,cellular,30,dec,259,20,-1,0,unknown,no
29,technician,married,tertiary,yes,-1093,yes,no,cellular,24,jul,168,28,-1,0,unknown,no
39,unknown,married,secondary,no,4847,no,no,unknown,13,may,130,25,-1,0,unknown,no
34,services,married,unknown,no,3133,yes,no,unknown,25,may,575,4,-1,0,unknown,no
27,unknown,married,secondary,no,4174,yes,no,cellular,22,jan,719,7,-1,0,unknown,yes
82,housemaid,single,primary,no,2015,no,no,cellular,2,may,288,17,-1,0,unknown,no
39,entrepreneur,married,primary,no,2614,no,no,unknown,9,jan,179,12,-1,0,unknown,no
67,services,single,tertiary,no,984,yes,no,cellular,18,jul,18,6,-1,0,unknown,no
31,admin.,married,secondary,no,1341,yes,yes,unknown,22,jul,92,24,-1,0,unknown,no
81,services,divorced,tertiary,no,171,no,no,cellular,26,aug,86,23,-1,0,unknown,no
64,services,married,tertiary,no,5423,yes,no,cellular,4,may,15,21,216,3,failure,no
46,admin.,married,primary,no,-713,yes,yes,cellular,16,apr,478,4,-1,0,unknown,no
93,management,married,tertiary,no,2344,no,yes,unknown,30,jul,520,18,-1,0,unknown,yes
53,management,married,secondary,no,952,yes,no,unknown,6,jun,628,16,-1,0,unknown,no
69,blue-collar,married,primary,no,4277,no,no,cellular,20,sep,349,1,35,1,success,yes
93,blue-collar,married,unknown,no,2104,yes,no,cellular,27,jul,319,29,-1,0,unknown,no
24,admin.,single,tertiary,no,2806,no,no,cellular,29,jun,167,17,-1,0,unknown,no
46,unknown,divorced,primary,no,2044,no,no,unknown,3,jun,502,5,-1,0,unknown,no
28,technician,married,tertiary,no,-1554,yes,yes,unknown,28,aug,184,25,-1,0,unknown,no
50,management,divorced,tertiary,no,3073,yes,no,cellular,11,feb,7,23,-1,0,unknown,no
23,management,divorced,tertiary,no,1124,no,no,cellular,24,nov,226,18,260,8,failure,no
49,entrepreneur,single,tertiary,no,-862,yes,no,unknown,29,aug,127,6,-1,0,unknown,no
68,admin.,married,secondary,no,-2810,no,no,cellular,5,oct,190,26,350,1,failure,no
92,management,married,tertiary,no,-1029,yes,yes,cellular,1,nov,149,23,-1,0,unknown,no
75,blue-collar,married,tertiary,no,3714,yes,no,cellular,8,may,177,13,-1,0,unknown,no
43,technician,single,secondary,no,6707,yes,no,cellular,19,jul,29,8,-1,0,unknown,no
63,blue-collar,married,secondary,no,1777,yes,no,cellular,4,jun,3,27,341,8,success,no
46,unknown,married,tertiary,no,-1568,yes,no,cellular,9,jul,107,25,-1,0,unknown,no
21,unknown,married,tertiary,no,2671,no,no,cellular,3,mar,75,19,-1,0,unknown,no
30,admin.,married,secondary,no,4654,yes,no,unknown,30,nov,74,28,-1,0,unknown,no
56,technician,single,primary,no,7185,no,no,cellular,5,nov,713,16,-1,0,unknown,yes
32,services,married,primary,no,5214,yes,no,cellular,28,jul,440,18,6,5,failure,no
46,management,single,secondary,no,2094,yes,no,telephone,16,may,3,7,-1,0,unknown,no
46,technician,single,secondary,no,3147,yes,no,cellular,8,aug,2,24,-1,0,unknown,no
92,technician,married,primary,no,-745,yes,no,cellular,6,aug,387,9,-1,0,unknown,no
49,unknown,married,primary,no,3812,no,no,telephone,3,jul,1081,26,389,7,failure,yes
19,self-employed,single,secondary,no,4223,no,yes,unknown,16,may,161,28,-1,0,unknown,no
64,admin.,married,secondary,no,-6069,yes,yes,cellular,8,may,146,21,-1,0,unknown,no
39,services,married,secondary,no,1850,no,no,cellular,13,jul,83,25,37,1,other,no
92,management,married,tertiary,no,5892,yes,yes,cellular,5,apr,283,1,-1,0,unknown,no
44,technician,married,secondary,no,-591,no,no,cellular,6,aug,164,9,-1,0,unknown,no
84,blue-collar,married,tertiary,no,-4954,no,no,cellular,27,may,47,29,-1,0,unknown,no
73,blue-collar,married,secondary,no,1338,yes,yes,cellular,3,nov,169,10,-1,0,unknown,no
38,housemaid,married,primary,no,4650,yes,no,cellular,8,nov,121,21,-1,0,unknown,no
64,blue-collar,married,secondary,no,2623,no,no,cellular,4,may,569,18,-1,0,unknown,no
76,retired,single,tertiary,no,1502,yes,no,unknown,25,apr,380,22,-1,0,unknown,no
23,blue-collar,married,unknown,no,-1354,no,no,cellular,21,jul,311,1,-1,0,unknown,no
36,technician,single,secondary,no,-1872,no,no,unknown,17,jun,102,13,-1,0,unknown,no
74,blue-collar,married,secondary,no,1970,no,yes,unknown,25,may,38,14,-1,0,unknown,no
86,management,single,tertiary,no,1246,yes,no,unknown,8,jul,516,23,-1,0,unknown,no
20,technician,married,secondary,no,3979,yes,no,cellular,21,dec,108,7,-1,0,unknown,no
18,technician,single,primary,no,2743,yes,no,cellular,19,apr,231,28,-1,0,unknown,no
75,technician,married,secondary,no,-807,yes,no,cellular,29,may,230,29,-1,0,unknown,no
55,unknown,single,secondary,no,2190,yes,no,cellular,14,jul,679,26,-1,0,unknown,no
32,technician,married,primary,no,1693,no,no,unknown,9,aug,48,8,-1,0,unknown,no
51,technician,married,tertiary,no,-3570,yes,no,cellular,12,feb,381,1,-1,0,unknown,no
78,services,married,tertiary,no,164,no,no,unknown,13,aug,160,2,-1,0,unknown,no
52,blue-collar,single,secondary,no,1602,no,no,cellular,23,may,49,11,-1,0,unknown,no
81,admin.,single,secondary,no,1081,no,no,unknown,28,aug,465,1,-1,0,unknown,no
42,unknown,married,primary,no,2369,yes,no,cellular,27,aug,442,24,-1,0,unknown,no
41,student,single,secondary,no,1657,yes,no,cellular,8,jun,10,12,-1,0,unknown,no
29,retired,single,secondary,no,2444,yes,no,cellular,3,aug,318,8,-1,0,unknown,no
35,blue-collar,divorced,secondary,no,1922,no,no,unknown,22,aug,43,28,-1,0,unknown,no
32,admin.,single,secondary,no,1352,no,no,cellular,28,aug,243,3,-1,0,unknown,no
44,services,single,tertiary,no,1900,yes,no,cellular,15,may,266,10,386,7,failure,no
89,entrepreneur,married,primary,no,337,yes,no,cellular,20,jul,282,15,128,6,other,no
77,admin.,single,tertiary,no,174,yes,no,unknown,29,may,33,12,-1,0,unknown,no
63,technician,married,tertiary,no,1717,yes,no,cellular,19,aug,235,2,-1,0,unknown,no
34,retired,divorced,secondary,no,-4605,no,no,cellular,4,jul,27,25,-1,0,unknown,no
70,technician,married,tertiary,no,309,no,yes,unknown,2,aug,353,5,-1,0,unknown,no
25,unknown,married,tertiary,no,-696,no,no,unknown,5,may,16,9,-1,0,unknown,no
44,technician,married,secondary,no,-1067,no,no,unknown,24,may,365,18,-1,0,unknown,no
63,entrepreneur,single,secondary,no,476,yes,no,cellular,21,jul,554,6,-1,0,unknown,no
67,management,divorced,primary,no,-2598,yes,no,unknown,2,mar,91,11,-1,0,unknown,no
88,blue-collar,married,secondary,no,490,no,no,cellular,7,may,388,14,152,6,failure,no
20,services,single,secondary,no,2115,no,no,unknown,24,nov,139,1,116,5,failure,no
81,management,single,tertiary,no,4573,yes,no,cellular,11,may,412,23,-1,0,unknown,no
61,housemaid,single,tertiary,no,8019,yes,yes,cellular,12,may,299,4,-1,0,unknown,yes
70,management,married,tertiary,no,-4063,yes,no,cellular,4,nov,88,7,-1,0,unknown,no
41,services,single,secondary,no,-1379,no,no,cellular,3,feb,55,9,-1,0,unknown,no
77,retired,married,unknown,no,489,yes,no,unknown,8,jun,635,17,256,5,failure,no
20,blue-collar,single,tertiary,no,1836,no,no,unknown,26,aug,471,17,292,9,failure,no
37,management,married,primary,no,2515,yes,no,cellular,18,nov,278,11,-1,0,unknown,no
63,unknown,married,secondary,no,-408,no,no,cellular,23,aug,110,23,-1,0,unknown,no
32,technician,single,secondary,no,-6161,yes,no,unknown,26,oct,184,26,392,7,other,no
42,management,married,secondary,no,4525,yes,no,cellular,24,feb,210,27,143,9,failure,no
88,blue-collar,married,secondary,no,2929,yes,no,cellular,5,apr,23,12,-1,0,unknown,no
34,blue-collar,single,secondary,no,3561,yes,yes,cellular,16,aug,924,15,-1,0,unknown,yes
26,student,married,secondary,no,778,no,no,telephone,23,aug,24,2,-1,0,unknown,no
55,unknown,married,tertiary,no,2475,no,yes,cellular,12,jul,329,8,-1,0,unknown,no
65,management,married,tertiary,no,-4576,yes,no,unknown,9,aug,175,20,85,1,failure,no
77,admin.,married,tertiary,no,-1789,yes,no,cellular,29,sep,368,23,-1,0,unknown,no
80,admin.,married,secondary,no,5004,yes,no,cellular,8,jul,78,26,-1,0,unknown,no
19,blue-collar,married,secondary,no,1514,no,no,cellular,5,nov,129,2,-1,0,unknown,no
89,student,divorced,secondary,no,7029,yes,no,unknown,20,aug,192,24,337,1,failure,no
28,technician,married,secondary,no,-1502,no,no,cellular,19,jun,33,6,-1,0,unknown,no
81,technician,married,secondary,no,9078,no,no,unknown,15,may,492,1,-1,0,unknown,no
94,admin.,married,secondary,no,9508,no,no,cellular,22,aug,1231,25,-1,0,unknown,yes
89,entrepreneur,married,primary,no,-512,yes,no,cellular,20,jul,139,27,-1,0,unknown,no
38,services,single,primary,no,58,yes,no,cellular,11,aug,122,18,-1,0,unknown,no
35,management,single,tertiary,no,5178,yes,yes,cellular,20,aug,232,4,-1,0,unknown,no
81,management,married,primary,no,-266,yes,no,cellular,13,jul,301,25,-1,0,unknown,no
55,housemaid,married,tertiary,no,625,yes,no,cellular,23,nov,523,8,-1,0,unknown,no
49,blue-collar,married,primary,no,-777,no,yes,cellular,30,aug,120,8,-1,0,unknown,no
28,blue-collar,single,tertiary,no,-696,yes,no,cellular,26,may,373,14,-1,0,unknown,no
62,technician,married,tertiary,no,1775,yes,yes,cellular,13,jul,70,20,-1,0,unknown,no
50,management,married,tertiary,no,601,no,no,cellular,21,may,294,14,-1,0,unknown,no
58,blue-collar,married,secondary,no,-4845,no,no,cellular,17,jul,162,1,-1,0,unknown,no
25,unknown,single,tertiary,no,5745,yes,no,cellular,29,aug,279,26,-1,0,unknown,no
28,technician,single,primary,yes,6220,no,no,cellular,21,aug,123,20,-1,0,unknown,no
68,admin.,divorced,tertiary,no,2959,no,no,cellular,29,jul,89,3,169,7,failure,no
58,admin.,married,secondary,no,1799,no,no,cellular,16,aug,171,15,-1,0,unknown,no
34,services,married,secondary,no,-1385,yes,no,cellular,22,jun,581,27,264,6,other,no
93,entrepreneur,married,primary,no,36,no,no,cellular,17,jul,289,19,-1,0,unknown,no
63,admin.,single,unknown,no,4689,yes,no,cellular,19,sep,244,1,-1,0,unknown,no
49,management,divorced,secondary,no,3215,yes,no,unknown,22,jun,328,25,-1,0,unknown,no
71,services,married,primary,yes,2787,yes,no,cellular,14,may,336,3,86,9,other,no
37,admin.,married,primary,no,2915,yes,no,telephone,23,aug,90,20,-1,0,unknown,no
50,management,married,secondary,no,4609,no,yes,unknown,7,mar,68,1,-1,0,unknown,no
91,technician,married,primary,no,4159,no,yes,cellular,23,nov,183,19,-1,0,unknown,no
57,services,married,secondary,no,3490,yes,no,unknown,9,may,41,17,17,2,failure,no
49,blue-collar,married,tertiary,no,377,yes,no,cellular,2,jul,166,13,73,4,other,no
19,retired,married,tertiary,no,6475,yes,no,cellular,19,jul,304,20,-1,0,unknown,no
50,admin.,married,tertiary,no,-32,yes,no,cellular,23,may,1,16,-1,0,unknown,no
94,unknown,single,tertiary,no,-1184,yes,yes,unknown,6,aug,30,26,182,3,failure,no
47,blue-collar,married,secondary,no,-269,yes,no,cellular,30,jul,844,12,364,4,success,yes
50,unemployed,married,primary,no,-2151,yes,no,cellular,1,may,678,7,249,1,success,yes
94,admin.,married,primary,no,3172,yes,no,cellular,26,sep,139,26,107,4,other,no
43,admin.,single,tertiary,no,1381,no,no,cellular,7,jul,230,27,-1,0,unknown,no
39,admin.,single,secondary,no,4807,yes,no,cellular,16,aug,43,24,101,4,failure,no
83,technician,married,secondary,no,-5917,yes,no,cellular,2,dec,103,24,301,9,failure,no
55,management,married,secondary,no,2054,yes,no,cellular,4,may,406,17,257,3,failure,no
63,unknown,married,primary,no,651,yes,no,unknown,23,aug,499,11,-1,0,unknown,no
32,management,single,secondary,no,385,no,no,cellular,20,aug,134,22,-1,0,unknown,no
61,technician,single,unknown,no,-1700,no,no,cellular,22,sep,96,8,-1,0,unknown,no
66,retired,single,primary,no,1552,no,no,unknown,14,may,295,10,-1,0,unknown,no
92,admin.,married,tertiary,no,-872,no,no,unknown,29,sep,326,16,-1,0,unknown,no
78,blue-collar,divorced,tertiary,no,5981,yes,no,cellular,11,jul,1063,29,-1,0,unknown,yes
84,retired,divorced,tertiary,no,3303,yes,no,unknown,9,apr,308,10,-1,0,unknown,no
23,entrepreneur,divorced,tertiary,no,4366,yes,no,telephone,5,feb,70,24,-1,0,unknown,no
26,unknown,married,secondary,no,-3799,no,no,cellular,3,jun,15,25,-1,0,unknown,no
23,technician,married,primary,no,4078,no,yes,cellular,22,aug,76,8,-1,0,unknown,no
90,management,married,tertiary,no,3796,yes,no,cellular,20,may,66,5,-1,0,unknown,no
49,self-employed,married,tertiary,no,203,yes,yes,cellular,25,sep,25,17,92,2,other,no
58,unemployed,married,tertiary,no,862,yes,no,cellular,2,jun,151,13,-1,0,unknown,no
93,management,single,secondary,no,-1526,yes,no,cellular,10,feb,87,25,230,6,failure,no
25,unknown,single,secondary,no,499,no,no,cellular,21,nov,668,10,-1,0,unknown,no
89,admin.,divorced,primary,no,3115,yes,no,cellular,29,jun,133,10,250,7,failure,no
67,unknown,married,secondary,no,-586,yes,no,unknown,25,jul,539,26,228,2,other,no
79,admin.,married,tertiary,no,1530,no,no,cellular,10,may,94,26,-1,0,unknown,no
79,retired,single,secondary,no,9058,yes,no,cellular,7,may,459,21,-1,0,unknown,no
24,self-employed,married,secondary,no,-1514,yes,no,unknown,15,jun,156,23,-1,0,unknown,no
92,technician,married,secondary,no,2418,yes,no,cellular,5,sep,8,12,-1,0,unknown,no
21,management,divorced,primary,no,-1679,yes,no,unknown,8,apr,172,12,-1,0,unknown,no
23,services,single,tertiary,no,-3034,yes,no,cellular,18,aug,66,7,-1,0,unknown,no
75,unknown,married,tertiary,no,3819,yes,no,unknown,20,jul,94,11,-1,0,unknown,no
39,entrepreneur,single,primary,no,201,no,no,cellular,29,jun,297,20,-1,0,unknown,no
43,blue-collar,single,secondary,no,6220,no,no,cellular,6,sep,194,24,-1,0,unknown,no
20,retired,single,secondary,no,3125,yes,no,cellular,23,apr,566,27,-1,0,unknown,no
58,entrepreneur,single,tertiary,no,-935,no,no,cellular,11,dec,709,26,-1,0,unknown,yes
77,management,married,tertiary,no,-1208,yes,no,cellular,8,sep,302,25,-1,0,unknown,no
31,management,single,secondary,no,3583,no,no,cellular,29,may,513,12,-1,0,unknown,no
92,blue-collar,married,unknown,no,-1736,yes,no,unknown,4,jun,55,4,-1,0,unknown,no
29,services,married,primary,no,-1820,yes,yes,cellular,25,feb,21,18,-1,0,unknown,no
29,admin.,divorced,secondary,no,-3735,yes,no,cellular,7,jul,104,10,-1,0,unknown,no
30,admin.,married,secondary,no,3292,yes,no,cellular,2,jul,101,20,-1,0,unknown,no
42,admin.,single,primary,no,-1006,no,no,cellular,15,nov,282,2,-1,0,unknown,no
62,student,single,secondary,no,2501,yes,no,unknown,30,may,473,28,360,7,failure,no
36,management,divorced,secondary,no,-2484,yes,no,unknown,9,jul,90,1,-1,0,unknown,no
72,blue-collar,single,tertiary,no,-3492,yes,no,cellular,23,aug,142,14,-1,0,unknown,no
62,management,married,secondary,no,3581,yes,no,cellular,21,jul,28,17,-1,0,unknown,no
25,technician,married,secondary,no,946,no,no,cellular,19,may,137,27,-1,0,unknown,no
70,services,married,secondary,no,-612,no,no,cellular,25,may,62,4,-1,0,unknown,no
72,entrepreneur,married,tertiary,no,-37,yes,no,cellular,23,may,124,25,-1,0,unknown,no
49,blue-collar,married,tertiary,no,-26,yes,yes,unknown,19,may,79,9,-1,0,unknown,no
68,unknown,married,secondary,no,7524,yes,no,unknown,5,may,426,7,-1,0,unknown,no
61,blue-collar,single,secondary,no,2218,yes,no,unknown,19,aug,1,21,-1,0,unknown,no
87,retired,divorced,tertiary,no,1838,yes,no,telephone,3,apr,106,22,-1,0,unknown,no
35,blue-collar,single,primary,no,-838,yes,no,cellular,12,aug,898,17,-1,0,unknown,yes
39,unknown,single,primary,no,3782,no,no,cellular,7,may,293,3,-1,0,unknown,no
54,unemployed,married,secondary,no,-2034,yes,no,unknown,25,jul,381,1,63,4,other,no
73,admin.,married,tertiary,no,2978,yes,no,cellular,5,jul,507,10,-1,0,unknown,no
76,retired,married,tertiary,no,2994,yes,no,cellular,12,may,115,5,-1,0,unknown,no
20,blue-collar,single,primary,no,4474,no,no,cellular,27,may,17,4,-1,0,unknown,no
45,blue-collar,married,tertiary,no,-4483,yes,no,cellular,4,may,136,19,-1,0,unknown,no
91,technician,single,secondary,no,4803,yes,no,cellular,20,jul,272,6,-1,0,unknown,no
52,student,married,tertiary,no,2483,yes,no,cellular,19,aug,119,6,288,5,failure,no
78,unknown,married,secondary,no,-840,yes,no,unknown,13,dec,153,9,-1,0,unknown,no
71,technician,married,secondary,no,-5055,yes,no,cellular,15,apr,450,20,291,2,other,no
80,self-employed,married,tertiary,no,203,no,no,unknown,24,nov,9,9,272,8,failure,no
24,admin.,married,unknown,no,1982,no,no,unknown,10,jul,105,29,-1,0,unknown,no
93,admin.,single,secondary,no,-3138,no,no,telephone,28,may,172,15,-1,0,unknown,no
66,admin.,single,tertiary,no,-1131,no,no,cellular,1,may,91,20,-1,0,unknown,no
48,admin.,married,secondary,no,-2368,no,no,unknown,3,may,152,8,-1,0,unknown,no
75,housemaid,single,primary,no,117,no,no,cellular,18,jul,132,24,-1,0,unknown,no
78,admin.,married,tertiary,no,-1842,yes,no,cellular,16,nov,664,2,131,4,other,no
41,technician,divorced,secondary,no,7932,yes,no,cellular,12,may,175,10,154,1,failure,no
37,admin.,married,secondary,no,4013,yes,no,cellular,16,jun,166,14,-1,0,unknown,no
54,technician,single,secondary,no,-1894,yes,yes,unknown,11,may,75,28,-1,0,unknown,no
21,admin.,married,secondary,no,-1457,yes,no,cellular,11,may,12,24,-1,0,unknown,no
37,blue-collar,married,secondary,no,-3020,no,no,unknown,28,sep,91,2,-1,0,unknown,no
77,technician,married,tertiary,no,971,yes,yes,cellular,23,may,7,27,-1,0,unknown,no
41,housemaid,married,secondary,yes,6747,no,no,unknown,22,may,452,24,-1,0,unknown,no
67,entrepreneur,married,tertiary,no,5014,no,no,unknown,14,nov,58,22,-1,0,unknown,no
66,admin.,married,secondary,no,2016,yes,yes,unknown,17,may,624,13,-1,0,unknown,no
68,self-employed,divorced,tertiary,no,539,yes,no,unknown,19,jan,559,19,-1,0,unknown,no
53,admin.,single,secondary,no,3076,yes,no,unknown,11,aug,281,28,89,6,failure,no
83,technician,single,secondary,no,2261,yes,yes,cellular,4,jun,511,27,-1,0,unknown,no
51,admin.,single,tertiary,no,2720,yes,no,cellular,10,aug,542,29,-1,0,unknown,no
53,services,divorced,secondary,no,2014,no,no,cellular,27,jul,386,29,-1,0,unknown,no
23,management,married,primary,no,2756,yes,no,cellular,23,may,182,7,-1,0,unknown,no
56,entrepreneur,married,tertiary,no,-2839,no,no,unknown,19,apr,773,12,-1,0,unknown,no
59,services,single,tertiary,no,1061,no,no,cellular,4,sep,439,6,198,5,failure,no
75,blue-collar,single,secondary,no,2122,yes,no,cellular,30,may,35,3,-1,0,unknown,no
29,technician,married,secondary,yes,116,no,yes,unknown,11,nov,140,5,-1,0,unknown,no
20,blue-collar,married,secondary,no,-2321,yes,no,cellular,7,may,200,4,-1,0,unknown,no
35,technician,married,tertiary,no,1437,no,no,cellular,20,aug,194,14,155,9,other,no
57,technician,divorced,secondary,no,13865,yes,no,cellular,9,aug,123,29,94,4,other,no
38,technician,married,secondary,no,-1047,no,no,unknown,28,jun,195,6,370,5,other,no
32,technician,divorced,secondary,no,995,yes,yes,cellular,22,may,25,17,53,9,failure,no
43,management,divorced,secondary,no,5206,no,yes,cellular,2,aug,274,17,-1,0,unknown,no
25,housemaid,single,secondary,no,6741,yes,no,unknown,27,jul,177,24,-1,0,unknown,no
59,admin.,married,secondary,no,-327,yes,no,cellular,1,jul,399,13,-1,0,unknown,no
61,blue-collar,married,secondary,no,4315,yes,no,cellular,8,jun,305,24,105,8,failure,no
31,blue-collar,married,secondary,no,3795,no,no,cellular,27,jul,30,12,-1,0,unknown,no
19,student,married,secondary,no,-96,no,no,unknown,19,may,111,25,-1,0,unknown,no
54,technician,single,tertiary,no,3296,no,no,unknown,23,mar,343,29,-1,0,unknown,no
86,management,married,secondary,no,902,no,no,unknown,16,may,105,24,-1,0,unknown,no
55,unknown,married,secondary,no,-458,yes,no,unknown,14,jun,215,2,-1,0,unknown,no
58,blue-collar,married,secondary,no,6579,yes,yes,cellular,4,nov,838,14,344,6,other,yes
79,services,divorced,secondary,no,3369,yes,no,cellular,19,may,21,27,255,6,failure,no
77,technician,married,secondary,no,-3623,no,no,cellular,30,jun,54,5,-1,0,unknown,no
31,technician,divorced,primary,no,1038,no,no,cellular,25,jul,169,8,-1,0,unknown,no
19,retired,married,primary,no,-136,yes,yes,cellular,22,may,345,15,-1,0,unknown,no
87,blue-collar,married,secondary,no,790,no,no,cellular,22,sep,103,9,-1,0,unknown,no
34,admin.,married,primary,no,2969,no,no,cellular,6,may,32,16,-1,0,unknown,no
45,blue-collar,married,secondary,no,2302,no,no,cellular,15,nov,97,13,-1,0,unknown,no
83,retired,single,secondary,no,5724,no,no,cellular,13,may,266,22,-1,0,unknown,no
52,management,married,unknown,no,5087,yes,no,cellular,30,jun,405,15,-1,0,unknown,no
22,blue-collar,married,primary,no,-2219,no,yes,cellular,19,aug,973,4,47,1,failure,yes
82,housemaid,single,unknown,no,1127,yes,no,cellular,22,jul,369,25,-1,0,unknown,no
57,services,single,secondary,no,-4418,yes,no,cellular,4,jul,174,16,124,7,failure,no
93,self-employed,single,secondary,no,-1568,yes,yes,cellular,2,may,89,12,-1,0,unknown,no
73,technician,married,secondary,no,-4864,yes,no,unknown,3,may,677,20,-1,0,unknown,no
53,technician,married,tertiary,no,-3281,no,no,cellular,14,jun,197,22,-1,0,unknown,no
62,technician,divorced,secondary,no,5622,no,no,unknown,30,may,301,12,-1,0,unknown,no
40,admin.,divorced,primary,no,3680,yes,no,cellular,4,apr,164,15,-1,0,unknown,no
64,technician,divorced,tertiary,no,3273,no,no,cellular,16,sep,71,5,-1,0,unknown,no
48,admin.,married,secondary,no,4948,yes,yes,cellular,11,aug,204,1,-1,0,unknown,no
28,entrepreneur,single,tertiary,no,3260,no,no,unknown,29,nov,472,20,-1,0,unknown,no
27,technician,single,tertiary,no,1167,yes,no,unknown,13,jul,124,26,-1,0,unknown,no
84,blue-collar,married,secondary,no,-346,yes,no,telephone,1,may,285,3,-1,0,unknown,no
31,admin.,single,unknown,no,6508,yes,no,cellular,13,apr,11,8,-1,0,unknown,no
91,unknown,single,secondary,no,5341,yes,no,cellular,15,sep,711,7,-1,0,unknown,yes
27,blue-collar,married,secondary,no,763,yes,no,cellular,7,jun,904,13,-1,0,unknown,yes
93,admin.,married,primary,no,3713,no,yes,cellular,28,jul,125,10,-1,0,unknown,no
18,unemployed,single,unknown,no,-6950,yes,no,cellular,5,may,177,17,-1,0,unknown,no
22,management,married,primary,no,3864,yes,no,unknown,28,jul,45,11,-1,0,unknown,no
37,unemployed,married,primary,no,-80,no,yes,cellular,27,aug,56,8,-1,0,unknown,no
25,retired,married,tertiary,no,9559,yes,no,cellular,25,aug,237,23,38,4,failure,no
60,blue-collar,married,primary,no,4873,no,no,cellular,30,dec,254,15,-1,0,unknown,no
93,unemployed,divorced,secondary,no,-4496,no,yes,cellular,6,jun,107,12,-1,0,unknown,no
18,management,married,tertiary,no,-711,no,no,unknown,30,jul,120,18,-1,0,unknown,no
74,admin.,married,tertiary,no,1603,yes,no,telephone,24,mar,182,10,-1,0,unknown,no
81,housemaid,divorced,secondary,no,1294,yes,no,cellular,9,may,724,12,-1,0,unknown,no
45,services,married,tertiary,no,1159,yes,no,cellular,6,nov,41,4,215,9,failure,no
54,management,married,tertiary,no,4376,yes,no,cellular,29,may,206,15,-1,0,unknown,no
64,admin.,single,tertiary,no,-200,yes,yes,cellular,23,aug,15,18,-1,0,unknown,no
93,management,married,secondary,no,1205,no,yes,cellular,6,nov,158,25,-1,0,unknown,no
54,unknown,married,primary,no,6000,yes,no,cellular,22,apr,130,13,-1,0,unknown,no
66,technician,single,secondary,no,6048,yes,no,unknown,2,may,46,24,-1,0,unknown,no
61,management,single,secondary,no,4355,yes,no,cellular,21,jun,46,17,-1,0,unknown,no
73,blue-collar,single,primary,no,372,yes,no,unknown,6,may,154,1,-1,0,unknown,no
45,entrepreneur,divorced,tertiary,no,-699,yes,no,cellular,10,feb,34,24,-1,0,unknown,no
23,management,single,secondary,no,1298,no,yes,unknown,5,jun,90,5,-1,0,unknown,no
78,services,single,secondary,no,1507,yes,no,unknown,20,jul,19,17,-1,0,unknown,no
37,unknown,single,tertiary,no,1316,no,no,cellular,12,jul,91,27,-1,0,unknown,no
19,blue-collar,married,unknown,no,3090,no,yes,cellular,6,aug,196,20,-1,0,unknown,no
90,admin.,married,primary,no,2503,no,no,cellular,6,may,351,18,-1,0,unknown,no
54,admin.,single,tertiary,no,2378,yes,no,cellular,8,apr,457,29,-1,0,unknown,no
37,management,married,secondary,no,21,yes,no,cellular,24,apr,106,9,-1,0,unknown,no
43,technician,married,secondary,no,-2174,yes,no,cellular,26,jun,720,10,-1,0,unknown,no
46,technician,married,secondary,no,3505,no,no,cellular,17,nov,71,22,-1,0,unknown,no
18,student,married,secondary,no,1604,no,no,unknown,18,dec,21,27,-1,0,unknown,no
52,admin.,married,secondary,no,2648,no,no,cellular,11,may,668,25,-1,0,unknown,no
87,blue-collar,single,secondary,no,2732,yes,no,unknown,1,may,200,17,-1,0,unknown,no
76,technician,divorced,tertiary,no,-4658,yes,no,cellular,26,may,111,1,-1,0,unknown,no
86,unemployed,single,secondary,no,6586,yes,no,cellular,7,jun,589,27,-1,0,unknown,no
50,blue-collar,single,tertiary,no,-273,yes,no,cellular,8,aug,385,4,304,2,failure,no
68,admin.,married,primary,no,5543,yes,no,cellular,3,aug,460,18,220,4,failure,no
29,management,married,tertiary,no,2695,yes,no,unknown,19,nov,89,15,-1,0,unknown,no
37,technician,married,tertiary,no,-1813,no,yes,cellular,16,sep,533,15,-1,0,unknown,no
70,student,single,tertiary,no,-700,no,no,cellular,23,jun,270,1,-1,0,unknown,no
60,student,married,secondary,no,-645,no,no,unknown,8,feb,345,22,-1,0,unknown,no
67,management,married,secondary,no,-472,no,yes,cellular,30,may,96,24,-1,0,unknown,no
46,management,single,secondary,no,-3886,no,no,cellular,29,jul,72,1,-1,0,unknown,no
74,services,married,secondary,no,-973,yes,no,unknown,6,jun,135,11,-1,0,unknown,no
56,blue-collar,divorced,tertiary,yes,4324,yes,no,cellular,24,may,220,11,-1,0,unknown,no
73,services,single,primary,no,4631,no,no,cellular,2,may,282,26,-1,0,unknown,no
60,technician,married,unknown,no,-606,yes,no,unknown,23,may,177,26,-1,0,unknown,no
67,management,married,secondary,no,-4196,yes,yes,cellular,12,may,309,6,158,9,other,no
40,admin.,single,unknown,no,3314,yes,yes,unknown,30,sep,317,1,44,9,failure,no
61,blue-collar,married,secondary,no,-1814,yes,no,cellular,21,aug,282,14,187,5,failure,no
55,admin.,married,primary,no,-1580,yes,no,cellular,6,jul,74,24,132,4,other,no
40,blue-collar,married,secondary,no,573,yes,yes,telephone,14,feb,152,6,-1,0,unknown,no
62,technician,divorced,secondary,no,292,yes,no,cellular,7,aug,374,17,-1,0,unknown,no
69,technician,married,secondary,no,-947,yes,no,unknown,9,jul,562,9,-1,0,unknown,no
67,blue-collar,divorced,primary,no,-676,no,yes,cellular,7,jul,179,17,-1,0,unknown,no
25,unknown,single,secondary,no,-83,no,no,cellular,15,apr,1116,25,386,2,other,yes
18,unemployed,married,secondary,no,-719,no,yes,cellular,12,aug,49,14,-1,0,unknown,no
25,technician,single,primary,no,-531,no,yes,cellular,27,aug,65,19,-1,0,unknown,no
46,technician,married,primary,no,504,yes,no,cellular,17,oct,159,8,107,7,failure,no
22,student,married,secondary,no,2482,no,no,unknown,15,jul,183,24,-1,0,unknown,no
64,management,single,tertiary,no,2169,yes,no,unknown,15,may,142,23,-1,0,unknown,no
51,technician,single,secondary,no,-204,no,no,unknown,21,apr,145,12,-1,0,unknown,no
82,student,married,secondary,no,471,yes,no,cellular,30,may,172,2,-1,0,unknown,no
72,entrepreneur,divorced,secondary,no,5455,no,no,unknown,27,may,99,3,-1,0,unknown,no
60,unknown,single,secondary,no,4381,yes,no,cellular,14,apr,36,21,327,5,failure,no
91,self-employed,divorced,tertiary,no,3066,yes,no,cellular,11,may,806,13,-1,0,unknown,yes
47,housemaid,married,tertiary,no,-3891,no,yes,cellular,11,oct,408,5,-1,0,unknown,no
34,admin.,divorced,secondary,no,1743,no,no,unknown,20,jul,435,18,-1,0,unknown,no
43,admin.,married,tertiary,yes,-604,yes,no,cellular,13,aug,117,1,-1,0,unknown,no
25,retired,married,tertiary,no,-1447,no,no,cellular,13,may,133,5,-1,0,unknown,no
64,retired,single,secondary,no,342,yes,no,cellular,30,may,708,21,-1,0,unknown,no
93,management,single,secondary,no,4563,no,no,cellular,8,may,931,12,-1,0,unknown,yes
89,management,married,tertiary,no,4086,yes,no,unknown,7,aug,737,19,-1,0,unknown,yes
63,management,married,tertiary,no,-436,no,no,unknown,20,may,265,24,-1,0,unknown,no
85,retired,married,tertiary,no,1675,yes,no,cellular,13,may,71,6,-1,0,unknown,no
50,admin.,single,tertiary,no,157,no,no,cellular,11,feb,239,2,-1,0,unknown,no
18,technician,married,secondary,no,701,yes,no,unknown,19,jul,229,2,146,2,other,no
36,management,married,tertiary,no,4414,yes,no,cellular,6,jun,616,20,391,7,failure,yes
48,blue-collar,married,secondary,no,1232,yes,no,unknown,8,may,96,13,-1,0,unknown,no
31,technician,divorced,primary,no,-3849,yes,no,cellular,19,jun,57,14,-1,0,unknown,no
70,retired,single,tertiary,no,1838,yes,no,cellular,5,aug,79,6,157,7,failure,no
65,blue-collar,single,secondary,no,6871,no,no,cellular,10,may,71,12,-1,0,unknown,no
86,management,divorced,secondary,no,-677,yes,no,unknown,1,jul,269,25,-1,0,unknown,no
79,admin.,married,primary,no,6067,yes,yes,cellular,26,may,431,13,-1,0,unknown,no
83,management,married,secondary,no,3274,yes,no,cellular,12,dec,118,24,-1,0,unknown,no
81,technician,married,tertiary,no,4950,yes,yes,unknown,26,aug,50,8,-1,0,unknown,no
87,unknown,single,tertiary,no,4048,no,no,telephone,24,jul,108,14,-1,0,unknown,no
80,admin.,married,tertiary,no,1955,no,no,cellular,7,may,204,18,-1,0,unknown,no
90,blue-collar,married,secondary,no,-417,yes,no,unknown,8,jul,281,27,-1,0,unknown,no
50,admin.,married,tertiary,no,1949,yes,no,cellular,30,aug,205,4,-1,0,unknown,no
58,management,married,primary,no,2121,yes,no,cellular,18,aug,76,6,-1,0,unknown,no
65,retired,married,unknown,no,4336,no,no,cellular,7,aug,645,22,-1,0,unknown,no
30,technician,divorced,tertiary,no,-5331,no,no,cellular,14,may,148,28,-1,0,unknown,no
90,management,single,unknown,no,-2867,no,no,cellular,20,may,158,26,-1,0,unknown,no
94,technician,divorced,tertiary,no,2130,yes,no,unknown,18,jul,883,6,-1,0,unknown,yes
48,services,divorced,secondary,no,2420,no,no,telephone,25,may,523,15,-1,0,unknown,no
92,blue-collar,married,tertiary,no,-1179,no,no,unknown,21,apr,423,24,275,1,failure,no
85,services,married,secondary,no,2493,no,no,unknown,23,jun,52,24,-1,0,unknown,no
21,self-employed,single,secondary,no,3457,yes,no,telephone,4,jan,469,13,-1,0,unknown,no
36,blue-collar,single,secondary,no,837,no,no,unknown,10,aug,156,7,-1,0,unknown,no
87,management,married,primary,no,5710,yes,no,cellular,11,aug,60,13,-1,0,unknown,no
30,admin.,divorced,tertiary,no,6271,no,no,cellular,11,jul,1211,21,-1,0,unknown,yes
40,management,married,tertiary,no,1787,yes,no,cellular,20,aug,48,6,-1,0,unknown,no
92,unemployed,married,secondary,no,3944,no,no,cellular,19,jul,657,6,-1,0,unknown,no
18,technician,single,secondary,no,-3667,no,no,cellular,1,aug,0,14,-1,0,unknown,no
71,entrepreneur,married,secondary,no,4642,no,no,unknown,2,apr,148,3,-1,0,unknown,no
88,technician,married,tertiary,no,5819,no,no,unknown,9,oct,7,11,-1,0,unknown,no
32,entrepreneur,married,secondary,no,-1624,no,no,cellular,17,jul,628,13,-1,0,unknown,no
82,admin.,married,secondary,no,3272,no,yes,cellular,5,jul,34,3,-1,0,unknown,no
93,student,single,secondary,no,-4198,yes,yes,unknown,2,may,288,12,-1,0,unknown,no
88,management,divorced,tertiary,no,-938,yes,no,cellular,4,feb,257,23,-1,0,unknown,no
32,technician,divorced,primary,no,-138,no,no,unknown,27,nov,389,22,-1,0,unknown,no
38,technician,single,tertiary,no,-3002,yes,no,cellular,7,dec,354,21,310,2,success,no
36,management,married,secondary,no,708,no,no,unknown,21,aug,8,27,-1,0,unknown,no
77,unknown,married,secondary,no,510,no,no,unknown,17,nov,126,22,-1,0,unknown,no
50,technician,married,secondary,no,3272,yes,no,cellular,3,apr,100,22,332,3,failure,no
66,admin.,married,secondary,no,-3119,no,no,cellular,26,apr,930,20,-1,0,unknown,yes
52,retired,married,secondary,no,3292,yes,no,cellular,9,sep,384,28,126,7,other,no
61,management,single,secondary,no,-945,yes,no,cellular,1,mar,317,27,-1,0,unknown,no
28,retired,divorced,secondary,no,-2413,yes,no,unknown,26,apr,150,5,-1,0,unknown,no
89,blue-collar,married,secondary,no,832,no,no,cellular,20,aug,571,13,-1,0,unknown,no
91,technician,single,secondary,no,3680,no,no,cellular,21,jul,4,23,-1,0,unknown,no
83,self-employed,married,tertiary,no,-30,yes,no,cellular,16,may,66,27,-1,0,unknown,no
63,management,single,unknown,no,2963,yes,no,unknown,26,jul,306,11,-1,0,unknown,no
26,admin.,single,primary,no,2258,yes,no,telephone,3,sep,183,17,-1,0,unknown,no
20,blue-collar,married,secondary,no,10825,yes,no,cellular,19,aug,196,28,162,5,failure,no
43,blue-collar,married,secondary,no,484,no,no,cellular,16,aug,138,29,-1,0,unknown,no
89,services,single,primary,no,922,no,no,cellular,1,nov,46,10,-1,0,unknown,no
65,blue-collar,single,secondary,no,4745,no,no,unknown,22,jul,46,12,-1,0,unknown,no
83,technician,divorced,primary,no,1266,no,no,unknown,29,jan,89,6,-1,0,unknown,no
87,management,single,tertiary,no,2174,yes,yes,cellular,12,may,162,5,-1,0,unknown,no
45,self-employed,divorced,primary,no,-3847,yes,no,cellular,20,apr,448,22,-1,0,unknown,no
43,technician,married,primary,no,1056,no,no,cellular,24,apr,152,1,-1,0,unknown,no
42,services,married,tertiary,no,-693,no,no,telephone,6,may,588,20,-1,0,unknown,no
29,entrepreneur,married,tertiary,no,-16,yes,no,cellular,3,may,33,24,-1,0,unknown,no
22,unknown,married,secondary,no,2191,yes,no,cellular,28,jun,81,20,-1,0,unknown,no
65,management,married,secondary,no,1257,no,no,telephone,7,may,18,15,-1,0,unknown,no
54,management,single,secondary,no,3738,yes,no,cellular,3,may,184,16,-1,0,unknown,no
61,retired,married,secondary,no,4283,no,no,cellular,13,may,24,29,383,8,other,no
32,unknown,married,secondary,no,890,no,yes,cellular,16,may,409,10,-1,0,unknown,no
60,housemaid,divorced,secondary,no,2320,yes,no,unknown,14,apr,10,24,-1,0,unknown,no
65,technician,married,primary,no,-4679,no,no,unknown,9,may,166,27,-1,0,unknown,no
87,management,married,secondary,no,2365,yes,no,cellular,8,jul,140,8,-1,0,unknown,no
63,management,single,secondary,no,4581,yes,no,cellular,15,apr,58,2,-1,0,unknown,no
60,unemployed,single,secondary,no,-1307,yes,no,cellular,19,jul,228,22,-1,0,unknown,no
38,blue-collar,married,tertiary,no,3688,no,no,cellular,13,aug,125,7,-1,0,unknown,no
40,blue-collar,married,secondary,no,66,no,yes,unknown,14,jan,56,23,-1,0,unknown,no
64,unknown,single,unknown,no,-308,yes,no,cellular,11,mar,452,1,331,9,other,no
32,admin.,married,tertiary,no,5694,no,no,cellular,18,jun,278,20,241,3,failure,no
42,technician,married,tertiary,no,1323,yes,yes,unknown,3,sep,3,23,-1,0,unknown,no
53,management,single,secondary,no,4022,yes,no,cellular,29,dec,179,6,-1,0,unknown,no
92,services,married,secondary,no,-4435,yes,no,cellular,4,apr,81,13,-1,0,unknown,no
68,admin.,married,primary,no,-407,no,no,cellular,3,feb,636,12,-1,0,unknown,no
32,admin.,married,secondary,no,3556,yes,no,cellular,25,may,333,19,-1,0,unknown,no
85,blue-collar,divorced,secondary,no,1795,yes,no,unknown,13,jun,244,26,-1,0,unknown,no
38,student,divorced,secondary,no,870,yes,no,cellular,16,jul,24,26,-1,0,unknown,no
30,management,married,unknown,no,3233,yes,no,unknown,28,nov,688,17,-1,0,unknown,no
36,retired,married,secondary,no,-1072,no,yes,cellular,13,oct,40,5,-1,0,unknown,no
51,technician,married,primary,no,5073,yes,yes,cellular,27,jul,154,27,-1,0,unknown,no
85,unemployed,married,secondary,no,784,yes,no,unknown,10,may,294,24,206,7,failure,no
69,blue-collar,married,tertiary,no,-1025,yes,yes,unknown,18,may,176,15,40,4,other,no
44,retired,single,tertiary,no,-828,yes,no,unknown,8,jul,552,14,-1,0,unknown,no
46,technician,married,secondary,yes,1177,no,no,cellular,7,aug,465,3,-1,0,unknown,no
45,admin.,married,secondary,no,142,yes,no,unknown,17,jun,37,5,-1,0,unknown,no
52,admin.,married,secondary,no,3000,yes,no,unknown,22,may,248,25,-1,0,unknown,no
25,blue-collar,married,secondary,no,1282,no,no,unknown,6,jul,13,14,-1,0,unknown,no
33,entrepreneur,married,primary,no,354,yes,no,cellular,15,jul,328,8,-1,0,unknown,no
53,housemaid,married,secondary,no,2482,no,yes,cellular,9,may,343,11,245,5,other,no
47,management,single,tertiary,no,-166,no,no,cellular,28,aug,108,25,-1,0,unknown,no
35,unemployed,single,secondary,no,2896,yes,yes,cellular,10,may,398,15,318,7,other,no
19,unknown,married,secondary,no,2401,yes,no,cellular,27,jun,272,13,-1,0,unknown,no
66,technician,married,tertiary,no,2277,yes,no,cellular,8,nov,180,5,-1,0,unknown,no
94,management,married,tertiary,no,348,no,yes,unknown,7,aug,156,13,-1,0,unknown,no
21,unknown,married,secondary,no,-466,no,no,cellular,29,may,29,3,-1,0,unknown,no
92,services,single,tertiary,no,3848,yes,no,cellular,23,jul,195,13,245,6,other,no
24,self-employed,married,secondary,no,3264,yes,yes,cellular,5,may,43,11,-1,0,unknown,no
91,unknown,single,primary,no,-1601,no,no,cellular,18,apr,275,9,-1,0,unknown,no
56,blue-collar,single,secondary,no,123,yes,no,telephone,16,may,233,4,-1,0,unknown,no
30,entrepreneur,divorced,secondary,no,5441,yes,yes,telephone,15,sep,88,17,-1,0,unknown,no
48,blue-collar,divorced,tertiary,no,4374,yes,no,cellular,10,jun,73,15,-1,0,unknown,no
88,blue-collar,married,secondary,no,-2088,no,yes,cellular,29,jul,166,27,-1,0,unknown,no
80,services,divorced,secondary,no,1457,yes,yes,cellular,28,may,185,18,-1,0,unknown,no
73,admin.,single,secondary,no,2679,yes,no,cellular,21,may,412,16,-1,0,unknown,no
59,services,single,primary,no,4402,no,yes,telephone,1,nov,93,24,-1,0,unknown,no
78,blue-collar,married,unknown,no,1803,yes,no,cellular,27,may,133,2,379,6,other,no
59,admin.,single,tertiary,no,2873,yes,no,unknown,26,may,108,6,-1,0,unknown,no
73,admin.,married,secondary,no,4216,no,no,cellular,6,mar,129,12,-1,0,unknown,no
53,technician,single,tertiary,no,4619,yes,no,cellular,15,apr,216,5,-1,0,unknown,no
85,blue-collar,married,secondary,no,879,no,yes,cellular,2,jul,210,25,277,5,failure,no
24,unknown,single,secondary,no,1558,yes,no,cellular,12,jul,115,24,78,4,failure,no
71,unknown,married,unknown,no,-852,no,no,telephone,1,jul,237,17,-1,0,unknown,no
18,management,married,secondary,no,602,no,yes,cellular,15,jul,246,19,-1,0,unknown,no
61,student,married,secondary,no,199,no,no,unknown,13,jun,193,12,-1,0,unknown,no
62,blue-collar,married,primary,no,856,no,no,cellular,1,apr,155,5,-1,0,unknown,no
64,management,married,tertiary,no,1139,yes,yes,unknown,1,sep,20,28,177,2,success,no
30,retired,married,secondary,no,3862,yes,yes,telephone,4,jun,201,24,-1,0,unknown,no
39,technician,single,secondary,no,2469,yes,no,cellular,28,may,321,7,-1,0,unknown,no
38,unknown,single,tertiary,no,-2417,no,yes,telephone,30,may,62,2,-1,0,unknown,no
26,services,single,secondary,no,3073,no,yes,cellular,21,jun,388,12,243,5,failure,no
43,management,married,secondary,no,-224,yes,yes,unknown,14,may,227,23,-1,0,unknown,no
26,blue-collar,married,secondary,no,-1846,yes,no,cellular,21,nov,69,5,-1,0,unknown,no
32,services,married,unknown,no,-2004,yes,no,unknown,27,jun,45,22,359,7,failure,no
27,technician,divorced,secondary,no,1931,no,no,cellular,17,nov,72,8,-1,0,unknown,no
59,blue-collar,single,secondary,no,4604,yes,yes,cellular,13,aug,367,5,280,1,failure,no
89,admin.,married,secondary,no,789,yes,no,cellular,12,aug,74,16,-1,0,unknown,no
41,blue-collar,married,secondary,no,4233,yes,no,cellular,27,may,296,9,171,6,failure,no
66,management,divorced,secondary,no,1679,yes,no,cellular,6,may,203,1,-1,0,unknown,no
43,blue-collar,divorced,primary,no,-5044,yes,no,cellular,19,jul,204,5,-1,0,unknown,no
54,blue-collar,single,primary,no,3258,yes,no,telephone,20,may,493,1,-1,0,unknown,no
85,retired,single,secondary,no,-204,yes,no,unknown,16,nov,535,17,376,8,failure,no
67,retired,married,primary,no,-1009,yes,no,unknown,21,may,198,1,-1,0,unknown,no
41,blue-collar,married,secondary,no,3275,yes,no,cellular,16,jul,17,15,-1,0,unknown,no
36,blue-collar,married,tertiary,no,1823,yes,no,cellular,12,sep,45,5,-1,0,unknown,no
77,blue-collar,married,secondary,no,1220,no,no,cellular,29,may,766,9,-1,0,unknown,no
56,student,married,primary,no,1713,no,no,cellular,20,nov,37,18,109,6,other,no
91,technician,married,secondary,no,-1119,no,no,cellular,20,apr,465,6,-1,0,unknown,no
35,management,married,tertiary,no,6731,yes,no,cellular,26,jul,200,21,56,8,failure,no
36,unknown,married,tertiary,no,1939,no,no,unknown,13,aug,31,12,228,2,success,no
53,management,married,secondary,no,1897,yes,no,cellular,1,may,650,14,-1,0,unknown,yes
91,admin.,married,secondary,no,1160,yes,yes,cellular,18,mar,679,7,-1,0,unknown,no
72,retired,married,secondary,no,-3427,yes,no,unknown,2,apr,246,7,-1,0,unknown,no
86,admin.,single,tertiary,no,-601,yes,yes,cellular,2,may,127,19,-1,0,unknown,no
64,technician,single,secondary,no,-2249,yes,no,cellular,26,may,241,6,-1,0,unknown,no
66,unknown,married,tertiary,no,-2536,yes,no,cellular,1,may,254,3,-1,0,unknown,no
50,retired,married,primary,no,-3202,yes,no,unknown,10,jun,251,16,-1,0,unknown,no
38,technician,married,secondary,no,-483,yes,yes,cellular,30,apr,341,16,-1,0,unknown,no
39,unknown,single,secondary,no,1483,no,no,cellular,24,dec,17,18,250,9,other,no
65,unknown,married,tertiary,no,-2844,yes,no,cellular,1,aug,27,5,-1,0,unknown,no
54,management,married,tertiary,no,3521,no,no,cellular,14,feb,85,20,-1,0,unknown,no
32,technician,single,unknown,no,2314,yes,no,unknown,8,aug,111,29,-1,0,unknown,no
52,housemaid,married,secondary,no,726,yes,no,unknown,1,aug,262,4,-1,0,unknown,no
88,blue-collar,married,secondary,no,7908,no,no,cellular,14,may,48,16,-1,0,unknown,no
49,blue-collar,married,primary,no,700,yes,no,unknown,10,sep,200,4,-1,0,unknown,no
28,self-employed,married,primary,no,3816,no,no,cellular,19,jul,52,24,90,4,failure,no
27,blue-collar,married,tertiary,no,2050,yes,no,telephone,25,aug,113,13,-1,0,unknown,no
90,technician,single,secondary,no,5738,yes,no,unknown,8,aug,707,14,-1,0,unknown,no
94,blue-collar,married,secondary,no,4675,yes,no,cellular,2,aug,583,17,381,1,other,no
74,services,single,secondary,no,521,no,yes,cellular,4,may,789,3,-1,0,unknown,yes
42,blue-collar,married,primary,no,630,yes,no,cellular,24,may,230,25,-1,0,unknown,no
19,blue-collar,married,secondary,no,-2602,yes,no,cellular,12,jul,179,3,-1,0,unknown,no
81,admin.,married,tertiary,no,1769,no,no,cellular,29,apr,487,17,-1,0,unknown,no
52,management,married,tertiary,no,3385,yes,no,unknown,9,jun,21,13,-1,0,unknown,no
24,services,married,secondary,no,1236,no,no,telephone,23,jun,990,21,-1,0,unknown,yes
35,services,married,secondary,no,5623,yes,yes,cellular,1,may,160,20,-1,0,unknown,no
84,blue-collar,divorced,tertiary,no,1857,no,no,unknown,8,may,290,10,240,1,failure,no
59,services,married,secondary,no,5164,yes,no,unknown,30,may,336,29,-1,0,unknown,no
56,unemployed,married,secondary,no,932,yes,yes,cellular,28,jul,255,24,-1,0,unknown,no
58,admin.,married,secondary,no,-2056,no,no,cellular,17,may,573,27,-1,0,unknown,no
92,blue-collar,married,primary,no,-452,yes,yes,unknown,16,may,87,12,-1,0,unknown,no
41,entrepreneur,married,unknown,no,1325,yes,no,unknown,15,may,196,27,151,5,failure,no
77,blue-collar,married,tertiary,no,-826,no,no,unknown,9,aug,145,9,-1,0,unknown,no
63,management,married,tertiary,no,-3543,yes,no,telephone,8,aug,314,26,-1,0,unknown,no
36,unknown,married,tertiary,no,-4585,no,no,cellular,20,may,129,21,-1,0,unknown,no
85,technician,single,tertiary,no,4463,no,no,cellular,26,may,576,1,-1,0,unknown,no
59,admin.,married,unknown,no,2577,no,no,telephone,14,aug,173,4,363,5,other,no
49,management,married,secondary,no,2248,no,no,cellular,12,nov,198,19,-1,0,unknown,no
56,admin.,single,secondary,no,1927,yes,no,cellular,27,may,175,6,343,1,failure,no
53,unknown,divorced,unknown,no,-220,no,no,telephone,15,jul,251,15,-1,0,unknown,no
53,technician,single,tertiary,no,3805,yes,yes,unknown,4,may,184,18,-1,0,unknown,no
20,unemployed,married,secondary,no,-3795,no,no,telephone,30,apr,714,5,-1,0,unknown,no
90,unemployed,single,unknown,no,-4830,yes,no,unknown,4,aug,36,8,-1,0,unknown,no
25,technician,married,secondary,no,817,no,yes,cellular,22,apr,3,11,-1,0,unknown,no
87,blue-collar,married,secondary,no,1811,no,no,cellular,2,aug,190,5,-1,0,unknown,no
58,admin.,single,tertiary,no,-1230,no,no,telephone,4,may,373,21,-1,0,unknown,no
85,management,married,secondary,no,-3357,yes,yes,cellular,20,jul,269,8,-1,0,unknown,no
30,admin.,divorced,tertiary,no,3193,no,no,unknown,24,may,848,11,-1,0,unknown,yes
66,unknown,single,secondary,no,187,yes,no,unknown,18,may,51,21,-1,0,unknown,no
77,unknown,single,secondary,no,3504,yes,no,cellular,15,apr,305,20,246,5,other,no
19,technician,single,tertiary,no,5339,yes,no,cellular,8,jun,436,10,-1,0,unknown,no
77,technician,married,tertiary,no,-3388,yes,no,cellular,28,may,627,9,-1,0,unknown,no
22,blue-collar,married,secondary,no,2061,yes,no,cellular,10,may,194,2,-1,0,unknown,no
61,technician,single,unknown,no,2170,yes,no,cellular,27,apr,116,17,-1,0,unknown,no
44,self-employed,single,tertiary,no,3655,yes,no,cellular,2,aug,802,4,-1,0,unknown,no
49,retired,divorced,secondary,no,-178,yes,no,cellular,25,jul,404,26,-1,0,unknown,no
38,services,divorced,secondary,no,1589,yes,no,unknown,9,may,164,12,-1,0,unknown,no
25,housemaid,divorced,primary,no,3623,yes,no,telephone,16,jun,271,19,-1,0,unknown,no
89,management,single,tertiary,no,2735,yes,no,unknown,22,jul,84,25,-1,0,unknown,no
67,self-employed,married,secondary,no,6098,yes,no,cellular,26,sep,246,19,86,5,other,no
84,unknown,married,secondary,no,-1183,yes,no,cellular,12,mar,200,19,-1,0,unknown,no
61,technician,single,secondary,no,2043,no,no,telephone,5,may,10,26,-1,0,unknown,no
75,admin.,married,secondary,no,1163,yes,no,cellular,7,jul,518,29,-1,0,unknown,no
20,unknown,married,tertiary,no,802,yes,yes,cellular,15,feb,173,7,-1,0,unknown,no
87,self-employed,married,primary,no,3186,yes,no,unknown,13,may,168,13,-1,0,unknown,no
19,admin.,single,secondary,no,1768,no,no,cellular,8,aug,85,28,-1,0,unknown,no
61,housemaid,single,primary,no,-1775,yes,yes,cellular,24,may,56,2,-1,0,unknown,no
19,management,single,primary,no,4280,no,no,cellular,19,apr,88,27,-1,0,unknown,no
52,technician,married,primary,no,3192,yes,no,cellular,19,jul,270,8,-1,0,unknown,no
47,student,single,unknown,no,5846,yes,no,cellular,5,may,26,6,-1,0,unknown,no
25,technician,single,primary,no,3603,no,no,unknown,21,aug,104,28,-1,0,unknown,no
39,unknown,married,tertiary,no,781,yes,yes,cellular,18,nov,993,11,391,4,failure,yes
61,technician,married,secondary,no,804,no,yes,unknown,21,jul,81,28,-1,0,unknown,no
75,blue-collar,married,secondary,no,4529,no,no,cellular,17,jul,877,9,-1,0,unknown,yes
53,technician,married,primary,no,-879,no,no,unknown,27,jun,28,8,-1,0,unknown,no
86,retired,single,secondary,no,-1292,no,no,cellular,7,aug,407,20,-1,0,unknown,no
94,blue-collar,married,secondary,no,2083,yes,yes,unknown,14,may,149,24,-1,0,unknown,no
48,technician,divorced,secondary,no,-3060,yes,no,unknown,15,may,55,20,-1,0,unknown,no
64,retired,married,primary,no,2468,yes,no,unknown,27,nov,399,27,-1,0,unknown,no
72,management,married,tertiary,no,2831,no,no,cellular,23,aug,1,15,-1,0,unknown,no
79,admin.,married,secondary,no,682,yes,no,cellular,17,may,110,21,-1,0,unknown,no
47,entrepreneur,married,secondary,no,5646,yes,yes,cellular,3,aug,239,27,-1,0,unknown,no
72,services,married,tertiary,no,4805,no,no,cellular,24,may,67,26,84,6,failure,no
33,retired,married,secondary,no,-912,yes,no,unknown,13,jul,104,11,-1,0,unknown,no
29,management,married,tertiary,no,3389,no,no,cellular,11,nov,24,15,-1,0,unknown,no
34,management,married,secondary,no,4375,no,yes,cellular,25,jul,495,23,-1,0,unknown,yes
33,admin.,single,unknown,no,1670,no,no,cellular,3,aug,141,22,-1,0,unknown,no
29,management,married,secondary,no,126,no,no,cellular,30,aug,40,5,-1,0,unknown,no
25,management,married,tertiary,no,-1904,no,no,cellular,6,sep,57,16,-1,0,unknown,no
20,blue-collar,single,tertiary,no,-252,no,no,cellular,6,nov,83,2,270,4,failure,no
33,housemaid,married,secondary,no,-1837,yes,no,telephone,22,feb,67,15,-1,0,unknown,no
47,retired,single,secondary,no,4159,yes,no,unknown,21,feb,180,5,-1,0,unknown,no
40,admin.,divorced,tertiary,no,656,yes,yes,cellular,6,jul,607,15,393,8,other,yes
22,technician,married,primary,no,2986,no,no,cellular,6,nov,52,26,-1,0,unknown,no
82,technician,divorced,secondary,no,5202,no,no,telephone,26,jun,155,23,374,9,success,no
47,admin.,single,tertiary,no,2058,yes,no,cellular,6,aug,281,11,-1,0,unknown,no
38,services,divorced,unknown,no,4953,yes,no,cellular,29,aug,52,29,-1,0,unknown,no
87,technician,single,primary,no,370,yes,no,cellular,24,jun,43,6,-1,0,unknown,no
39,technician,married,tertiary,no,2581,yes,no,cellular,14,jun,43,6,-1,0,unknown,no
89,admin.,divorced,tertiary,no,2038,yes,no,cellular,11,jun,551,5,357,4,other,yes
49,admin.,married,primary,no,-682,no,yes,cellular,16,may,320,25,-1,0,unknown,no
50,admin.,married,unknown,no,493,no,no,cellular,22,sep,105,1,-1,0,unknown,no
33,technician,married,unknown,no,5667,yes,no,cellular,28,may,600,20,251,7,failure,no
93,management,married,tertiary,no,387,no,no,cellular,19,nov,791,7,54,7,failure,yes
55,management,married,secondary,no,-3565,yes,no,unknown,7,may,131,16,-1,0,unknown,no
31,technician,single,secondary,no,383,no,no,unknown,6,feb,184,17,-1,0,unknown,no
53,management,divorced,secondary,no,-836,yes,no,cellular,30,may,114,29,-1,0,unknown,no
40,services,married,primary,no,2789,no,no,cellular,11,oct,66,28,-1,0,unknown,no
83,technician,divorced,primary,no,3266,yes,no,cellular,25,apr,390,27,62,3,other,no
19,admin.,divorced,tertiary,no,2496,yes,no,cellular,4,aug,270,15,349,5,other,no
90,management,married,tertiary,yes,193,no,no,cellular,1,may,117,20,-1,0,unknown,no
82,blue-collar,married,secondary,no,1599,yes,yes,unknown,22,jun,3,22,209,7,other,no
92,technician,single,secondary,no,476,no,yes,cellular,9,may,372,10,-1,0,unknown,no
84,technician,single,tertiary,no,-2918,yes,no,cellular,13,may,167,8,-1,0,unknown,no
69,self-employed,single,secondary,no,1085,yes,no,cellular,8,apr,19,23,-1,0,unknown,no
79,technician,single,secondary,no,9331,no,no,cellular,2,jul,34,28,-1,0,unknown,no
40,technician,married,tertiary,no,-1665,yes,no,unknown,16,may,255,9,327,7,failure,no
43,housemaid,married,secondary,no,-4142,yes,no,cellular,19,may,203,23,-1,0,unknown,no
85,entrepreneur,married,unknown,no,5693,no,no,cellular,8,feb,70,19,188,9,success,no
72,management,married,secondary,no,2767,no,no,cellular,12,may,38,10,394,1,failure,no
23,management,single,primary,no,2315,no,no,unknown,11,aug,557,20,-1,0,unknown,yes
52,technician,single,secondary,no,346,no,no,cellular,9,may,37,3,-1,0,unknown,no
39,admin.,married,secondary,no,2100,no,no,cellular,24,jun,23,25,-1,0,unknown,no
60,retired,divorced,tertiary,no,1577,no,no,cellular,10,aug,249,11,-1,0,unknown,no
32,admin.,married,tertiary,no,5354,no,yes,unknown,1,jun,75,11,-1,0,unknown,no
77,management,single,tertiary,no,4172,yes,no,unknown,19,may,275,8,-1,0,unknown,no
29,unknown,single,secondary,no,3228,no,no,unknown,29,jul,173,10,24,8,failure,no
66,unknown,divorced,secondary,no,-626,yes,no,cellular,27,aug,61,29,-1,0,unknown,no
59,technician,single,tertiary,no,2108,no,no,unknown,24,jul,18,9,360,6,failure,no
55,blue-collar,married,secondary,no,-424,no,no,telephone,17,may,18,10,-1,0,unknown,no
62,management,divorced,secondary,no,5107,yes,yes,unknown,28,apr,227,10,-1,0,unknown,no
52,student,single,tertiary,no,-722,no,yes,cellular,23,may,366,18,-1,0,unknown,no
47,technician,married,secondary,no,1018,no,no,cellular,4,nov,301,5,-1,0,unknown,no
47,admin.,single,secondary,no,-1838,no,no,cellular,12,aug,231,5,-1,0,unknown,no
23,technician,divorced,secondary,no,-72,yes,yes,cellular,23,apr,61,7,-1,0,unknown,no
84,services,married,unknown,no,-106,no,no,cellular,20,jan,510,20,-1,0,unknown,no
24,services,married,secondary,no,963,yes,yes,cellular,8,may,255,20,131,6,failure,no
69,entrepreneur,single,primary,no,-1276,no,no,unknown,28,nov,305,8,-1,0,unknown,no
31,blue-collar,single,secondary,no,5068,yes,no,cellular,22,jul,65,17,-1,0,unknown,no
90,technician,married,tertiary,no,860,yes,no,telephone,26,aug,78,6,-1,0,unknown,no
32,management,married,secondary,no,-178,yes,no,unknown,26,jun,614,25,328,2,failure,no
38,admin.,married,secondary,yes,3731,yes,no,cellular,29,aug,166,13,-1,0,unknown,no
52,self-employed,single,primary,no,7909,no,no,cellular,16,feb,208,13,-1,0,unknown,no
83,unknown,single,primary,no,209,yes,no,cellular,24,may,30,13,-1,0,unknown,no
19,unknown,married,tertiary,no,686,no,no,telephone,28,may,129,16,390,6,failure,no
52,student,married,primary,no,-792,no,yes,unknown,1,dec,562,2,-1,0,unknown,yes
37,technician,married,secondary,no,3408,no,no,cellular,9,may,594,5,-1,0,unknown,no
27,admin.,single,secondary,no,4288,yes,no,cellular,11,may,337,10,-1,0,unknown,no
42,retired,married,secondary,no,1282,no,yes,cellular,12,aug,203,10,-1,0,unknown,no
83,self-employed,married,primary,no,106,yes,no,cellular,9,oct,689,25,-1,0,unknown,yes
42,technician,married,secondary,no,3023,yes,no,cellular,6,sep,530,11,-1,0,unknown,no
71,admin.,single,primary,no,3641,no,no,cellular,29,may,483,28,-1,0,unknown,no
50,entrepreneur,married,secondary,no,6084,yes,no,cellular,9,nov,550,20,-1,0,unknown,yes
53,admin.,married,tertiary,no,-325,no,no,cellular,6,jul,155,25,-1,0,unknown,no
31,management,divorced,secondary,no,3979,yes,no,unknown,6,sep,192,24,-1,0,unknown,no
82,blue-collar,married,secondary,no,1739,yes,no,cellular,29,nov,142,9,-1,0,unknown,no
71,technician,married,tertiary,no,-3780,yes,no,cellular,20,may,347,13,-1,0,unknown,no
69,admin.,divorced,tertiary,no,5988,no,no,unknown,3,jun,231,13,-1,0,unknown,no
20,unemployed,married,primary,no,2314,yes,no,cellular,3,jul,18,29,-1,0,unknown,no
58,blue-collar,married,tertiary,no,3242,yes,no,cellular,16,aug,37,2,-1,0,unknown,no
23,unknown,married,tertiary,no,4260,no,no,unknown,2,may,55,26,267,9,other,no
42,services,single,primary,no,3210,no,yes,cellular,4,may,286,5,-1,0,unknown,no
30,admin.,married,tertiary,no,-1478,no,no,cellular,9,aug,30,26,-1,0,unknown,no
25,blue-collar,single,tertiary,no,3446,yes,no,cellular,7,jul,200,25,-1,0,unknown,no
38,retired,married,secondary,no,2911,yes,no,unknown,3,nov,474,5,-1,0,unknown,no
85,technician,married,secondary,no,-3587,no,no,telephone,24,jul,760,12,-1,0,unknown,no
42,unemployed,single,tertiary,no,6420,no,no,cellular,30,feb,144,20,321,1,other,no
85,technician,divorced,primary,yes,290,no,no,unknown,13,nov,196,8,-1,0,unknown,no
62,technician,married,secondary,no,4408,yes,no,cellular,14,jul,459,6,-1,0,unknown,no
77,admin.,single,secondary,no,413,yes,no,cellular,29,jul,708,18,-1,0,unknown,no
29,management,married,tertiary,no,-177,yes,yes,cellular,9,nov,127,8,-1,0,unknown,no
49,management,married,secondary,no,1185,no,no,telephone,1,jul,112,28,-1,0,unknown,no
30,management,married,tertiary,no,7787,yes,no,unknown,12,jun,154,21,-1,0,unknown,no
48,blue-collar,single,tertiary,no,7460,no,no,cellular,1,apr,75,23,-1,0,unknown,no
37,self-employed,married,secondary,no,-181,yes,yes,telephone,9,nov,506,20,-1,0,unknown,no
35,technician,married,primary,no,5164,yes,no,cellular,25,apr,98,25,-1,0,unknown,no
77,admin.,married,secondary,no,1492,yes,no,cellular,7,may,153,2,-1,0,unknown,no
80,admin.,married,tertiary,no,7476,yes,yes,cellular,3,aug,99,28,337,6,other,no
23,technician,divorced,secondary,no,4880,no,no,cellular,4,jun,32,10,-1,0,unknown,no
49,blue-collar,divorced,secondary,no,2259,no,yes,cellular,7,may,240,25,-1,0,unknown,no
60,blue-collar,single,primary,no,1666,yes,no,telephone,25,may,228,20,-1,0,unknown,no
19,unemployed,married,secondary,no,3247,yes,no,unknown,15,dec,90,6,-1,0,unknown,no
77,technician,married,secondary,no,2872,no,yes,cellular,24,jul,8,5,-1,0,unknown,no
40,services,single,secondary,yes,-1885,no,no,telephone,24,may,712,16,-1,0,unknown,no
48,management,divorced,secondary,no,2045,yes,no,unknown,1,sep,113,3,-1,0,unknown,no
22,admin.,married,secondary,no,-533,no,no,cellular,6,jun,199,23,362,3,failure,no
51,blue-collar,single,secondary,no,-167,yes,no,cellular,22,may,40,4,-1,0,unknown,no
27,unknown,divorced,primary,no,4765,no,no,cellular,5,may,74,1,33,2,other,no
19,services,single,tertiary,no,2033,no,no,unknown,11,aug,147,14,-1,0,unknown,no
28,blue-collar,married,secondary,no,58,yes,no,unknown,17,jul,213,14,-1,0,unknown,no
67,management,married,tertiary,no,-2213,no,no,cellular,3,apr,496,24,-1,0,unknown,no
48,admin.,married,secondary,no,-906,yes,no,cellular,12,jul,88,19,271,1,failure,no
73,retired,married,tertiary,no,1243,yes,yes,cellular,20,may,529,6,288,2,other,no
90,technician,married,secondary,no,6479,yes,no,unknown,30,dec,158,12,-1,0,unknown,no
26,admin.,married,secondary,no,-1725,yes,no,cellular,10,may,146,18,162,5,other,no
38,blue-collar,single,primary,no,2306,no,no,telephone,7,aug,130,9,-1,0,unknown,no
90,housemaid,married,secondary,no,2643,yes,yes,cellular,15,jul,560,20,271,4,failure,no
45,services,married,primary,no,5089,no,no,cellular,21,aug,74,23,-1,0,unknown,no
79,management,single,secondary,no,1796,yes,no,unknown,18,may,502,25,-1,0,unknown,no
24,self-employed,single,secondary,no,2645,yes,no,cellular,19,apr,24,13,-1,0,unknown,no
33,entrepreneur,single,tertiary,no,4968,yes,no,cellular,29,dec,801,27,-1,0,unknown,yes
21,blue-collar,married,tertiary,no,-909,yes,no,cellular,30,may,180,19,-1,0,unknown,no
21,technician,single,secondary,no,3795,no,yes,cellular,1,aug,1758,13,-1,0,unknown,yes
57,self-employed,married,secondary,no,-2759,no,no,cellular,30,may,241,19,-1,0,unknown,no
34,technician,married,secondary,no,1614,yes,yes,unknown,22,may,32,19,-1,0,unknown,no
69,blue-collar,single,primary,no,709,no,no,cellular,13,jul,16,21,-1,0,unknown,no
69,admin.,married,secondary,no,-744,yes,no,cellular,29,may,55,10,-1,0,unknown,no
53,blue-collar,married,secondary,no,4339,yes,no,cellular,24,nov,141,6,28,3,other,no
55,technician,married,primary,no,4507,yes,no,cellular,4,sep,354,3,-1,0,unknown,no
67,management,married,secondary,no,4629,no,yes,cellular,18,nov,0,26,-1,0,unknown,no
80,services,married,secondary,no,2561,no,no,unknown,12,jul,76,16,-1,0,unknown,no
80,technician,single,secondary,no,-2275,no,no,cellular,4,may,228,9,-1,0,unknown,no
79,blue-collar,married,tertiary,no,435,no,no,cellular,26,jun,91,17,-1,0,unknown,no
24,self-employed,divorced,secondary,no,4439,no,no,cellular,4,aug,113,23,369,9,other,no
44,unknown,married,secondary,no,4400,no,no,cellular,5,apr,92,27,144,8,other,no
31,technician,married,primary,no,5012,yes,no,cellular,19,sep,789,9,-1,0,unknown,yes
88,blue-collar,married,secondary,no,2364,yes,yes,telephone,9,jul,17,5,-1,0,unknown,no
22,blue-collar,married,secondary,no,876,yes,yes,cellular,7,aug,614,19,-1,0,unknown,no
72,services,single,secondary,no,-4474,no,no,cellular,25,aug,100,29,91,2,failure,no
19,admin.,married,tertiary,no,4009,no,no,cellular,7,sep,73,15,-1,0,unknown,no
79,blue-collar,married,primary,no,1124,no,no,cellular,12,apr,554,10,-1,0,unknown,no
38,unknown,single,secondary,no,-2339,yes,yes,cellular,10,may,87,4,97,5,failure,no
38,blue-collar,married,secondary,no,3710,yes,no,cellular,29,jun,1130,24,-1,0,unknown,yes
27,management,single,secondary,no,5680,no,yes,unknown,20,jul,204,12,-1,0,unknown,no
75,retired,single,secondary,no,4023,yes,no,cellular,21,nov,166,14,-1,0,unknown,no
56,technician,married,tertiary,no,3446,no,no,cellular,13,mar,967,15,-1,0,unknown,yes
22,blue-collar,married,secondary,no,4222,yes,yes,cellular,23,sep,66,19,189,8,success,no
82,blue-collar,married,secondary,no,-6769,no,no,telephone,6,jul,618,5,-1,0,unknown,no
30,technician,single,tertiary,no,6585,no,no,cellular,9,jul,230,12,-1,0,unknown,no
70,student,married,secondary,no,-953,no,no,unknown,19,may,362,3,-1,0,unknown,no
62,technician,married,tertiary,no,-689,yes,no,cellular,24,jul,225,15,-1,0,unknown,no
49,unknown,married,secondary,no,8,no,no,cellular,16,jul,248,15,-1,0,unknown,no
53,services,married,primary,no,351,yes,no,cellular,27,may,43,12,-1,0,unknown,no
77,technician,married,secondary,no,5923,no,no,cellular,26,jul,42,15,226,9,success,no
28,services,single,primary,no,3053,yes,no,unknown,11,may,130,6,-1,0,unknown,no
80,management,married,secondary,no,-613,yes,no,unknown,4,jul,109,28,-1,0,unknown,no
38,admin.,divorced,tertiary,no,-159,no,no,unknown,25,jul,321,17,-1,0,unknown,no
69,retired,single,secondary,no,8905,yes,no,cellular,1,aug,330,23,345,5,other,no
72,blue-collar,married,tertiary,no,2481,no,no,cellular,21,feb,214,15,-1,0,unknown,no
43,blue-collar,married,secondary,no,126,yes,yes,cellular,12,apr,132,15,-1,0,unknown,no
85,admin.,married,secondary,no,-3443,yes,no,unknown,4,sep,291,11,-1,0,unknown,no
51,retired,single,tertiary,no,-3605,no,no,cellular,5,may,299,22,239,5,failure,no
69,admin.,married,tertiary,no,-1928,no,yes,cellular,6,aug,427,12,-1,0,unknown,no
69,blue-collar,divorced,tertiary,no,1709,yes,no,cellular,14,apr,430,22,-1,0,unknown,no
46,admin.,single,secondary,no,4750,yes,no,cellular,29,aug,18,19,-1,0,unknown,no
55,self-employed,married,secondary,no,3270,yes,yes,unknown,1,apr,120,1,155,2,failure,no
59,blue-collar,single,tertiary,no,4944,yes,no,cellular,8,jun,140,16,-1,0,unknown,no
38,management,married,secondary,no,3119,yes,no,cellular,15,nov,484,11,-1,0,unknown,no
59,management,single,secondary,no,-2255,yes,no,unknown,12,apr,179,1,-1,0,unknown,no
30,technician,married,secondary,no,2696,no,yes,cellular,27,may,173,23,-1,0,unknown,no
81,technician,married,secondary,no,2824,yes,no,cellular,19,jun,208,4,-1,0,unknown,no
34,student,married,tertiary,no,1061,no,no,cellular,23,nov,35,6,280,6,failure,no
26,self-employed,single,tertiary,no,504,no,no,telephone,7,may,214,4,-1,0,unknown,no
58,admin.,married,primary,no,977,no,no,cellular,9,aug,206,24,-1,0,unknown,no
18,blue-collar,divorced,secondary,no,-3217,yes,no,cellular,11,aug,362,28,-1,0,unknown,no
19,blue-collar,married,primary,no,-2574,no,no,cellular,27,may,259,25,293,2,failure,no
77,blue-collar,married,tertiary,no,9047,no,no,unknown,23,may,800,2,-1,0,unknown,yes
65,admin.,married,primary,no,-2332,no,no,unknown,28,may,21,17,-1,0,unknown,no
46,technician,married,primary,no,-3877,yes,yes,cellular,8,aug,381,1,-1,0,unknown,no
27,technician,married,tertiary,no,-739,yes,no,cellular,4,jul,359,13,-1,0,unknown,no
75,housemaid,married,secondary,no,2799,no,no,unknown,10,may,80,12,-1,0,unknown,no
77,management,single,secondary,no,3105,no,no,telephone,20,jul,309,28,-1,0,unknown,no
38,management,married,secondary,no,-1649,no,no,unknown,10,jun,277,23,-1,0,unknown,no
45,unknown,married,unknown,no,1711,yes,yes,cellular,8,apr,91,29,-1,0,unknown,no
92,blue-collar,married,unknown,no,-211,yes,yes,unknown,14,nov,331,2,-1,0,unknown,no
51,self-employed,single,tertiary,no,1992,yes,no,cellular,4,aug,688,19,-1,0,unknown,yes
25,management,married,primary,no,542,yes,no,cellular,29,apr,93,12,114,3,other,no
76,technician,married,primary,no,-660,yes,yes,cellular,20,nov,1010,4,-1,0,unknown,yes
89,unknown,married,tertiary,no,-525,no,no,telephone,26,nov,65,25,-1,0,unknown,no
66,management,single,tertiary,no,-5175,no,no,cellular,3,mar,37,26,-1,0,unknown,no
34,technician,single,secondary,no,757,yes,no,unknown,28,may,20,18,-1,0,unknown,no
77,services,married,secondary,no,1192,no,no,cellular,3,aug,62,26,-1,0,unknown,no
62,admin.,married,secondary,no,-2803,no,no,cellular,27,nov,108,2,122,8,failure,no
86,management,divorced,secondary,no,411,no,no,cellular,4,aug,340,29,-1,0,unknown,no
49,housemaid,divorced,tertiary,no,656,no,no,unknown,12,may,19,1,-1,0,unknown,no
61,unknown,single,secondary,no,-4138,no,no,unknown,29,feb,182,24,99,6,failure,no
82,unknown,divorced,primary,no,-892,yes,no,cellular,30,jun,188,13,-1,0,unknown,no
25,admin.,single,secondary,no,-987,no,no,cellular,18,apr,66,24,362,1,failure,no
94,services,single,secondary,no,1961,no,yes,unknown,28,may,12,5,-1,0,unknown,no
89,admin.,married,primary,no,5157,yes,yes,unknown,19,jul,65,19,-1,0,unknown,no
60,housemaid,married,tertiary,no,1563,yes,no,unknown,11,jun,67,1,-1,0,unknown,no
18,services,married,secondary,no,4900,yes,no,unknown,28,may,300,2,-1,0,unknown,no
68,blue-collar,single,tertiary,no,754,yes,yes,unknown,18,nov,68,14,-1,0,unknown,no
41,blue-collar,divorced,secondary,no,2535,no,no,cellular,14,may,107,9,17,6,failure,no
41,management,single,primary,no,1622,yes,no,cellular,11,jun,12,8,-1,0,unknown,no
34,services,married,tertiary,no,8656,yes,no,cellular,14,jul,252,26,-1,0,unknown,no
22,unknown,married,secondary,no,964,yes,no,cellular,22,may,165,11,184,4,other,no
37,unknown,married,secondary,no,3769,yes,no,unknown,29,aug,109,4,-1,0,unknown,no
38,technician,married,primary,no,2030,no,no,unknown,3,sep,313,29,-1,0,unknown,no
75,management,single,tertiary,no,4798,no,no,cellular,2,jul,295,3,-1,0,unknown,no
48,unknown,divorced,primary,no,3318,yes,yes,cellular,9,aug,102,5,-1,0,unknown,no
28,admin.,married,secondary,no,2444,no,no,telephone,8,apr,318,24,-1,0,unknown,no
69,management,married,primary,no,-2002,yes,no,unknown,5,may,110,14,-1,0,unknown,no
32,admin.,single,tertiary,no,-1738,yes,yes,cellular,29,jun,64,10,-1,0,unknown,no
24,management,married,tertiary,no,-426,no,yes,cellular,9,nov,328,6,-1,0,unknown,no
45,admin.,divorced,secondary,no,544,yes,no,cellular,5,jul,335,10,-1,0,unknown,no
68,management,married,primary,no,1755,no,no,cellular,21,jun,518,11,-1,0,unknown,no
75,technician,married,tertiary,no,-419,no,no,cellular,13,jul,179,20,-1,0,unknown,no
22,retired,married,primary,no,-4509,no,no,cellular,11,apr,68,8,-1,0,unknown,no
22,unknown,married,secondary,no,4504,yes,no,cellular,11,jul,467,4,-1,0,unknown,no
25,entrepreneur,married,secondary,no,2763,yes,no,telephone,20,apr,49,21,-1,0,unknown,no
81,housemaid,married,secondary,no,1602,no,no,cellular,12,jul,719,18,-1,0,unknown,no
27,blue-collar,married,secondary,no,5183,no,no,cellular,19,aug,94,26,-1,0,unknown,no
55,admin.,married,tertiary,no,-988,no,no,unknown,13,may,4,20,-1,0,unknown,no
25,technician,married,tertiary,no,1029,no,no,unknown,26,nov,53,26,-1,0,unknown,no
42,unknown,married,tertiary,no,1900,no,no,cellular,9,may,138,14,122,1,other,no
90,services,married,primary,no,176,yes,no,cellular,4,may,14,26,-1,0,unknown,no
83,admin.,single,secondary,no,-964,yes,no,cellular,7,jun,135,3,-1,0,unknown,no
67,blue-collar,divorced,secondary,no,4046,yes,no,unknown,5,nov,58,12,-1,0,unknown,no
84,technician,married,primary,no,2274,yes,no,cellular,7,may,4,15,-1,0,unknown,no
66,technician,married,tertiary,no,3294,yes,no,unknown,28,nov,91,28,-1,0,unknown,no
53,unknown,married,tertiary,no,-1048,yes,yes,telephone,8,aug,66,24,291,1,other,no
85,housemaid,married,secondary,no,3911,yes,no,cellular,14,aug,140,8,-1,0,unknown,no
58,management,single,tertiary,no,-447,no,no,unknown,24,nov,367,14,-1,0,unknown,no
79,unknown,single,secondary,no,2163,yes,no,cellular,10,jul,183,23,-1,0,unknown,no
27,blue-collar,single,tertiary,yes,7360,yes,no,cellular,6,jul,377,6,-1,0,unknown,no
38,blue-collar,married,unknown,no,3978,no,no,cellular,5,jul,105,25,-1,0,unknown,no
53,admin.,married,tertiary,no,2439,no,no,cellular,15,aug,3,14,-1,0,unknown,no
29,admin.,divorced,secondary,no,5473,yes,no,cellular,16,may,658,4,-1,0,unknown,no
19,blue-collar,married,tertiary,no,-286,yes,yes,cellular,27,aug,97,20,307,4,failure,no
30,self-employed,married,secondary,no,2893,yes,no,cellular,2,aug,193,6,-1,0,unknown,no
70,blue-collar,divorced,secondary,no,-1073,yes,no,unknown,28,jul,163,16,-1,0,unknown,no
49,technician,single,primary,no,336,yes,no,cellular,15,feb,225,17,-1,0,unknown,no
33,admin.,single,secondary,no,6194,no,no,cellular,8,aug,557,2,173,4,other,no
49,housemaid,married,primary,no,2242,no,yes,unknown,21,may,520,18,-1,0,unknown,no
49,technician,married,secondary,no,5643,no,no,cellular,24,nov,1022,13,163,2,failure,yes
28,retired,married,tertiary,no,1114,yes,no,cellular,22,apr,193,26,-1,0,unknown,no
27,admin.,single,tertiary,no,5084,yes,no,cellular,24,aug,659,20,362,5,success,yes
32,admin.,married,secondary,no,1577,yes,yes,telephone,13,may,169,16,173,5,failure,no
34,blue-collar,single,tertiary,no,1823,yes,yes,cellular,17,aug,11,21,-1,0,unknown,no
57,blue-collar,single,unknown,no,1494,no,no,cellular,15,jun,40,13,-1,0,unknown,no
35,services,married,tertiary,no,2503,no,no,unknown,25,jul,104,14,-1,0,unknown,no
72,technician,married,tertiary,no,645,yes,no,cellular,14,apr,333,18,-1,0,unknown,no
90,entrepreneur,married,unknown,no,-2745,no,no,unknown,25,nov,21,8,-1,0,unknown,no
42,technician,single,secondary,no,1314,no,no,cellular,19,jan,115,5,-1,0,unknown,no
76,retired,single,secondary,no,1819,yes,no,cellular,13,nov,1041,24,-1,0,unknown,yes
39,unknown,single,secondary,no,6326,yes,no,cellular,21,jul,397,9,-1,0,unknown,no
47,technician,married,tertiary,no,-5359,yes,no,cellular,28,may,218,15,-1,0,unknown,no
61,unknown,married,primary,no,6274,yes,no,telephone,7,jul,16,29,-1,0,unknown,no
49,technician,single,tertiary,no,4566,yes,yes,telephone,8,jul,3,27,-1,0,unknown,no
68,retired,married,primary,no,3478,yes,no,telephone,7,aug,28,9,-1,0,unknown,no
63,services,single,tertiary,no,1884,no,no,cellular,19,feb,102,20,-1,0,unknown,no
38,unknown,single,secondary,no,-1638,yes,no,unknown,15,dec,240,10,-1,0,unknown,no
49,technician,married,secondary,yes,7274,yes,no,cellular,7,jul,56,18,-1,0,unknown,no
56,management,married,primary,no,5125,no,no,unknown,17,may,13,14,-1,0,unknown,no
29,unknown,married,secondary,no,2174,no,no,cellular,21,jul,24,27,-1,0,unknown,no
64,retired,married,tertiary,no,2278,yes,no,cellular,25,may,143,18,-1,0,unknown,no
35,management,single,secondary,no,1095,yes,yes,cellular,18,may,382,16,-1,0,unknown,no
38,technician,single,secondary,no,3205,no,no,unknown,19,apr,443,28,259,1,other,no
30,blue-collar,divorced,tertiary,no,1288,no,no,cellular,25,sep,88,5,-1,0,unknown,no
38,admin.,single,secondary,no,2345,no,no,telephone,3,may,280,10,-1,0,unknown,no
25,admin.,married,primary,no,2735,yes,no,cellular,24,aug,128,20,-1,0,unknown,no
63,blue-collar,married,secondary,no,8712,no,no,cellular,22,may,927,6,-1,0,unknown,yes
24,services,single,tertiary,no,-1308,yes,no,cellular,7,may,133,9,-1,0,unknown,no
40,unknown,married,tertiary,no,1901,no,yes,unknown,21,apr,130,23,382,5,failure,no
92,self-employed,single,tertiary,no,5104,yes,yes,telephone,10,sep,179,16,-1,0,unknown,no
39,blue-collar,single,primary,no,3902,yes,yes,unknown,28,apr,6,28,-1,0,unknown,no
39,entrepreneur,married,secondary,no,3454,yes,yes,unknown,7,apr,139,11,-1,0,unknown,no
46,blue-collar,married,secondary,no,10455,yes,no,unknown,26,jan,455,20,-1,0,unknown,yes
30,admin.,married,secondary,no,4685,yes,no,cellular,11,may,244,23,394,2,other,no
19,unemployed,single,primary,no,-452,yes,no,cellular,26,nov,899,18,61,9,failure,yes
46,technician,married,unknown,no,-796,yes,yes,unknown,29,nov,101,5,-1,0,unknown,no
69,services,divorced,secondary,no,1306,yes,no,telephone,3,apr,45,28,245,5,failure,no
44,entrepreneur,married,tertiary,no,113,no,no,cellular,27,feb,358,27,-1,0,unknown,no
67,retired,divorced,secondary,no,1660,yes,no,unknown,21,aug,11,9,-1,0,unknown,no
40,housemaid,married,secondary,no,2435,no,no,cellular,22,may,44,11,-1,0,unknown,no
61,technician,married,tertiary,no,2242,no,no,cellular,9,aug,182,9,329,9,other,no
94,blue-collar,single,secondary,no,-5949,yes,no,cellular,4,may,361,4,384,3,failure,no
39,admin.,single,secondary,no,-844,yes,no,unknown,8,jun,237,8,-1,0,unknown,no
60,blue-collar,married,tertiary,no,3570,no,no,unknown,30,feb,1361,5,-1,0,unknown,yes
54,unemployed,single,tertiary,no,6352,yes,yes,cellular,30,nov,274,3,-1,0,unknown,no
78,retired,single,secondary,no,210,yes,no,cellular,24,may,333,29,-1,0,unknown,no
73,technician,married,tertiary,no,225,yes,no,cellular,26,may,1316,22,-1,0,unknown,yes
20,admin.,married,tertiary,no,1154,yes,no,cellular,22,jun,231,4,-1,0,unknown,no
80,admin.,single,secondary,no,6595,yes,no,cellular,12,may,323,29,-1,0,unknown,no
36,blue-collar,married,tertiary,no,1583,no,no,unknown,8,mar,91,16,-1,0,unknown,no
40,unknown,married,secondary,no,-5303,no,no,unknown,15,feb,198,13,-1,0,unknown,no
46,technician,single,secondary,no,6784,no,yes,unknown,28,nov,626,3,-1,0,unknown,yes
47,blue-collar,married,secondary,no,3496,yes,yes,unknown,14,may,495,4,-1,0,unknown,no
56,student,married,primary,no,-2457,no,no,unknown,5,may,94,29,-1,0,unknown,no
42,retired,divorced,secondary,no,-111,no,no,cellular,17,nov,114,1,-1,0,unknown,no
25,blue-collar,married,secondary,no,-964,no,no,unknown,20,aug,483,26,-1,0,unknown,no
75,entrepreneur,single,secondary,no,795,yes,no,cellular,11,jul,86,8,-1,0,unknown,no
33,technician,single,secondary,no,5883,yes,no,unknown,22,jul,563,9,251,5,failure,no
89,technician,married,tertiary,no,-4179,no,no,cellular,15,aug,383,22,-1,0,unknown,no
18,admin.,married,secondary,no,391,yes,yes,cellular,25,may,42,5,-1,0,unknown,no
22,unknown,married,primary,no,1755,no,yes,unknown,13,jul,328,12,-1,0,unknown,no
20,self-employed,married,tertiary,no,1213,yes,no,cellular,30,apr,463,9,207,9,other,yes
82,unemployed,single,tertiary,no,-968,no,no,cellular,4,apr,40,4,-1,0,unknown,no
21,admin.,single,secondary,no,4991,yes,no,cellular,22,may,157,17,-1,0,unknown,no
81,management,married,secondary,no,945,yes,yes,unknown,13,aug,512,12,-1,0,unknown,no
27,admin.,married,secondary,no,560,no,no,cellular,26,nov,57,13,-1,0,unknown,no
38,admin.,married,secondary,no,2460,no,no,unknown,13,aug,153,11,-1,0,unknown,no
63,blue-collar,married,secondary,no,581,no,no,cellular,11,may,244,23,-1,0,unknown,no
44,unknown,married,tertiary,no,-239,yes,no,unknown,5,jun,26,17,-1,0,unknown,no
83,self-employed,married,secondary,no,-1354,yes,no,cellular,25,aug,61,15,339,1,success,no
58,blue-collar,single,secondary,no,7992,yes,no,cellular,26,jul,162,28,-1,0,unknown,no
30,admin.,married,secondary,no,3801,yes,no,cellular,14,jul,120,9,-1,0,unknown,no
26,technician,married,secondary,no,275,no,no,cellular,22,may,101,4,-1,0,unknown,no
53,services,single,primary,no,5236,yes,no,cellular,3,jul,6,12,-1,0,unknown,no
75,unemployed,married,secondary,no,2992,yes,no,cellular,18,feb,678,3,-1,0,unknown,no
71,entrepreneur,married,primary,no,1537,no,no,cellular,3,jul,529,20,146,4,other,no
29,services,married,tertiary,no,-1665,yes,no,cellular,6,aug,128,17,-1,0,unknown,no
31,management,married,primary,no,-1061,no,no,cellular,26,may,51,22,-1,0,unknown,no
51,admin.,married,secondary,no,4327,yes,no,cellular,8,apr,18,7,121,3,other,no
70,technician,divorced,primary,no,3678,yes,no,cellular,24,nov,33,7,67,3,success,no
37,management,married,secondary,no,-2696,no,no,unknown,28,sep,237,21,-1,0,unknown,no
92,admin.,divorced,tertiary,no,199,yes,no,cellular,21,may,341,26,395,6,failure,no
33,management,married,secondary,no,3461,yes,yes,unknown,17,may,43,12,245,3,failure,no
87,housemaid,married,secondary,no,4759,no,yes,unknown,1,may,30,26,101,6,other,no
73,retired,married,tertiary,no,2965,no,no,telephone,28,jun,303,21,-1,0,unknown,no
75,admin.,married,tertiary,no,53,no,no,unknown,7,aug,187,22,-1,0,unknown,no
21,technician,married,secondary,no,2130,no,no,cellular,18,may,119,10,-1,0,unknown,no
21,management,married,secondary,no,789,yes,yes,cellular,29,aug,333,28,-1,0,unknown,no
37,services,married,tertiary,no,2567,yes,no,cellular,4,nov,156,8,43,4,other,no
27,services,married,secondary,no,5856,no,yes,cellular,10,may,161,9,-1,0,unknown,no
41,retired,married,secondary,no,-924,yes,no,cellular,5,feb,4,14,-1,0,unknown,no
43,retired,married,primary,no,2264,yes,no,unknown,8,aug,97,6,-1,0,unknown,no
54,entrepreneur,married,unknown,no,1131,yes,no,telephone,26,aug,1,19,-1,0,unknown,no
71,services,single,primary,no,633,yes,yes,unknown,25,may,664,22,-1,0,unknown,no
38,entrepreneur,single,primary,no,1002,yes,no,cellular,13,jul,89,15,-1,0,unknown,no
91,services,married,secondary,no,5362,yes,yes,unknown,17,aug,51,20,-1,0,unknown,no
55,admin.,married,unknown,no,3160,no,no,unknown,25,may,24,20,-1,0,unknown,no
63,retired,married,secondary,no,-15,yes,no,unknown,21,may,12,27,287,5,failure,no
21,retired,divorced,secondary,no,3370,no,no,unknown,4,may,560,27,-1,0,unknown,no
77,unknown,married,primary,no,-254,no,no,cellular,10,dec,47,7,-1,0,unknown,no
74,blue-collar,single,secondary,no,-3945,yes,no,cellular,21,may,247,22,-1,0,unknown,no
62,self-employed,married,tertiary,no,-5491,yes,no,cellular,30,may,271,24,-1,0,unknown,no
37,self-employed,married,secondary,no,2924,yes,no,unknown,25,mar,98,27,-1,0,unknown,no
34,blue-collar,married,secondary,no,568,yes,yes,cellular,8,dec,462,8,-1,0,unknown,no
88,retired,married,tertiary,no,4414,no,no,unknown,10,may,62,3,296,3,failure,no
21,retired,single,secondary,no,2583,yes,no,cellular,13,aug,19,11,-1,0,unknown,no
31,unknown,married,secondary,no,2203,yes,yes,cellular,12,feb,18,4,-1,0,unknown,no
20,unemployed,married,secondary,no,69,yes,no,cellular,21,aug,92,2,-1,0,unknown,no
75,admin.,married,secondary,no,2986,no,yes,cellular,13,aug,160,1,-1,0,unknown,no
72,unemployed,single,secondary,no,6077,yes,no,cellular,27,apr,256,7,-1,0,unknown,no
21,technician,married,primary,no,-4635,no,no,cellular,30,apr,336,24,-1,0,unknown,no
41,management,married,secondary,no,972,no,no,cellular,10,may,50,12,-1,0,unknown,no
51,technician,married,primary,no,5457,yes,no,unknown,21,may,297,8,-1,0,unknown,no
47,blue-collar,married,secondary,no,-2014,yes,no,cellular,1,aug,52,13,-1,0,unknown,no
36,student,single,secondary,no,1822,yes,no,cellular,9,apr,1515,6,-1,0,unknown,yes
48,technician,married,secondary,no,-627,yes,no,unknown,3,jul,824,7,-1,0,unknown,yes
77,admin.,married,secondary,no,619,yes,no,cellular,17,may,27,24,-1,0,unknown,no
77,technician,married,secondary,no,-3897,yes,no,cellular,21,may,274,20,-1,0,unknown,no
36,blue-collar,divorced,secondary,no,4376,yes,no,cellular,10,jan,602,24,-1,0,unknown,yes
66,services,married,secondary,no,1873,no,no,cellular,19,may,21,6,-1,0,unknown,no
80,technician,married,secondary,no,-2911,no,no,telephone,6,may,34,12,-1,0,unknown,no
39,technician,divorced,tertiary,no,2677,no,no,unknown,7,jun,109,7,-1,0,unknown,no
41,management,married,unknown,no,2046,yes,no,cellular,11,may,25,10,-1,0,unknown,no
93,technician,divorced,secondary,no,-644,no,no,cellular,16,aug,559,7,-1,0,unknown,no
47,blue-collar,married,tertiary,no,7326,yes,no,cellular,4,oct,537,24,-1,0,unknown,yes
75,admin.,married,tertiary,no,2970,yes,no,cellular,4,sep,766,27,-1,0,unknown,yes
48,blue-collar,single,secondary,no,5292,yes,yes,telephone,18,dec,59,15,-1,0,unknown,no
81,technician,divorced,primary,no,938,yes,no,cellular,18,nov,11,21,-1,0,unknown,no
36,management,married,unknown,no,-3453,yes,no,telephone,7,may,151,2,-1,0,unknown,no
65,technician,divorced,secondary,no,-5548,no,no,cellular,11,may,548,8,-1,0,unknown,no
62,blue-collar,married,tertiary,no,-1619,yes,no,cellular,5,jul,262,17,-1,0,unknown,no
72,unknown,single,tertiary,no,5465,yes,no,cellular,21,may,1647,16,13,8,other,yes
72,self-employed,married,secondary,no,-107,yes,yes,cellular,28,nov,609,29,-1,0,unknown,no
35,retired,married,secondary,no,4545,no,yes,cellular,18,may,128,13,75,2,success,no
80,management,divorced,primary,no,-2077,no,no,cellular,7,aug,10,18,139,7,other,no
64,entrepreneur,divorced,tertiary,no,-565,no,no,cellular,2,jul,1,21,124,2,other,no
92,blue-collar,married,secondary,no,-133,yes,no,cellular,29,nov,266,4,-1,0,unknown,no
74,technician,married,secondary,no,2097,no,no,cellular,28,aug,638,12,-1,0,unknown,no
62,entrepreneur,married,primary,no,-2634,yes,no,unknown,5,may,151,11,-1,0,unknown,no
50,management,married,secondary,no,-961,no,no,cellular,5,may,535,2,-1,0,unknown,no
34,technician,married,tertiary,no,722,no,no,cellular,19,sep,215,20,19,1,failure,no
87,technician,married,secondary,no,-2606,yes,no,unknown,2,nov,26,23,125,1,failure,no
21,technician,married,secondary,no,-3856,no,no,cellular,19,aug,413,21,390,9,failure,no
37,management,single,secondary,yes,1507,yes,no,telephone,27,aug,175,16,-1,0,unknown,no
64,technician,married,secondary,no,-2560,yes,yes,cellular,5,may,13,13,-1,0,unknown,no
32,admin.,married,secondary,no,5065,no,no,cellular,12,jun,434,4,-1,0,unknown,no
87,admin.,married,tertiary,no,5148,yes,yes,cellular,13,nov,365,2,-1,0,unknown,no
64,retired,single,tertiary,no,-328,no,yes,unknown,22,may,157,18,375,4,failure,no
92,blue-collar,married,secondary,no,3228,yes,no,cellular,20,jun,5,1,252,3,other,no
26,services,married,tertiary,no,1629,no,no,cellular,7,may,109,26,235,2,failure,no
33,admin.,single,secondary,yes,4625,no,no,cellular,2,jul,147,22,-1,0,unknown,no
86,admin.,single,secondary,no,47,no,no,unknown,30,jul,46,6,-1,0,unknown,no
78,self-employed,single,secondary,no,2953,yes,no,unknown,22,jul,45,20,60,7,other,no
27,management,divorced,secondary,no,2357,yes,yes,unknown,14,may,47,25,-1,0,unknown,no
67,management,single,unknown,no,2204,no,no,unknown,25,may,119,29,56,3,failure,no
20,admin.,single,tertiary,no,-425,no,no,cellular,26,aug,438,20,-1,0,unknown,no
94,blue-collar,married,secondary,no,4979,yes,yes,unknown,5,dec,367,19,-1,0,unknown,no
87,retired,married,tertiary,no,198,yes,no,cellular,20,may,2,27,43,5,failure,no
68,technician,married,secondary,no,179,no,no,cellular,30,apr,2,10,-1,0,unknown,no
36,admin.,married,secondary,no,-738,no,no,unknown,25,aug,20,9,-1,0,unknown,no
59,services,married,secondary,no,-557,no,no,cellular,22,may,162,17,-1,0,unknown,no
52,housemaid,married,tertiary,no,702,no,no,unknown,12,may,566,29,-1,0,unknown,no
63,student,single,secondary,no,2771,yes,yes,unknown,4,jul,51,15,-1,0,unknown,no
43,blue-collar,married,primary,no,3772,no,no,cellular,17,jul,167,2,-1,0,unknown,no
86,blue-collar,married,secondary,no,1807,yes,no,unknown,16,may,10,17,-1,0,unknown,no
81,admin.,divorced,secondary,no,5670,yes,no,cellular,25,dec,5,7,-1,0,unknown,no
54,retired,married,unknown,no,1775,yes,no,unknown,10,may,1,28,-1,0,unknown,no
66,blue-collar,married,secondary,no,-3964,yes,no,cellular,3,may,344,29,-1,0,unknown,no
38,technician,married,primary,no,-2041,no,no,cellular,22,may,6,16,-1,0,unknown,no
91,self-employed,divorced,primary,no,3522,no,no,unknown,1,aug,82,17,-1,0,unknown,no
81,technician,married,primary,no,445,no,no,cellular,6,sep,267,27,-1,0,unknown,no
22,services,single,secondary,no,240,no,no,cellular,3,may,248,27,184,5,other,no
87,blue-collar,married,secondary,no,-1471,yes,no,unknown,19,apr,14,1,-1,0,unknown,no
21,blue-collar,married,tertiary,no,221,no,no,cellular,27,may,76,22,-1,0,unknown,no
56,blue-collar,married,tertiary,no,265,no,no,cellular,7,apr,263,22,-1,0,unknown,no
52,admin.,single,tertiary,no,2893,yes,no,unknown,27,jul,128,27,-1,0,unknown,no
18,housemaid,single,secondary,no,688,yes,no,cellular,9,aug,161,16,-1,0,unknown,no
41,retired,single,secondary,no,5251,yes,no,cellular,22,may,59,28,232,9,failure,no
74,management,single,tertiary,no,-542,yes,no,cellular,12,nov,9,21,-1,0,unknown,no
87,unknown,married,secondary,no,2035,yes,no,cellular,30,aug,109,4,-1,0,unknown,no
58,blue-collar,single,secondary,no,-3545,no,no,cellular,14,may,296,16,-1,0,unknown,no
71,admin.,married,secondary,no,3398,no,no,cellular,1,apr,375,24,374,9,failure,no
63,blue-collar,single,secondary,no,-2840,no,no,cellular,25,jun,231,3,-1,0,unknown,no
77,admin.,married,tertiary,no,3132,no,no,cellular,13,jun,128,1,26,7,other,no
77,admin.,married,tertiary,no,-4099,yes,no,cellular,21,jul,225,17,-1,0,unknown,no
74,management,married,secondary,no,-1678,yes,no,cellular,2,jul,314,5,-1,0,unknown,no
48,unknown,married,secondary,no,3935,yes,no,unknown,3,may,363,3,-1,0,unknown,no
41,technician,married,tertiary,no,6114,yes,no,cellular,11,jan,25,19,-1,0,unknown,no
53,blue-collar,single,secondary,no,-6726,no,no,telephone,5,aug,419,11,-1,0,unknown,no
47,technician,married,primary,no,-1847,no,no,cellular,28,aug,16,15,-1,0,unknown,no
41,blue-collar,married,tertiary,no,6910,yes,no,cellular,2,nov,527,2,-1,0,unknown,yes
47,management,single,primary,no,1848,yes,no,cellular,14,nov,128,25,-1,0,unknown,no
24,blue-collar,married,tertiary,no,-1674,no,yes,unknown,28,may,204,27,-1,0,unknown,no
52,technician,single,secondary,no,5853,no,no,cellular,13,may,88,29,-1,0,unknown,no
72,blue-collar,married,tertiary,no,3178,no,no,unknown,14,sep,143,22,-1,0,unknown,no
31,unknown,divorced,secondary,no,1752,yes,no,cellular,28,nov,481,7,138,1,other,no
27,blue-collar,married,secondary,no,-4329,yes,no,cellular,3,feb,90,18,-1,0,unknown,no
33,management,married,secondary,no,7709,yes,no,unknown,8,may,214,27,320,2,success,no
71,unknown,married,secondary,no,2209,no,no,unknown,13,apr,268,1,-1,0,unknown,no
94,admin.,married,secondary,no,493,yes,no,unknown,22,aug,40,8,277,3,other,no
87,blue-collar,divorced,secondary,no,5807,yes,no,cellular,12,aug,388,16,197,2,other,no
61,self-employed,married,tertiary,no,-1328,no,no,unknown,18,aug,1800,26,-1,0,unknown,yes
90,admin.,married,unknown,no,-1858,yes,no,unknown,18,may,43,15,-1,0,unknown,no
62,management,married,secondary,no,-1497,no,no,cellular,17,may,376,4,-1,0,unknown,no
73,technician,single,tertiary,no,282,yes,yes,cellular,7,may,41,13,-1,0,unknown,no
74,retired,married,secondary,no,1502,yes,no,cellular,22,may,774,25,-1,0,unknown,yes
38,blue-collar,divorced,primary,no,3342,no,no,cellular,13,dec,136,12,-1,0,unknown,no
85,services,married,secondary,no,-2331,yes,yes,cellular,13,mar,1008,9,-1,0,unknown,yes
67,management,married,primary,no,2331,yes,no,unknown,6,may,18,13,-1,0,unknown,no
50,technician,married,secondary,no,-385,yes,no,cellular,21,aug,403,11,-1,0,unknown,no
24,services,single,primary,no,1097,no,no,cellular,19,may,165,12,-1,0,unknown,no
87,technician,single,secondary,no,5049,no,no,cellular,24,nov,88,4,-1,0,unknown,no
32,self-employed,married,secondary,no,2900,no,no,cellular,19,may,355,26,-1,0,unknown,no
49,admin.,married,secondary,no,3150,no,no,cellular,21,sep,260,3,-1,0,unknown,no
92,self-employed,single,secondary,no,-426,no,no,unknown,24,aug,601,5,-1,0,unknown,no
37,retired,married,primary,no,7198,yes,no,cellular,30,jan,73,6,-1,0,unknown,no
32,services,married,tertiary,no,3438,no,no,cellular,28,may,724,26,-1,0,unknown,yes
65,blue-collar,married,secondary,no,147,yes,no,telephone,16,may,264,4,-1,0,unknown,no
88,management,married,unknown,no,4845,no,no,cellular,3,jun,154,1,-1,0,unknown,no
38,management,married,secondary,no,3128,no,yes,unknown,14,jun,14,23,-1,0,unknown,no
59,admin.,married,unknown,no,-2367,no,no,telephone,21,nov,373,5,162,5,success,yes
43,services,married,secondary,no,2022,yes,no,cellular,27,may,504,2,-1,0,unknown,no
31,technician,single,primary,no,-1482,no,no,telephone,6,may,427,14,-1,0,unknown,no
74,admin.,married,secondary,no,-4698,yes,no,cellular,17,apr,343,11,-1,0,unknown,no
54,services,single,tertiary,no,123,yes,no,cellular,16,aug,899,9,-1,0,unknown,yes
75,admin.,married,secondary,no,4824,no,no,cellular,2,nov,487,8,-1,0,unknown,no
38,technician,single,tertiary,no,5845,yes,yes,cellular,23,may,678,26,-1,0,unknown,yes
86,admin.,married,tertiary,no,-110,yes,no,cellular,9,apr,338,7,-1,0,unknown,no
20,admin.,single,secondary,no,565,no,no,cellular,13,may,442,29,-1,0,unknown,no
54,technician,married,unknown,no,5610,no,no,cellular,14,apr,88,15,-1,0,unknown,no
66,unknown,divorced,unknown,no,3433,no,no,cellular,26,jul,285,9,-1,0,unknown,no
36,admin.,married,unknown,no,2890,no,no,cellular,20,may,59,10,-1,0,unknown,no
29,blue-collar,married,unknown,no,1840,yes,no,cellular,21,nov,18,18,-1,0,unknown,no
78,technician,divorced,tertiary,no,3596,yes,no,unknown,12,may,223,29,-1,0,unknown,no
58,unknown,married,unknown,no,1332,yes,yes,unknown,20,nov,394,19,-1,0,unknown,no
50,admin.,married,primary,no,6010,yes,no,telephone,11,may,22,25,301,7,other,no
67,unknown,divorced,secondary,no,1063,no,no,cellular,19,sep,51,22,344,5,other,no
85,blue-collar,married,tertiary,no,1015,yes,no,cellular,10,nov,25,2,303,8,failure,no
88,admin.,married,primary,no,-4744,yes,no,telephone,18,dec,259,22,239,9,failure,no
50,self-employed,divorced,tertiary,no,4596,no,no,unknown,30,aug,21,14,-1,0,unknown,no
41,retired,married,secondary,yes,-1466,yes,no,unknown,3,apr,25,21,-1,0,unknown,no
78,technician,single,secondary,no,-5688,yes,no,cellular,16,mar,79,10,-1,0,unknown,no
78,unemployed,married,primary,no,885,no,no,cellular,18,aug,81,5,-1,0,unknown,no
45,unknown,single,unknown,no,407,yes,yes,cellular,14,nov,210,5,-1,0,unknown,no
75,management,married,secondary,no,2771,no,no,cellular,24,may,8,2,-1,0,unknown,no
60,services,divorced,secondary,no,3369,no,no,unknown,17,nov,246,22,41,1,other,no
58,unemployed,married,secondary,no,-1061,no,no,cellular,5,jul,136,13,-1,0,unknown,no
56,blue-collar,married,tertiary,no,9581,yes,no,cellular,17,apr,50,7,-1,0,unknown,no
66,self-employed,single,secondary,no,817,yes,no,telephone,21,may,273,25,-1,0,unknown,no
34,blue-collar,married,tertiary,no,-3642,no,no,cellular,14,apr,103,21,-1,0,unknown,no
87,technician,single,unknown,no,6170,yes,no,cellular,3,may,453,27,-1,0,unknown,no
87,unknown,single,tertiary,no,3607,yes,no,unknown,25,aug,1173,15,-1,0,unknown,yes
82,admin.,married,secondary,no,2648,yes,no,telephone,15,may,389,27,356,5,failure,no
91,technician,single,primary,no,116,no,no,unknown,12,jul,350,21,-1,0,unknown,no
22,retired,married,tertiary,no,1559,no,no,unknown,17,aug,113,15,-1,0,unknown,no
19,retired,married,secondary,no,-5083,no,no,unknown,26,nov,197,25,-1,0,unknown,no
39,admin.,married,secondary,no,608,no,no,telephone,17,jul,13,6,38,8,failure,no
74,unemployed,single,tertiary,no,8792,yes,no,cellular,24,jul,335,7,-1,0,unknown,yes
83,services,married,primary,no,-1441,no,no,telephone,19,nov,290,4,-1,0,unknown,no
91,management,single,primary,no,1952,yes,no,cellular,27,may,80,4,-1,0,unknown,no
33,entrepreneur,married,secondary,no,-3632,no,no,unknown,7,may,197,1,-1,0,unknown,no
68,services,single,secondary,no,-140,no,no,cellular,26,sep,293,11,-1,0,unknown,no
56,admin.,married,secondary,no,-2373,no,no,cellular,5,apr,118,5,16,8,failure,no
93,technician,single,tertiary,no,2703,no,no,cellular,2,may,333,2,-1,0,unknown,no
57,unknown,married,tertiary,no,2069,yes,no,unknown,16,may,411,5,-1,0,unknown,no
55,admin.,married,secondary,no,-2486,no,no,unknown,30,may,65,5,-1,0,unknown,no
77,services,married,secondary,no,1686,no,no,cellular,13,aug,92,20,-1,0,unknown,no
76,management,single,unknown,no,1793,no,no,unknown,11,apr,132,13,-1,0,unknown,no
27,management,married,primary,no,1946,no,no,unknown,7,jun,69,12,-1,0,unknown,no
81,admin.,single,secondary,no,3983,no,no,cellular,23,aug,385,10,-1,0,unknown,no
80,management,married,tertiary,no,6117,no,no,unknown,3,jul,218,13,-1,0,unknown,no
66,services,single,tertiary,no,-419,yes,no,unknown,6,jul,123,9,-1,0,unknown,no
81,unknown,married,secondary,no,502,yes,no,cellular,5,may,4,5,-1,0,unknown,no
49,technician,married,secondary,no,902,yes,no,cellular,1,may,101,6,-1,0,unknown,no
24,services,married,secondary,no,-2484,yes,yes,cellular,1,may,467,17,-1,0,unknown,no
38,management,married,secondary,no,-1601,yes,no,cellular,18,jun,351,28,-1,0,unknown,no
37,management,married,tertiary,no,3111,no,no,unknown,23,jul,17,5,45,3,failure,no
43,blue-collar,divorced,secondary,no,7196,yes,no,cellular,3,jul,417,28,-1,0,unknown,no
85,technician,divorced,secondary,no,-1696,no,no,unknown,25,sep,50,25,-1,0,unknown,no
32,technician,single,tertiary,no,8301,yes,no,unknown,19,apr,1121,28,-1,0,unknown,yes
31,blue-collar,married,secondary,no,-277,no,no,unknown,10,may,523,11,-1,0,unknown,no
44,management,married,tertiary,no,5057,yes,yes,unknown,20,jul,630,6,-1,0,unknown,yes
57,management,single,secondary,no,2710,no,no,cellular,11,jul,378,9,-1,0,unknown,no
75,technician,married,secondary,no,2006,no,no,unknown,8,feb,320,12,337,2,failure,no
45,technician,divorced,unknown,no,140,no,no,unknown,20,may,72,29,74,2,success,no
43,admin.,married,secondary,no,1469,yes,no,cellular,23,sep,227,4,-1,0,unknown,no
80,admin.,divorced,tertiary,no,-710,yes,no,unknown,11,jun,307,18,-1,0,unknown,no
83,retired,married,secondary,no,4259,yes,no,cellular,5,may,87,15,-1,0,unknown,no
42,self-employed,single,primary,no,4775,yes,no,cellular,22,nov,131,25,-1,0,unknown,no
20,technician,married,primary,no,-529,yes,yes,cellular,24,apr,758,4,-1,0,unknown,no
89,services,divorced,secondary,no,-3499,yes,yes,unknown,4,nov,135,14,-1,0,unknown,no
61,admin.,married,tertiary,no,438,no,no,unknown,13,feb,97,27,-1,0,unknown,no
59,services,single,secondary,no,7387,no,no,cellular,6,jul,29,18,247,6,failure,no
23,admin.,single,unknown,no,2117,no,no,cellular,29,jul,107,17,-1,0,unknown,no
56,self-employed,married,secondary,no,4882,yes,no,unknown,26,jul,244,2,366,9,failure,no
69,blue-collar,married,primary,yes,-1361,yes,no,unknown,2,feb,41,21,-1,0,unknown,no
40,unknown,married,secondary,no,-36,no,no,unknown,25,jul,239,19,-1,0,unknown,no
67,self-employed,married,tertiary,no,489,yes,no,unknown,28,apr,348,29,182,1,failure,no
60,management,married,unknown,no,-2091,yes,no,unknown,25,may,377,22,-1,0,unknown,no
36,management,married,primary,no,1922,no,no,cellular,28,may,1080,14,-1,0,unknown,yes
86,technician,married,secondary,no,-1033,no,no,cellular,26,jul,147,4,-1,0,unknown,no
68,management,single,tertiary,no,4268,no,no,cellular,26,may,8,2,104,1,failure,no
28,self-employed,single,secondary,no,1689,no,no,cellular,6,apr,497,13,-1,0,unknown,no
29,admin.,married,secondary,no,5864,no,no,unknown,22,may,22,7,123,8,other,no
91,student,divorced,secondary,no,-3610,no,no,cellular,10,apr,510,28,-1,0,unknown,no
25,services,single,secondary,no,-171,no,no,telephone,23,jul,1046,27,-1,0,unknown,yes
41,self-employed,married,tertiary,no,199,yes,no,unknown,4,jul,612,22,-1,0,unknown,no
58,unknown,married,secondary,no,2811,no,no,cellular,16,may,857,8,-1,0,unknown,yes
53,blue-collar,married,tertiary,no,155,yes,no,cellular,23,nov,6,29,366,3,other,no
89,blue-collar,single,secondary,no,6589,no,no,unknown,10,jun,2,10,236,3,other,no
72,management,single,secondary,no,869,yes,no,cellular,1,oct,60,21,-1,0,unknown,no
26,housemaid,married,tertiary,no,-1294,yes,no,unknown,13,jul,413,3,105,8,other,no
64,unknown,single,secondary,no,939,yes,no,cellular,14,may,24,4,-1,0,unknown,no
32,unemployed,married,secondary,no,445,yes,no,cellular,23,jul,354,21,-1,0,unknown,no
65,blue-collar,married,secondary,no,4206,yes,no,cellular,12,may,3,21,-1,0,unknown,no
59,blue-collar,single,secondary,no,186,yes,no,unknown,13,jul,338,6,-1,0,unknown,no
77,housemaid,single,tertiary,no,-3139,no,no,cellular,1,dec,74,25,-1,0,unknown,no
87,retired,married,secondary,no,1954,no,no,cellular,27,may,149,20,-1,0,unknown,no
29,entrepreneur,married,secondary,no,-530,no,no,telephone,14,may,967,7,-1,0,unknown,yes
19,management,divorced,primary,no,-2042,no,no,cellular,8,may,207,7,188,4,other,no
24,admin.,married,unknown,no,1489,no,no,cellular,26,jun,20,22,-1,0,unknown,no
20,services,single,secondary,no,1025,no,no,cellular,22,aug,532,17,-1,0,unknown,no
20,management,married,tertiary,no,760,no,yes,cellular,14,may,100,25,-1,0,unknown,no
44,technician,married,secondary,no,2203,no,no,unknown,30,may,227,6,-1,0,unknown,no
57,admin.,married,secondary,no,-314,no,no,cellular,1,jul,320,19,-1,0,unknown,no
50,retired,married,secondary,no,1769,yes,no,cellular,27,jul,387,27,-1,0,unknown,no
18,admin.,single,tertiary,no,-346,yes,no,cellular,28,jul,146,18,-1,0,unknown,no
25,services,married,secondary,no,3888,no,no,cellular,17,jun,382,12,-1,0,unknown,no
49,blue-collar,married,primary,no,1350,yes,no,unknown,16,aug,32,28,-1,0,unknown,no
65,unknown,married,secondary,no,6671,yes,no,cellular,12,may,192,19,-1,0,unknown,no
21,blue-collar,married,secondary,no,-62,yes,no,telephone,29,may,5,11,-1,0,unknown,no
87,unknown,divorced,tertiary,no,2493,no,no,cellular,29,jun,134,17,-1,0,unknown,no
36,blue-collar,single,secondary,no,4811,no,no,cellular,20,aug,117,3,281,2,other,no
49,technician,married,secondary,no,3030,yes,no,telephone,23,apr,986,15,-1,0,unknown,yes
26,blue-collar,single,secondary,no,1843,yes,no,cellular,5,apr,130,5,377,9,success,no
29,blue-collar,single,secondary,no,2430,yes,no,cellular,21,aug,613,4,323,8,failure,no
28,services,single,secondary,no,2944,no,no,cellular,24,may,147,26,-1,0,unknown,no
63,admin.,married,secondary,no,2315,yes,no,cellular,18,nov,196,1,-1,0,unknown,no
33,blue-collar,married,secondary,no,1377,yes,no,unknown,4,nov,111,21,91,7,failure,no
18,admin.,married,secondary,no,3633,yes,yes,cellular,20,jul,263,3,205,8,failure,no
80,blue-collar,single,unknown,no,1167,yes,no,unknown,11,aug,346,10,-1,0,unknown,no
38,technician,single,secondary,no,-1532,yes,no,cellular,8,jul,403,27,-1,0,unknown,no
47,retired,married,secondary,no,7597,no,no,cellular,22,may,305,13,-1,0,unknown,no
30,management,married,unknown,no,4054,yes,no,cellular,26,jun,103,7,59,4,other,no
51,admin.,married,tertiary,no,-1312,no,no,unknown,9,aug,103,14,-1,0,unknown,no
21,services,married,secondary,no,688,yes,yes,cellular,26,aug,110,26,-1,0,unknown,no
45,blue-collar,divorced,secondary,no,-287,yes,no,unknown,25,nov,9,27,-1,0,unknown,no
76,housemaid,married,tertiary,no,-72,yes,no,cellular,20,nov,739,13,-1,0,unknown,no
44,self-employed,married,secondary,no,4023,no,no,cellular,10,may,56,24,47,5,success,no
86,management,divorced,tertiary,no,427,no,no,cellular,7,aug,44,21,-1,0,unknown,no
42,blue-collar,married,unknown,yes,7170,no,no,cellular,19,jul,207,26,-1,0,unknown,no
20,services,single,tertiary,no,-3878,yes,no,unknown,22,oct,12,24,-1,0,unknown,no
85,services,married,secondary,no,1332,yes,no,cellular,29,may,469,22,118,1,success,yes
42,technician,married,tertiary,no,-2572,yes,no,unknown,1,aug,538,22,-1,0,unknown,no
37,retired,married,tertiary,no,2404,yes,no,cellular,5,may,130,5,-1,0,unknown,no
51,services,single,tertiary,no,2764,yes,no,cellular,6,may,917,11,-1,0,unknown,yes
43,admin.,married,secondary,no,4119,yes,no,cellular,12,feb,101,26,-1,0,unknown,no
22,blue-collar,married,tertiary,no,-2259,yes,no,telephone,28,nov,77,22,305,3,failure,no
78,blue-collar,single,tertiary,no,2716,no,no,cellular,12,jul,1180,14,193,6,failure,yes
26,services,married,unknown,no,-1198,no,no,cellular,21,jul,74,1,366,3,other,no
67,admin.,married,primary,no,1709,yes,no,cellular,14,may,151,24,-1,0,unknown,no
23,management,married,secondary,no,96,yes,no,unknown,7,jul,244,5,158,6,failure,no
77,management,married,tertiary,no,-2371,no,no,cellular,28,nov,100,24,-1,0,unknown,no
61,blue-collar,single,secondary,no,3588,yes,no,unknown,20,may,125,3,-1,0,unknown,no
28,services,single,tertiary,no,646,no,yes,cellular,21,dec,329,26,-1,0,unknown,no
83,blue-collar,divorced,secondary,no,3994,no,no,telephone,20,may,331,22,-1,0,unknown,no
64,student,single,secondary,no,4209,no,no,telephone,14,nov,419,1,-1,0,unknown,no
90,technician,married,tertiary,no,5355,yes,no,cellular,16,jul,232,17,338,8,failure,no
20,unknown,single,secondary,no,-98,no,yes,unknown,9,may,68,20,377,9,other,no
93,services,married,primary,no,-1364,no,no,cellular,2,may,104,12,-1,0,unknown,no
47,technician,married,tertiary,no,5023,yes,no,cellular,17,may,595,26,-1,0,unknown,yes
38,management,married,secondary,no,1730,no,no,cellular,4,may,341,13,34,1,failure,no
45,admin.,married,secondary,no,5468,yes,yes,unknown,14,jul,23,6,-1,0,unknown,no
79,admin.,single,primary,no,-2126,no,no,cellular,14,feb,361,3,7,3,success,no
50,management,married,secondary,no,3488,yes,no,unknown,28,nov,103,29,397,3,failure,no
52,unemployed,married,tertiary,no,1551,yes,no,telephone,15,aug,6,11,-1,0,unknown,no
69,self-employed,married,tertiary,no,1297,no,no,cellular,28,nov,170,11,188,9,failure,no
51,blue-collar,married,primary,no,457,yes,no,cellular,12,aug,554,28,290,5,other,no
58,admin.,married,tertiary,no,-1909,yes,no,unknown,13,jun,151,28,269,1,other,no
68,blue-collar,single,tertiary,no,3413,yes,no,cellular,22,may,1158,21,260,7,failure,yes
64,blue-collar,married,primary,no,245,yes,yes,cellular,10,jun,50,10,-1,0,unknown,no
75,entrepreneur,single,primary,no,2056,no,yes,cellular,16,aug,111,11,-1,0,unknown,no
92,entrepreneur,married,tertiary,no,7219,yes,no,cellular,29,sep,4,16,-1,0,unknown,no
74,student,married,secondary,no,-188,yes,no,cellular,29,may,13,20,141,5,success,no
40,management,single,secondary,no,528,yes,yes,unknown,30,jun,112,10,215,1,other,no
65,blue-collar,single,tertiary,no,933,yes,no,cellular,15,jul,193,12,-1,0,unknown,no
39,technician,married,tertiary,no,239,no,yes,cellular,8,jul,69,19,-1,0,unknown,no
34,unknown,single,secondary,no,332,yes,no,cellular,4,mar,46,9,23,3,failure,no
86,technician,divorced,secondary,no,3515,no,no,cellular,1,jun,140,4,-1,0,unknown,no
28,admin.,divorced,tertiary,no,5392,yes,no,unknown,14,aug,48,26,-1,0,unknown,no
32,technician,single,secondary,no,1811,yes,no,cellular,9,aug,257,15,-1,0,unknown,no
52,unemployed,single,secondary,no,3641,no,no,cellular,19,jun,801,23,396,9,other,yes
50,management,married,secondary,no,903,yes,no,telephone,6,nov,423,21,-1,0,unknown,no
33,management,single,tertiary,no,828,yes,no,cellular,16,aug,62,7,-1,0,unknown,no
51,unknown,married,secondary,no,222,yes,yes,cellular,26,aug,778,5,-1,0,unknown,yes
83,self-employed,divorced,secondary,no,-872,yes,no,cellular,30,jun,358,19,-1,0,unknown,no
57,services,married,secondary,no,5131,yes,no,cellular,24,jul,43,22,-1,0,unknown,no
45,technician,married,secondary,no,-83,no,no,cellular,11,may,223,25,-1,0,unknown,no
64,housemaid,married,tertiary,no,3255,yes,no,unknown,21,jul,876,15,-1,0,unknown,yes
56,self-employed,married,tertiary,no,-1089,yes,yes,cellular,27,jul,26,28,-1,0,unknown,no
87,retired,married,secondary,no,1559,no,no,unknown,23,may,81,6,-1,0,unknown,no
90,blue-collar,married,secondary,no,1419,no,no,cellular,11,nov,120,20,-1,0,unknown,no
37,technician,single,primary,no,-1065,yes,no,cellular,14,may,31,15,373,3,success,no
18,entrepreneur,single,secondary,no,381,yes,no,cellular,11,apr,91,17,-1,0,unknown,no
89,blue-collar,married,tertiary,no,-1783,yes,no,cellular,26,jun,304,19,-1,0,unknown,no
80,management,single,secondary,no,1472,yes,no,unknown,14,jul,167,3,-1,0,unknown,no
84,admin.,married,secondary,no,-3859,yes,no,cellular,25,may,141,18,-1,0,unknown,no
21,self-employed,married,secondary,no,1248,yes,no,cellular,1,may,145,10,-1,0,unknown,no
75,blue-collar,single,tertiary,no,3374,yes,no,cellular,11,may,367,15,-1,0,unknown,no
42,technician,single,secondary,no,1383,yes,no,cellular,30,may,1223,18,-1,0,unknown,yes
64,blue-collar,married,secondary,no,-678,yes,no,cellular,24,may,229,24,-1,0,unknown,no
55,blue-collar,married,secondary,no,-525,yes,yes,unknown,18,jun,359,15,-1,0,unknown,no
32,retired,married,secondary,no,5046,yes,no,unknown,17,feb,120,24,-1,0,unknown,no
80,blue-collar,married,secondary,no,1896,yes,no,cellular,4,apr,508,19,131,5,other,no
38,retired,married,secondary,no,3955,no,no,cellular,22,aug,140,20,-1,0,unknown,no
74,unknown,divorced,secondary,no,4250,no,no,cellular,14,may,705,5,-1,0,unknown,yes
70,admin.,single,tertiary,no,84,no,no,cellular,8,may,351,11,-1,0,unknown,no
63,admin.,single,tertiary,no,-1582,yes,no,telephone,15,feb,317,9,-1,0,unknown,no
31,technician,married,secondary,no,3360,no,yes,unknown,16,may,88,5,-1,0,unknown,no
93,blue-collar,single,secondary,no,-1149,yes,no,unknown,1,aug,410,11,16,4,failure,no
34,blue-collar,married,tertiary,no,-349,yes,no,cellular,1,may,28,22,-1,0,unknown,no
56,self-employed,married,secondary,no,1732,no,no,unknown,10,nov,199,7,73,9,failure,no
26,blue-collar,married,secondary,no,668,no,no,cellular,2,may,342,27,-1,0,unknown,no
94,management,single,tertiary,no,-5520,yes,no,cellular,25,jun,554,2,-1,0,unknown,no
23,unknown,divorced,primary,no,-2281,yes,no,unknown,12,aug,217,20,-1,0,unknown,no
40,technician,married,secondary,no,4448,yes,no,unknown,4,dec,77,22,-1,0,unknown,no
76,housemaid,married,secondary,no,1178,no,no,cellular,23,may,487,20,-1,0,unknown,no
63,management,married,primary,no,3620,no,no,unknown,19,apr,376,21,-1,0,unknown,no
55,blue-collar,single,secondary,no,-1012,yes,no,cellular,27,jul,43,19,-1,0,unknown,no
31,blue-collar,married,primary,no,-1913,no,no,unknown,1,jul,531,18,-1,0,unknown,no
89,blue-collar,married,secondary,no,3588,yes,yes,unknown,1,nov,829,16,-1,0,unknown,yes
79,technician,single,secondary,no,5311,no,no,cellular,9,may,199,1,-1,0,unknown,no
52,management,married,tertiary,no,-1196,no,no,telephone,30,apr,10,3,-1,0,unknown,no
36,retired,married,unknown,no,4475,yes,no,cellular,20,jul,637,26,-1,0,unknown,yes
47,housemaid,married,primary,no,-1507,yes,yes,cellular,13,feb,33,9,-1,0,unknown,no
42,management,single,secondary,no,-3488,yes,no,cellular,11,may,258,17,-1,0,unknown,no
57,self-employed,married,tertiary,no,3179,no,no,cellular,19,may,132,8,-1,0,unknown,no
31,management,divorced,tertiary,no,-1442,yes,no,cellular,21,may,1246,21,-1,0,unknown,yes
43,retired,single,tertiary,no,-2208,no,no,cellular,17,nov,642,16,183,3,failure,no
39,entrepreneur,married,primary,no,-2143,yes,yes,cellular,3,may,395,12,-1,0,unknown,no
65,retired,married,secondary,no,378,no,no,unknown,20,nov,57,4,-1,0,unknown,no
68,unknown,married,secondary,no,-3679,yes,no,cellular,13,jun,309,5,-1,0,unknown,no
20,blue-collar,married,unknown,no,3204,yes,no,cellular,28,aug,219,27,-1,0,unknown,no
59,retired,divorced,primary,no,2866,yes,yes,unknown,22,jun,37,7,-1,0,unknown,no
36,admin.,single,secondary,no,2863,yes,yes,cellular,25,dec,408,24,-1,0,unknown,no
90,management,married,secondary,no,5045,yes,no,cellular,19,jul,23,18,-1,0,unknown,no
45,technician,married,unknown,no,4334,no,no,unknown,20,may,169,22,-1,0,unknown,no
62,blue-collar,married,secondary,no,-1300,yes,no,telephone,21,jan,143,20,-1,0,unknown,no
88,technician,married,tertiary,no,3444,yes,no,cellular,24,nov,423,14,-1,0,unknown,no
80,technician,married,secondary,no,4755,yes,no,cellular,9,jul,143,8,-1,0,unknown,no
90,technician,married,primary,no,3864,yes,no,cellular,19,apr,305,13,156,1,failure,no
36,admin.,divorced,secondary,no,4089,yes,no,cellular,19,aug,167,28,-1,0,unknown,no
64,services,married,secondary,no,970,no,yes,telephone,23,may,225,4,-1,0,unknown,no
31,self-employed,married,secondary,no,-522,yes,no,cellular,25,aug,71,12,-1,0,unknown,no
55,unemployed,single,primary,no,718,yes,yes,unknown,1,jul,58,3,-1,0,unknown,no
70,blue-collar,married,tertiary,no,-673,no,yes,unknown,17,apr,319,5,341,7,other,no
78,entrepreneur,married,tertiary,no,4432,yes,no,cellular,14,apr,33,4,-1,0,unknown,no
53,technician,married,secondary,no,1981,no,yes,cellular,12,jun,49,15,-1,0,unknown,no
57,self-employed,married,primary,no,3893,yes,yes,cellular,2,nov,729,28,-1,0,unknown,yes
47,technician,divorced,tertiary,no,-2924,yes,no,cellular,22,jul,75,5,-1,0,unknown,no
26,services,divorced,tertiary,no,82,no,no,cellular,3,aug,100,9,-1,0,unknown,no
81,retired,divorced,unknown,no,-1653,yes,no,cellular,28,jun,258,14,-1,0,unknown,no
50,admin.,single,secondary,no,-3455,yes,no,cellular,24,may,149,27,-1,0,unknown,no
69,blue-collar,married,tertiary,no,2321,no,no,cellular,5,aug,211,16,-1,0,unknown,no
31,services,divorced,primary,no,-1771,yes,no,cellular,3,jun,40,3,-1,0,unknown,no
92,unemployed,divorced,tertiary,no,302,yes,no,cellular,14,may,287,15,-1,0,unknown,no
70,management,married,tertiary,no,-1492,no,yes,cellular,24,may,43,18,272,8,other,no
76,technician,married,secondary,no,199,yes,no,telephone,24,jul,355,18,-1,0,unknown,no
58,blue-collar,married,tertiary,no,3188,yes,no,cellular,18,may,191,14,-1,0,unknown,no
85,technician,married,tertiary,yes,-1448,no,no,cellular,5,may,437,25,-1,0,unknown,no
85,management,married,secondary,no,60,yes,no,cellular,3,jul,48,7,-1,0,unknown,no
25,admin.,divorced,primary,no,3007,yes,no,cellular,23,jul,122,26,-1,0,unknown,no
19,blue-collar,divorced,secondary,no,3466,no,no,cellular,2,may,484,28,-1,0,unknown,no
58,blue-collar,married,secondary,no,240,yes,no,cellular,9,may,413,20,-1,0,unknown,no
72,services,married,tertiary,no,2307,yes,no,cellular,18,aug,870,6,-1,0,unknown,yes
33,unknown,single,secondary,no,3874,yes,no,telephone,27,nov,64,26,-1,0,unknown,no
79,student,single,secondary,no,-1748,no,no,unknown,2,may,199,16,-1,0,unknown,no
65,blue-collar,married,secondary,no,-719,yes,yes,telephone,22,may,4,22,212,5,other,no
47,blue-collar,single,secondary,no,300,yes,no,unknown,19,may,866,19,-1,0,unknown,yes
29,technician,divorced,secondary,no,2762,yes,no,unknown,3,may,49,9,-1,0,unknown,no
52,blue-collar,divorced,secondary,no,1982,yes,no,cellular,26,may,606,20,-1,0,unknown,no
28,technician,married,secondary,no,1615,yes,no,cellular,18,jun,292,1,-1,0,unknown,no
81,technician,married,secondary,no,-1662,no,no,cellular,14,jul,712,18,-1,0,unknown,no
67,unknown,divorced,tertiary,no,4034,yes,no,cellular,13,aug,73,21,384,1,other,no
38,blue-collar,married,primary,no,-74,yes,no,cellular,16,mar,109,14,-1,0,unknown,no
86,management,single,tertiary,no,622,yes,no,unknown,21,jul,46,14,-1,0,unknown,no
65,technician,married,tertiary,no,2007,no,no,cellular,28,may,141,8,284,4,other,no
37,blue-collar,married,secondary,no,7340,yes,yes,unknown,11,may,760,23,-1,0,unknown,yes
84,admin.,married,tertiary,no,-501,no,no,unknown,21,aug,218,25,-1,0,unknown,no
61,admin.,married,tertiary,no,-651,no,no,cellular,23,may,138,17,125,7,failure,no
50,admin.,divorced,secondary,no,298,yes,no,telephone,24,may,101,18,-1,0,unknown,no
90,management,married,secondary,no,4904,no,no,cellular,24,jul,226,15,-1,0,unknown,no
78,blue-collar,divorced,secondary,no,1869,yes,no,cellular,12,jul,331,10,-1,0,unknown,no
26,admin.,divorced,tertiary,no,2549,yes,yes,unknown,30,mar,134,20,-1,0,unknown,no
85,blue-collar,married,secondary,no,3842,no,no,unknown,3,apr,67,16,204,5,other,no
52,technician,single,primary,no,4804,no,no,unknown,6,jul,226,7,-1,0,unknown,no
82,blue-collar,married,secondary,no,-587,no,no,cellular,16,nov,117,29,-1,0,unknown,no
25,unknown,single,secondary,no,2990,yes,no,cellular,12,dec,1334,29,90,6,failure,yes
62,blue-collar,married,tertiary,no,4880,no,no,unknown,21,dec,150,17,-1,0,unknown,no
64,self-employed,married,primary,no,2039,no,yes,unknown,20,may,147,5,-1,0,unknown,no
57,unknown,married,secondary,no,-1034,yes,no,cellular,26,may,471,18,-1,0,unknown,no
93,management,single,tertiary,no,-1622,no,yes,cellular,6,apr,74,14,-1,0,unknown,no
71,blue-collar,divorced,secondary,no,2777,no,yes,unknown,20,may,17,18,-1,0,unknown,no
93,housemaid,married,tertiary,no,-2036,yes,no,cellular,14,may,496,18,-1,0,unknown,no
63,services,married,tertiary,no,-1017,no,no,cellular,24,jul,229,15,-1,0,unknown,no
64,technician,married,primary,no,-47,no,no,cellular,9,may,77,25,226,4,other,no
32,unknown,single,secondary,no,2263,no,no,cellular,17,may,108,11,-1,0,unknown,no
36,blue-collar,married,secondary,no,3172,yes,no,cellular,12,jul,143,26,-1,0,unknown,no
43,technician,single,tertiary,no,-708,no,no,cellular,1,may,294,5,-1,0,unknown,no
69,management,married,secondary,no,-2468,no,no,cellular,20,may,162,16,-1,0,unknown,no
39,entrepreneur,married,tertiary,no,3870,yes,yes,cellular,22,jul,130,8,-1,0,unknown,no
38,retired,single,tertiary,no,3448,no,yes,cellular,8,apr,391,13,53,3,other,no
68,blue-collar,single,secondary,no,2830,yes,no,cellular,28,aug,19,26,-1,0,unknown,no
55,blue-collar,single,primary,no,2547,yes,no,cellular,12,nov,272,22,-1,0,unknown,no
37,blue-collar,married,secondary,no,230,yes,no,cellular,16,jun,153,27,-1,0,unknown,no
46,retired,divorced,unknown,no,889,no,yes,cellular,1,jul,105,17,-1,0,unknown,no
68,blue-collar,married,primary,no,1649,yes,no,unknown,3,may,677,26,-1,0,unknown,no
21,blue-collar,divorced,tertiary,no,-1106,yes,no,cellular,12,nov,388,9,-1,0,unknown,no
72,blue-collar,married,secondary,no,2572,yes,yes,cellular,4,may,63,15,113,4,other,no
88,services,married,primary,no,1779,yes,no,cellular,10,aug,272,7,-1,0,unknown,no
45,management,married,tertiary,no,1015,yes,yes,unknown,2,jul,445,27,-1,0,unknown,no
21,unknown,married,secondary,no,4159,no,no,telephone,29,aug,1171,18,-1,0,unknown,yes
39,admin.,married,secondary,no,1118,no,no,cellular,9,nov,309,14,-1,0,unknown,no
93,technician,single,secondary,no,3400,yes,no,cellular,3,jun,302,8,-1,0,unknown,no
62,management,single,unknown,no,-2144,yes,no,telephone,20,may,245,2,-1,0,unknown,no
84,housemaid,divorced,primary,no,3942,no,yes,cellular,20,aug,10,18,-1,0,unknown,no
83,technician,married,primary,no,3234,yes,no,cellular,1,sep,226,4,183,4,other,no
51,technician,married,tertiary,no,7907,no,no,cellular,5,jul,421,24,-1,0,unknown,yes
72,admin.,single,secondary,no,6224,yes,yes,telephone,5,sep,129,23,149,2,success,no
18,blue-collar,married,secondary,no,4231,yes,yes,cellular,2,aug,228,2,-1,0,unknown,no
89,technician,married,secondary,no,-194,yes,no,cellular,15,nov,673,10,-1,0,unknown,no
55,services,single,secondary,no,-1233,yes,no,cellular,1,jul,48,6,-1,0,unknown,no
23,management,married,tertiary,no,-753,yes,no,cellular,21,may,84,11,-1,0,unknown,no
42,self-employed,married,primary,no,2950,yes,no,cellular,5,jul,30,27,-1,0,unknown,no
34,management,divorced,unknown,no,5304,yes,no,cellular,7,apr,178,20,-1,0,unknown,no
78,technician,married,secondary,no,-2210,yes,no,cellular,11,jun,472,10,-1,0,unknown,no
29,retired,divorced,tertiary,no,-1108,yes,no,cellular,26,aug,147,29,-1,0,unknown,no
23,unknown,married,tertiary,no,1522,no,no,cellular,10,may,18,17,-1,0,unknown,no
44,blue-collar,single,secondary,no,-1984,yes,no,cellular,2,may,78,24,-1,0,unknown,no
25,unknown,married,tertiary,no,153,no,no,cellular,30,may,568,8,221,2,other,no
82,housemaid,single,secondary,no,5156,no,yes,unknown,29,may,210,6,-1,0,unknown,no
74,admin.,married,primary,no,3586,yes,no,unknown,28,jul,633,16,-1,0,unknown,yes
57,blue-collar,single,tertiary,no,3910,no,no,unknown,14,jun,463,10,190,7,success,yes
31,technician,married,tertiary,no,-1531,yes,no,unknown,24,aug,138,23,-1,0,unknown,no
52,retired,married,secondary,no,-3815,yes,no,cellular,21,mar,259,28,-1,0,unknown,no
65,technician,single,secondary,no,134,yes,no,cellular,5,jun,281,29,164,6,other,no
73,services,married,secondary,no,-5560,no,no,cellular,16,feb,354,19,-1,0,unknown,no
66,unknown,married,tertiary,no,2779,no,no,cellular,25,may,104,25,-1,0,unknown,no
30,technician,married,primary,no,3664,yes,no,cellular,2,aug,87,4,-1,0,unknown,no
78,student,married,secondary,no,-934,yes,no,unknown,10,apr,297,27,-1,0,unknown,no
66,admin.,married,tertiary,no,3168,yes,no,unknown,27,apr,440,2,-1,0,unknown,no
63,admin.,married,secondary,no,3152,yes,yes,cellular,18,may,137,20,-1,0,unknown,no
79,housemaid,married,secondary,no,-1941,no,no,unknown,5,aug,99,2,-1,0,unknown,no
25,blue-collar,single,tertiary,no,222,yes,no,cellular,17,jul,450,12,-1,0,unknown,no
60,blue-collar,married,tertiary,no,18,yes,no,unknown,11,aug,299,4,-1,0,unknown,no
37,technician,married,secondary,no,4220,yes,no,cellular,5,mar,108,16,-1,0,unknown,no
56,retired,divorced,secondary,no,3619,yes,no,cellular,21,jul,194,2,17,1,failure,no
66,blue-collar,divorced,secondary,no,3138,yes,no,cellular,24,jun,836,16,-1,0,unknown,yes
81,blue-collar,married,secondary,no,-261,no,no,unknown,6,nov,357,28,121,3,failure,no
79,management,married,primary,no,5519,no,no,unknown,27,aug,64,15,-1,0,unknown,no
71,unknown,divorced,tertiary,no,1965,no,no,cellular,22,may,90,14,-1,0,unknown,no
26,blue-collar,married,secondary,yes,2908,no,no,telephone,16,jul,79,11,-1,0,unknown,no
54,self-employed,married,secondary,no,6613,no,no,unknown,5,may,486,15,-1,0,unknown,no
66,blue-collar,married,unknown,no,3409,no,no,unknown,21,jun,264,24,153,1,failure,no
58,blue-collar,single,tertiary,no,1062,no,no,unknown,24,jul,725,6,344,8,other,no
34,admin.,married,tertiary,no,-72,no,no,cellular,30,may,24,24,-1,0,unknown,no
38,services,single,secondary,no,-3779,no,no,cellular,16,may,13,27,-1,0,unknown,no
68,housemaid,single,primary,no,-3277,no,no,unknown,17,may,290,16,41,3,failure,no
76,technician,married,secondary,no,3989,yes,no,cellular,9,aug,80,1,-1,0,unknown,no
56,admin.,single,tertiary,no,-4505,yes,no,cellular,22,nov,293,25,-1,0,unknown,no
72,services,married,unknown,no,4455,no,no,cellular,25,may,331,28,-1,0,unknown,no
58,technician,married,secondary,no,3832,yes,yes,cellular,2,apr,93,11,-1,0,unknown,no
56,unknown,married,secondary,no,-1172,no,no,unknown,19,apr,787,14,-1,0,unknown,no
30,student,married,secondary,no,1966,no,no,cellular,17,may,384,2,-1,0,unknown,no
81,management,married,secondary,no,3150,no,no,cellular,5,may,118,24,-1,0,unknown,no
28,admin.,married,secondary,no,1697,yes,no,cellular,2,may,137,16,-1,0,unknown,no
36,blue-collar,married,primary,no,5115,yes,yes,cellular,11,aug,324,4,149,8,failure,no
28,blue-collar,married,secondary,no,-2754,yes,no,unknown,1,jun,93,14,-1,0,unknown,no
94,unknown,married,tertiary,no,2934,yes,yes,cellular,9,apr,90,16,374,5,failure,no
63,retired,single,primary,no,-404,no,yes,cellular,27,apr,252,15,25,8,other,no
62,services,married,unknown,no,-3792,yes,no,cellular,25,jun,37,2,278,9,success,no
18,management,single,secondary,no,-2058,yes,no,cellular,6,apr,1293,13,-1,0,unknown,yes
57,unknown,married,secondary,no,-151,yes,no,unknown,11,jul,87,17,-1,0,unknown,no
36,blue-collar,married,secondary,no,1491,no,no,unknown,27,may,124,28,-1,0,unknown,no
93,blue-collar,married,secondary,no,-1281,yes,no,cellular,8,nov,65,20,-1,0,unknown,no
89,technician,married,tertiary,no,-96,no,no,cellular,13,may,266,10,-1,0,unknown,no
89,blue-collar,married,secondary,no,234,yes,no,cellular,27,jul,16,15,-1,0,unknown,no
78,blue-collar,married,secondary,no,-1216,yes,no,cellular,12,aug,678,17,-1,0,unknown,yes
29,services,divorced,secondary,no,-277,no,no,unknown,9,may,93,8,-1,0,unknown,no
78,management,divorced,tertiary,no,3140,no,no,cellular,15,jun,676,2,-1,0,unknown,yes
50,technician,married,secondary,no,6368,yes,yes,unknown,5,apr,75,24,365,6,other,no
62,technician,single,secondary,no,2047,no,no,cellular,15,jun,186,26,254,7,failure,no
86,admin.,married,secondary,no,1816,no,no,cellular,2,may,306,1,-1,0,unknown,no
25,technician,married,tertiary,no,1180,no,no,unknown,15,may,244,23,-1,0,unknown,no
42,retired,single,tertiary,no,249,yes,no,cellular,20,apr,185,23,-1,0,unknown,no
63,admin.,married,secondary,no,3149,no,no,cellular,3,may,400,5,-1,0,unknown,no
47,technician,married,primary,no,4371,no,yes,unknown,10,sep,164,3,-1,0,unknown,no
64,self-employed,married,secondary,no,-2062,no,no,unknown,7,nov,104,22,-1,0,unknown,no
66,blue-collar,married,secondary,no,4536,no,no,telephone,10,may,327,11,-1,0,unknown,no
64,blue-collar,married,secondary,no,6298,yes,no,cellular,26,may,714,16,105,7,failure,yes
35,management,married,tertiary,no,-1600,yes,no,cellular,10,jan,237,21,-1,0,unknown,no
83,blue-collar,married,tertiary,no,4184,no,no,unknown,8,apr,84,9,-1,0,unknown,no
85,technician,married,secondary,no,6328,yes,yes,cellular,13,may,371,4,-1,0,unknown,no
50,entrepreneur,single,tertiary,no,3569,no,no,unknown,21,jul,370,9,-1,0,unknown,no
53,admin.,married,secondary,no,894,no,yes,cellular,2,may,80,14,187,2,other,no
36,blue-collar,single,unknown,no,3758,no,no,cellular,12,apr,125,10,-1,0,unknown,no
45,services,single,tertiary,no,-1015,no,no,cellular,9,aug,39,22,-1,0,unknown,no
57,blue-collar,single,tertiary,no,484,yes,no,cellular,30,jun,21,16,-1,0,unknown,no
93,retired,single,tertiary,no,-775,no,no,cellular,1,jun,424,9,-1,0,unknown,no
32,management,married,unknown,no,-2619,yes,no,cellular,21,may,120,3,-1,0,unknown,no
58,technician,married,unknown,no,1546,yes,no,cellular,12,jul,85,28,-1,0,unknown,no
56,blue-collar,married,tertiary,no,2334,no,yes,telephone,12,nov,76,29,-1,0,unknown,no
19,unknown,divorced,secondary,no,3409,yes,no,cellular,3,jul,20,1,335,4,other,no
80,entrepreneur,married,secondary,no,-12013,no,no,unknown,24,jul,1081,28,-1,0,unknown,no
46,admin.,married,secondary,no,1970,yes,no,cellular,8,may,117,22,-1,0,unknown,no
91,services,married,tertiary,no,1658,no,no,cellular,13,apr,46,20,-1,0,unknown,no
83,unknown,divorced,secondary,no,-1850,yes,yes,cellular,28,may,515,11,-1,0,unknown,no
68,management,married,primary,no,88,no,no,cellular,28,nov,331,26,-1,0,unknown,no
92,blue-collar,married,secondary,no,3684,no,no,unknown,17,jul,280,20,-1,0,unknown,no
94,self-employed,married,primary,no,1714,no,no,unknown,20,jun,90,20,-1,0,unknown,no
27,student,divorced,secondary,no,1368,yes,no,unknown,28,jul,138,1,-1,0,unknown,no
31,management,married,tertiary,no,4100,no,no,cellular,10,jul,474,5,248,1,failure,no
68,management,married,secondary,no,8366,yes,yes,telephone,15,nov,263,9,268,4,other,no
90,services,single,tertiary,no,694,no,no,cellular,24,may,109,3,-1,0,unknown,no
56,blue-collar,married,secondary,no,2162,yes,no,unknown,25,oct,29,12,-1,0,unknown,no
45,technician,divorced,secondary,no,-1252,yes,no,cellular,9,jul,594,18,-1,0,unknown,no
20,technician,married,primary,no,7856,yes,no,cellular,18,apr,803,28,-1,0,unknown,no
87,services,married,secondary,no,-197,yes,no,cellular,25,may,327,2,-1,0,unknown,no
44,technician,single,secondary,no,-4001,no,no,cellular,8,jun,303,10,261,2,other,no
19,blue-collar,divorced,secondary,yes,3287,yes,no,cellular,27,apr,199,7,215,9,other,no
55,blue-collar,married,primary,no,-3408,no,no,cellular,14,jul,918,22,-1,0,unknown,no
20,management,married,secondary,no,5307,no,no,unknown,11,may,305,18,-1,0,unknown,no
33,management,single,tertiary,no,3189,no,no,cellular,13,jun,20,16,-1,0,unknown,no
57,self-employed,married,secondary,no,-1661,yes,no,cellular,16,jun,24,13,-1,0,unknown,no
19,admin.,divorced,secondary,no,3433,yes,yes,cellular,14,jul,854,1,-1,0,unknown,yes
58,unemployed,divorced,primary,no,420,no,no,cellular,9,sep,740,7,-1,0,unknown,no
29,self-employed,married,secondary,no,2702,no,no,cellular,9,aug,210,11,-1,0,unknown,no
52,management,divorced,tertiary,no,-2422,yes,no,unknown,19,sep,62,6,-1,0,unknown,no
82,retired,married,secondary,no,-2606,yes,no,cellular,5,jul,225,21,-1,0,unknown,no
72,unknown,single,secondary,no,2375,yes,no,cellular,15,jul,372,5,-1,0,unknown,no
62,technician,married,tertiary,no,7073,yes,no,cellular,29,jun,2,10,-1,0,unknown,no
79,retired,divorced,tertiary,no,-513,no,no,cellular,11,aug,446,29,161,7,failure,no
66,management,single,tertiary,no,-740,no,no,cellular,19,may,161,3,-1,0,unknown,no
42,technician,single,tertiary,no,405,yes,no,cellular,6,jun,160,27,-1,0,unknown,no
40,entrepreneur,divorced,secondary,no,-2548,yes,no,cellular,10,aug,146,15,-1,0,unknown,no
41,self-employed,married,secondary,no,3080,yes,no,unknown,16,aug,303,12,-1,0,unknown,no
55,unemployed,married,secondary,no,4128,no,no,cellular,29,may,60,5,-1,0,unknown,no
45,technician,single,tertiary,no,2868,no,no,cellular,5,may,240,14,-1,0,unknown,no
38,admin.,single,primary,no,912,yes,yes,cellular,18,may,11,12,-1,0,unknown,no
71,blue-collar,divorced,secondary,no,-1652,yes,no,unknown,19,nov,430,22,386,1,failure,no
35,admin.,divorced,secondary,no,7611,yes,yes,cellular,23,apr,435,11,-1,0,unknown,no
53,blue-collar,married,secondary,no,-1150,no,no,telephone,10,nov,96,23,-1,0,unknown,no
62,retired,married,unknown,no,-1221,no,yes,unknown,10,dec,28,23,-1,0,unknown,no
90,blue-collar,married,primary,no,-3953,yes,no,cellular,12,aug,355,13,-1,0,unknown,no
70,blue-collar,single,secondary,no,-2843,yes,no,telephone,21,aug,163,10,-1,0,unknown,no
47,management,married,secondary,no,2470,no,no,cellular,3,nov,668,10,-1,0,unknown,yes
77,technician,single,secondary,no,141,no,no,cellular,4,may,112,24,-1,0,unknown,no
49,services,married,tertiary,no,-1169,yes,no,unknown,22,apr,475,21,-1,0,unknown,no
84,retired,married,tertiary,no,-971,yes,no,unknown,24,aug,6,14,-1,0,unknown,no
84,blue-collar,married,secondary,no,-119,no,no,cellular,12,may,382,20,322,5,other,no
45,unemployed,married,primary,no,-571,yes,no,telephone,7,mar,292,16,-1,0,unknown,no
61,unemployed,single,tertiary,no,5630,yes,no,cellular,12,may,192,12,-1,0,unknown,no
58,unknown,married,secondary,no,306,no,yes,cellular,3,jun,622,23,-1,0,unknown,no
80,technician,married,tertiary,no,1859,no,no,cellular,18,jun,734,18,-1,0,unknown,yes
40,admin.,married,secondary,no,1599,no,no,cellular,19,apr,684,24,-1,0,unknown,no
92,services,single,primary,no,1701,yes,no,cellular,5,jun,234,4,-1,0,unknown,no
65,blue-collar,single,secondary,no,310,yes,no,cellular,14,jul,189,10,-1,0,unknown,no
49,management,married,secondary,no,0,yes,no,cellular,23,nov,80,1,-1,0,unknown,no
74,entrepreneur,single,tertiary,no,3351,no,no,unknown,30,may,45,18,-1,0,unknown,no
50,retired,married,tertiary,no,2081,no,yes,unknown,8,may,210,15,-1,0,unknown,no
41,unknown,married,secondary,no,-853,no,no,cellular,22,may,41,17,-1,0,unknown,no
56,unknown,single,unknown,no,-7157,no,yes,unknown,15,dec,48,21,-1,0,unknown,no
51,admin.,married,secondary,no,-398,no,no,unknown,16,may,113,1,4,7,success,no
73,management,single,secondary,no,-2658,yes,no,cellular,29,mar,53,27,-1,0,unknown,no
45,blue-collar,married,primary,no,-1347,yes,no,unknown,18,may,179,14,-1,0,unknown,no
54,technician,divorced,secondary,no,-2544,yes,no,cellular,11,jul,281,12,278,7,failure,no
24,management,married,secondary,no,4900,yes,no,cellular,2,may,308,25,366,9,failure,no
85,blue-collar,married,tertiary,no,4879,yes,no,cellular,10,aug,196,27,-1,0,unknown,no
54,technician,divorced,secondary,no,3696,no,no,unknown,11,jul,190,11,-1,0,unknown,no
73,blue-collar,married,unknown,no,420,yes,no,cellular,5,jul,166,20,150,5,other,no
82,blue-collar,married,secondary,no,-575,no,no,cellular,27,may,72,26,-1,0,unknown,no
82,admin.,married,tertiary,no,-3061,no,no,unknown,30,jul,274,19,-1,0,unknown,no
64,management,married,secondary,no,4165,yes,no,cellular,21,jul,276,25,-1,0,unknown,no
37,technician,married,secondary,no,4027,yes,no,cellular,17,may,76,4,-1,0,unknown,no
36,blue-collar,married,tertiary,no,2900,yes,no,unknown,1,aug,311,17,-1,0,unknown,no
46,technician,single,tertiary,no,-1903,yes,no,cellular,25,may,503,18,-1,0,unknown,no
91,self-employed,married,tertiary,no,410,no,no,cellular,14,aug,233,4,-1,0,unknown,no
77,management,single,secondary,no,1063,no,no,cellular,15,may,32,27,-1,0,unknown,no
35,technician,married,tertiary,no,-3878,no,no,cellular,7,jul,102,1,78,6,failure,no
52,management,married,secondary,no,5708,yes,yes,cellular,8,feb,25,6,47,2,failure,no
60,management,married,tertiary,no,-2633,yes,no,cellular,28,may,92,7,-1,0,unknown,no
28,management,married,tertiary,no,-916,no,no,cellular,16,nov,61,1,-1,0,unknown,no
66,retired,married,secondary,no,-3893,yes,no,cellular,13,jun,208,6,-1,0,unknown,no
55,retired,married,tertiary,no,811,yes,no,unknown,5,jun,142,3,-1,0,unknown,no
81,technician,married,secondary,no,676,no,no,unknown,3,nov,330,23,115,9,failure,no
86,admin.,married,secondary,yes,4362,yes,no,unknown,13,jun,116,16,-1,0,unknown,no
25,blue-collar,married,tertiary,no,-1420,no,no,unknown,19,jul,43,27,-1,0,unknown,no
51,retired,married,secondary,no,-1833,yes,no,cellular,12,may,69,2,-1,0,unknown,no
65,services,single,primary,no,1662,yes,no,cellular,19,apr,203,2,-1,0,unknown,no
73,entrepreneur,married,secondary,no,-4804,yes,no,telephone,17,may,154,11,-1,0,unknown,no
93,services,married,primary,no,5416,no,no,cellular,11,aug,11,20,67,1,failure,no
82,entrepreneur,married,secondary,no,-2542,no,no,cellular,27,jun,60,11,-1,0,unknown,no
48,services,married,primary,no,6872,yes,no,cellular,3,may,90,8,-1,0,unknown,no
21,admin.,married,secondary,no,-954,no,no,cellular,29,jul,333,19,-1,0,unknown,no
67,unknown,divorced,secondary,no,-2858,yes,no,cellular,2,may,338,24,-1,0,unknown,no
86,management,single,primary,no,3171,yes,no,cellular,24,nov,308,23,-1,0,unknown,no
47,entrepreneur,single,secondary,no,2998,yes,no,cellular,26,jul,440,21,-1,0,unknown,no
76,technician,single,secondary,no,3071,yes,no,unknown,14,dec,534,15,-1,0,unknown,no
84,blue-collar,married,tertiary,no,1723,yes,no,cellular,26,mar,19,28,-1,0,unknown,no
92,student,married,tertiary,no,8141,yes,yes,cellular,22,feb,175,20,-1,0,unknown,no
62,admin.,single,tertiary,no,-2626,no,yes,unknown,21,jun,41,14,-1,0,unknown,no
21,housemaid,married,secondary,no,5506,no,yes,cellular,17,sep,112,26,-1,0,unknown,no
43,retired,married,tertiary,no,-3404,no,yes,unknown,2,jul,280,26,-1,0,unknown,no
44,blue-collar,single,secondary,no,6377,no,no,cellular,18,sep,237,18,-1,0,unknown,no
63,retired,single,primary,no,2479,no,no,unknown,23,may,35,25,-1,0,unknown,no
81,student,married,tertiary,no,6100,yes,no,unknown,15,aug,365,20,313,4,other,no
68,admin.,married,tertiary,no,4098,no,yes,unknown,12,jul,399,5,-1,0,unknown,no
67,technician,single,secondary,no,-5101,no,no,cellular,16,jul,38,2,-1,0,unknown,no
23,student,single,primary,no,408,no,no,unknown,16,may,246,2,-1,0,unknown,no
76,blue-collar,single,tertiary,no,-2337,yes,no,unknown,7,jul,749,2,-1,0,unknown,no
32,admin.,divorced,primary,no,5903,yes,no,cellular,6,jul,25,26,-1,0,unknown,no
47,management,married,secondary,no,3823,no,yes,cellular,14,may,46,2,-1,0,unknown,no
59,retired,married,tertiary,no,1876,yes,no,unknown,8,apr,374,9,-1,0,unknown,no
54,management,married,tertiary,yes,184,no,yes,cellular,20,may,106,29,-1,0,unknown,no
59,technician,married,secondary,no,2692,yes,no,unknown,25,jun,803,12,-1,0,unknown,no
52,blue-collar,divorced,secondary,no,-1452,yes,no,cellular,24,jun,252,21,-1,0,unknown,no
23,technician,divorced,secondary,no,2265,no,no,cellular,19,may,170,27,-1,0,unknown,no
85,entrepreneur,married,secondary,no,1052,yes,yes,unknown,19,may,106,22,-1,0,unknown,no
35,entrepreneur,married,secondary,no,-1028,yes,no,telephone,28,may,70,20,-1,0,unknown,no
90,management,married,secondary,no,3508,yes,yes,unknown,12,may,270,18,250,1,failure,no
46,technician,single,tertiary,no,7079,no,no,cellular,9,jul,231,3,-1,0,unknown,no
94,technician,married,tertiary,no,-2863,yes,yes,cellular,9,sep,114,19,-1,0,unknown,no
76,management,married,secondary,no,4256,yes,no,unknown,29,sep,644,16,-1,0,unknown,no
64,blue-collar,married,tertiary,no,-1000,no,yes,unknown,27,dec,370,11,-1,0,unknown,no
34,services,married,primary,no,3174,yes,no,cellular,5,apr,77,27,-1,0,unknown,no
39,blue-collar,divorced,secondary,no,-429,yes,yes,cellular,26,may,740,26,-1,0,unknown,no
85,services,married,secondary,no,522,no,no,cellular,30,aug,363,24,-1,0,unknown,no
86,services,married,tertiary,no,819,yes,no,unknown,14,jul,586,24,-1,0,unknown,yes
54,admin.,married,tertiary,no,5506,yes,no,cellular,1,may,37,15,-1,0,unknown,no
66,admin.,married,tertiary,no,1145,no,yes,cellular,3,jul,8,22,-1,0,unknown,no
30,technician,single,tertiary,no,404,no,no,unknown,11,may,175,11,-1,0,unknown,no
51,management,married,secondary,no,1173,yes,no,cellular,21,nov,153,29,-1,0,unknown,no
70,housemaid,married,primary,no,7110,no,no,cellular,4,sep,525,10,5,7,failure,no
68,entrepreneur,single,secondary,no,3102,yes,no,cellular,20,apr,48,27,-1,0,unknown,no
20,technician,married,secondary,no,-409,yes,no,cellular,1,apr,6,24,-1,0,unknown,no
59,technician,single,secondary,no,5916,no,no,cellular,6,may,194,19,-1,0,unknown,no
49,technician,married,secondary,no,1963,yes,no,unknown,28,jan,50,23,-1,0,unknown,no
68,services,married,tertiary,no,-1166,no,no,cellular,10,apr,13,5,-1,0,unknown,no
63,management,single,tertiary,no,2603,yes,no,cellular,27,nov,5,14,-1,0,unknown,no
38,management,single,unknown,no,971,yes,yes,unknown,4,aug,39,9,-1,0,unknown,no
61,technician,married,secondary,no,-8724,yes,no,cellular,17,jul,121,25,-1,0,unknown,no
28,technician,married,unknown,no,2414,yes,no,cellular,26,aug,555,21,-1,0,unknown,no
85,admin.,married,tertiary,no,-1804,no,no,cellular,30,may,368,6,-1,0,unknown,no
18,technician,married,secondary,no,-2395,no,no,cellular,22,aug,194,1,-1,0,unknown,no
80,blue-collar,married,primary,no,-4407,yes,no,cellular,21,jul,145,28,-1,0,unknown,no
41,technician,single,tertiary,no,1806,no,no,cellular,5,sep,156,12,-1,0,unknown,no
30,management,married,secondary,no,979,no,no,cellular,2,may,557,14,-1,0,unknown,no
28,blue-collar,married,primary,no,4269,no,no,cellular,1,aug,332,4,398,8,other,no
68,self-employed,married,tertiary,no,-970,yes,no,cellular,16,sep,48,15,-1,0,unknown,no
34,self-employed,married,tertiary,no,-21,no,no,cellular,7,jul,724,17,-1,0,unknown,yes
41,blue-collar,single,primary,no,7360,yes,no,unknown,21,may,382,20,-1,0,unknown,yes
36,admin.,married,secondary,no,-4502,no,no,cellular,3,nov,8,12,380,3,failure,no
54,retired,married,tertiary,no,5069,no,no,unknown,14,may,179,1,-1,0,unknown,no
25,unemployed,divorced,tertiary,no,-917,yes,no,cellular,22,feb,272,13,-1,0,unknown,no
45,admin.,married,secondary,no,10766,yes,no,unknown,19,may,16,10,-1,0,unknown,no
22,retired,married,secondary,no,3588,no,yes,cellular,16,jul,112,4,-1,0,unknown,no
34,housemaid,married,tertiary,no,-461,yes,no,cellular,22,aug,269,6,-1,0,unknown,no
53,management,divorced,secondary,no,-2759,no,no,cellular,6,aug,436,9,-1,0,unknown,no
36,admin.,divorced,tertiary,no,2649,yes,no,unknown,30,may,974,18,-1,0,unknown,yes
81,admin.,married,primary,no,-4307,no,yes,unknown,25,nov,33,2,-1,0,unknown,no
28,management,married,secondary,no,3487,no,no,cellular,24,jun,258,6,-1,0,unknown,no
71,technician,divorced,secondary,no,-2759,yes,no,cellular,1,dec,576,11,-1,0,unknown,no
62,blue-collar,married,secondary,no,-1487,yes,no,unknown,7,nov,325,26,-1,0,unknown,no
64,blue-collar,married,tertiary,no,-6985,yes,no,telephone,11,may,258,28,-1,0,unknown,no
29,technician,single,primary,no,1812,yes,no,unknown,25,may,62,13,-1,0,unknown,no
38,self-employed,married,tertiary,no,2260,yes,no,cellular,18,apr,435,6,-1,0,unknown,no
28,management,married,secondary,no,1507,no,yes,cellular,9,jul,213,12,204,3,failure,no
22,technician,single,tertiary,no,-3744,no,yes,unknown,22,aug,30,19,5,5,failure,no
73,unemployed,married,tertiary,no,5725,no,no,cellular,3,may,707,18,-1,0,unknown,yes
37,unemployed,married,secondary,no,935,no,no,cellular,24,may,1149,19,-1,0,unknown,yes
58,blue-collar,married,tertiary,no,-143,no,yes,cellular,23,jul,199,28,77,3,failure,no
63,housemaid,married,secondary,no,3831,no,no,cellular,28,jun,386,12,-1,0,unknown,no
29,blue-collar,married,tertiary,no,101,no,no,cellular,8,jul,225,20,-1,0,unknown,no
87,self-employed,married,secondary,no,2745,yes,yes,unknown,8,jul,141,13,-1,0,unknown,no
34,management,single,secondary,no,-918,yes,no,cellular,23,may,135,20,-1,0,unknown,no
36,blue-collar,divorced,primary,no,3870,yes,no,unknown,1,aug,859,23,296,4,failure,yes
43,unknown,married,tertiary,no,3793,no,no,unknown,29,aug,118,4,-1,0,unknown,no
65,blue-collar,single,secondary,no,62,yes,no,cellular,10,jul,173,26,-1,0,unknown,no
69,admin.,single,primary,no,1878,yes,no,cellular,15,may,73,22,-1,0,unknown,no
87,management,single,tertiary,no,1347,yes,no,cellular,10,jun,75,6,-1,0,unknown,no
72,retired,married,secondary,no,1046,no,no,unknown,26,jul,113,13,-1,0,unknown,no
92,technician,single,tertiary,no,-2141,no,no,telephone,8,may,667,10,-1,0,unknown,no
50,unknown,married,primary,no,-1719,yes,no,cellular,21,aug,130,3,-1,0,unknown,no
79,technician,married,tertiary,no,266,no,yes,cellular,29,apr,207,9,28,2,failure,no
40,technician,married,secondary,no,1628,no,no,cellular,2,may,203,15,-1,0,unknown,no
32,self-employed,single,tertiary,no,-1228,yes,no,unknown,18,may,225,26,-1,0,unknown,no
44,management,married,tertiary,no,1465,yes,no,cellular,2,may,442,5,-1,0,unknown,no
92,admin.,married,primary,no,-5446,yes,no,telephone,25,feb,597,26,-1,0,unknown,no
81,blue-collar,single,secondary,no,1430,yes,no,unknown,30,may,60,25,-1,0,unknown,no
68,blue-collar,divorced,tertiary,no,1653,no,no,cellular,21,jul,508,26,-1,0,unknown,no
70,admin.,single,secondary,no,3878,no,no,unknown,19,jun,204,22,55,9,other,no
68,unknown,married,tertiary,no,5690,no,no,cellular,22,mar,666,22,-1,0,unknown,yes
64,retired,married,unknown,no,3475,no,yes,cellular,9,may,639,9,-1,0,unknown,no
21,retired,single,secondary,no,6814,no,no,unknown,27,jul,127,29,-1,0,unknown,no
24,retired,married,secondary,no,1334,yes,no,cellular,25,aug,272,26,-1,0,unknown,no
52,blue-collar,single,tertiary,no,1560,yes,no,cellular,25,aug,529,15,-1,0,unknown,no
65,technician,married,tertiary,no,3842,yes,yes,cellular,27,jun,125,13,-1,0,unknown,no
90,technician,divorced,secondary,no,1101,no,no,cellular,10,jul,11,21,-1,0,unknown,no
89,management,married,tertiary,no,429,no,no,unknown,30,nov,115,3,-1,0,unknown,no
62,entrepreneur,married,primary,yes,5544,no,yes,cellular,27,apr,117,19,-1,0,unknown,no
89,admin.,single,tertiary,no,3593,no,no,unknown,4,apr,424,2,218,3,failure,no
36,blue-collar,married,tertiary,no,3401,yes,no,cellular,21,jun,95,18,-1,0,unknown,no
80,entrepreneur,married,secondary,no,-1170,yes,no,cellular,28,jul,578,14,340,4,failure,no
55,technician,single,primary,no,4253,yes,no,cellular,30,jan,205,22,51,3,failure,no
84,admin.,married,secondary,no,1668,no,yes,cellular,1,jun,227,24,-1,0,unknown,no
76,services,married,secondary,no,-1546,no,no,cellular,11,may,424,13,170,2,other,no
86,retired,married,secondary,no,3512,no,no,cellular,26,jul,37,27,-1,0,unknown,no
30,technician,married,tertiary,no,-2175,yes,no,cellular,22,may,4,24,-1,0,unknown,no
64,management,married,primary,no,-5800,yes,no,cellular,2,nov,15,8,-1,0,unknown,no
78,retired,single,secondary,no,-3993,no,yes,cellular,23,apr,8,10,-1,0,unknown,no
48,blue-collar,single,primary,no,676,yes,no,cellular,4,aug,310,23,-1,0,unknown,no
39,technician,married,primary,no,6045,yes,no,unknown,15,may,72,2,356,8,failure,no
60,management,married,tertiary,no,2360,yes,no,cellular,20,sep,502,10,-1,0,unknown,no
84,unemployed,divorced,tertiary,yes,1114,no,no,cellular,25,aug,553,27,-1,0,unknown,no
71,unknown,divorced,secondary,no,5379,yes,no,cellular,13,may,113,2,-1,0,unknown,no
27,student,married,secondary,no,2952,yes,no,unknown,1,mar,55,29,164,8,failure,no
59,retired,single,primary,no,4494,no,yes,cellular,22,aug,178,26,-1,0,unknown,no
81,management,single,secondary,no,4338,yes,no,unknown,2,may,436,23,-1,0,unknown,no
38,services,married,secondary,no,480,yes,no,cellular,6,nov,297,4,162,5,other,no
93,admin.,married,tertiary,no,727,no,no,cellular,7,apr,6,22,341,9,success,no
83,admin.,married,primary,no,-1078,no,yes,cellular,19,may,1,9,-1,0,unknown,no
58,blue-collar,single,tertiary,no,3914,yes,no,unknown,4,feb,31,21,327,8,other,no
41,technician,single,secondary,no,-2260,yes,no,unknown,18,may,105,10,-1,0,unknown,no
52,technician,single,secondary,no,-1235,yes,no,cellular,23,jul,198,4,-1,0,unknown,no
73,unknown,married,tertiary,no,1211,yes,no,unknown,9,jul,438,3,-1,0,unknown,no
47,technician,single,secondary,no,1751,no,no,cellular,21,aug,39,7,-1,0,unknown,no
74,technician,single,secondary,no,3181,yes,no,cellular,11,aug,42,23,-1,0,unknown,no
64,admin.,single,secondary,no,1297,yes,no,cellular,5,apr,514,23,-1,0,unknown,no
52,retired,married,tertiary,no,330,yes,no,unknown,25,aug,664,16,13,9,failure,yes
36,blue-collar,single,secondary,no,3591,yes,no,cellular,24,may,206,5,-1,0,unknown,no
25,services,married,secondary,no,4164,yes,no,cellular,1,may,396,13,-1,0,unknown,no
43,retired,single,secondary,no,-3677,no,no,cellular,2,may,108,10,-1,0,unknown,no
88,unemployed,single,secondary,no,4630,no,yes,unknown,23,sep,754,24,-1,0,unknown,yes
47,entrepreneur,married,secondary,no,441,yes,no,telephone,3,jul,606,27,-1,0,unknown,no
24,unknown,single,tertiary,no,6216,no,no,cellular,22,jul,488,2,-1,0,unknown,no
84,entrepreneur,married,tertiary,no,-528,yes,no,cellular,17,jul,3,16,13,8,other,no
82,retired,single,secondary,no,-1561,yes,no,cellular,24,may,191,20,-1,0,unknown,no
53,technician,married,secondary,yes,3366,no,no,cellular,2,may,6,1,-1,0,unknown,no
42,admin.,single,secondary,no,7814,yes,no,cellular,1,may,291,6,-1,0,unknown,no
54,admin.,divorced,secondary,no,-3446,no,yes,cellular,2,may,52,22,-1,0,unknown,no
18,blue-collar,married,secondary,no,3937,no,no,cellular,8,jun,263,19,-1,0,unknown,no
32,entrepreneur,married,secondary,no,3102,no,no,unknown,13,jul,26,1,-1,0,unknown,no
54,management,married,secondary,no,1324,no,no,cellular,26,apr,364,28,354,4,failure,no
30,admin.,married,unknown,no,7641,yes,no,unknown,14,may,334,5,-1,0,unknown,no
25,retired,married,secondary,no,-4317,no,no,cellular,21,may,1,12,-1,0,unknown,no
22,unknown,single,primary,no,4759,yes,no,unknown,12,jun,405,17,-1,0,unknown,no
77,blue-collar,divorced,secondary,no,4340,no,yes,unknown,9,aug,46,19,-1,0,unknown,no
90,entrepreneur,single,secondary,no,5014,yes,no,cellular,28,jul,29,8,132,3,failure,no
18,entrepreneur,married,tertiary,no,4634,no,no,cellular,19,jul,178,10,92,4,failure,no
53,unknown,single,secondary,no,2128,no,no,unknown,24,may,230,25,-1,0,unknown,no
52,unemployed,single,secondary,no,506,no,no,cellular,20,aug,28,3,-1,0,unknown,no
83,blue-collar,married,unknown,no,-409,no,no,cellular,7,aug,93,9,-1,0,unknown,no
80,technician,married,secondary,no,3185,no,yes,cellular,26,may,135,7,-1,0,unknown,no
40,admin.,married,secondary,no,1403,yes,no,cellular,10,jul,741,24,282,2,failure,no
26,management,single,secondary,no,789,no,no,unknown,24,nov,74,6,-1,0,unknown,no
51,admin.,married,primary,no,-239,no,no,unknown,3,jun,77,15,-1,0,unknown,no
63,unknown,single,primary,no,199,no,no,cellular,19,nov,277,13,344,6,other,no
21,technician,married,secondary,no,3753,no,no,cellular,17,feb,335,14,-1,0,unknown,no
47,housemaid,divorced,secondary,no,1477,yes,yes,cellular,8,jun,2,5,281,5,other,no
92,services,married,primary,no,5049,yes,no,cellular,18,may,37,26,-1,0,unknown,no
89,services,single,secondary,no,-2637,no,no,cellular,7,may,114,29,-1,0,unknown,no
20,unknown,married,secondary,no,3283,yes,no,cellular,27,sep,257,24,-1,0,unknown,no
31,services,married,tertiary,no,-1602,yes,no,unknown,7,may,37,28,-1,0,unknown,no
77,management,single,secondary,no,5049,no,no,cellular,30,feb,113,2,-1,0,unknown,no
94,admin.,divorced,tertiary,no,5129,yes,no,unknown,23,jul,21,7,-1,0,unknown,no
62,blue-collar,married,primary,no,-2808,no,no,cellular,20,nov,218,1,-1,0,unknown,no
51,technician,married,tertiary,no,-874,no,no,unknown,23,apr,143,16,153,6,other,no
62,retired,married,secondary,no,-746,yes,no,cellular,26,may,400,7,121,6,failure,no
78,blue-collar,married,secondary,no,5209,no,no,cellular,16,jun,220,15,-1,0,unknown,no
33,blue-collar,married,secondary,no,-360,yes,no,cellular,15,aug,277,6,-1,0,unknown,no
83,blue-collar,single,secondary,no,3492,no,no,cellular,14,may,286,20,-1,0,unknown,no
57,management,divorced,secondary,no,-561,yes,no,cellular,16,may,229,19,-1,0,unknown,no
34,services,married,secondary,no,4648,no,no,cellular,27,may,4,9,73,7,other,no
51,housemaid,married,secondary,no,4946,yes,yes,unknown,24,may,460,22,341,6,success,yes
33,services,married,secondary,no,6431,no,no,cellular,9,may,641,6,-1,0,unknown,yes
77,management,married,secondary,no,907,no,no,cellular,23,nov,197,29,-1,0,unknown,no
83,management,married,tertiary,no,1430,yes,no,cellular,22,aug,30,17,-1,0,unknown,no
83,housemaid,married,tertiary,no,1004,no,no,cellular,21,nov,274,5,-1,0,unknown,no
30,management,married,secondary,no,1501,no,no,unknown,10,may,116,15,-1,0,unknown,no
73,services,married,tertiary,no,145,no,no,cellular,15,mar,19,28,-1,0,unknown,no
48,blue-collar,married,tertiary,no,4593,no,no,cellular,26,apr,496,7,-1,0,unknown,no
51,blue-collar,married,secondary,no,-860,yes,no,cellular,23,may,320,14,-1,0,unknown,no
56,admin.,married,secondary,no,988,no,no,telephone,10,nov,421,20,-1,0,unknown,no
84,management,divorced,tertiary,no,1999,yes,no,cellular,2,dec,410,28,225,1,success,yes
25,blue-collar,single,secondary,no,2893,yes,no,cellular,5,aug,114,18,194,9,success,no
72,unknown,single,secondary,no,-2150,no,no,cellular,29,may,169,29,-1,0,unknown,no
44,blue-collar,married,unknown,no,684,no,no,cellular,8,jul,68,25,-1,0,unknown,no
70,services,married,secondary,no,1488,yes,yes,cellular,6,jul,362,22,-1,0,unknown,no
56,technician,married,tertiary,no,3828,yes,yes,unknown,6,aug,191,25,-1,0,unknown,no
82,student,married,secondary,no,781,no,no,cellular,1,jun,270,24,-1,0,unknown,no
34,entrepreneur,single,secondary,no,1115,yes,no,unknown,16,may,113,17,-1,0,unknown,no
47,technician,married,secondary,no,1834,yes,no,cellular,18,feb,293,18,-1,0,unknown,no
70,technician,married,tertiary,no,4569,yes,no,cellular,3,aug,286,2,293,3,other,no
30,blue-collar,married,secondary,no,-4732,yes,no,cellular,7,jul,379,29,-1,0,unknown,no
38,services,married,secondary,no,1740,no,no,cellular,12,jul,43,18,-1,0,unknown,no
36,services,divorced,unknown,no,4930,no,yes,cellular,10,nov,252,14,135,2,other,no
70,technician,married,secondary,no,-1059,yes,yes,cellular,22,jun,545,4,-1,0,unknown,no
36,technician,single,secondary,no,-836,yes,yes,cellular,21,may,25,7,333,1,failure,no
74,management,married,secondary,no,5094,no,no,cellular,25,may,835,7,-1,0,unknown,yes
42,blue-collar,divorced,tertiary,no,374,no,no,unknown,10,feb,60,1,-1,0,unknown,no
48,services,married,secondary,no,463,yes,no,cellular,23,apr,711,8,-1,0,unknown,no
72,services,single,secondary,no,2253,no,no,cellular,9,mar,522,20,-1,0,unknown,no
40,technician,married,secondary,no,-7529,yes,no,cellular,27,may,379,24,396,4,failure,no
49,management,single,secondary,no,-4033,yes,no,cellular,11,apr,60,10,198,8,failure,no
79,technician,married,tertiary,no,3160,yes,no,unknown,19,may,62,9,76,1,failure,no
91,management,married,tertiary,no,687,no,yes,cellular,27,apr,77,7,-1,0,unknown,no
27,blue-collar,divorced,secondary,no,941,no,no,cellular,8,nov,429,3,-1,0,unknown,no
89,admin.,divorced,secondary,no,-550,yes,no,cellular,28,nov,53,12,-1,0,unknown,no
71,admin.,married,secondary,no,597,no,no,cellular,25,jul,224,3,-1,0,unknown,no
69,admin.,single,tertiary,no,4998,yes,no,unknown,18,aug,387,5,-1,0,unknown,no
37,retired,married,secondary,no,1817,yes,no,cellular,4,jul,159,7,-1,0,unknown,no
49,housemaid,single,secondary,no,4600,yes,no,cellular,2,aug,474,12,-1,0,unknown,no
31,admin.,single,unknown,no,958,no,no,cellular,13,jul,213,23,96,1,other,no
67,unknown,married,secondary,no,1479,yes,no,telephone,23,jun,233,25,-1,0,unknown,no
45,admin.,divorced,unknown,no,2398,yes,no,unknown,14,sep,291,17,-1,0,unknown,no
70,housemaid,single,secondary,no,3001,yes,no,cellular,20,jun,482,14,-1,0,unknown,no
41,management,married,secondary,no,-1120,no,no,unknown,30,may,1,3,260,5,other,no
39,blue-collar,single,secondary,no,1344,yes,no,cellular,28,jul,128,1,376,1,failure,no
47,management,married,secondary,no,-604,yes,no,unknown,22,nov,850,22,-1,0,unknown,yes
80,management,single,secondary,no,5949,yes,no,unknown,24,jun,26,28,78,2,other,no
21,housemaid,single,secondary,no,-3750,yes,no,unknown,15,jul,68,26,-1,0,unknown,no
94,blue-collar,married,unknown,no,3180,no,no,cellular,30,jun,218,23,290,3,other,no
76,management,single,secondary,no,-898,no,no,cellular,13,nov,503,18,-1,0,unknown,no
25,admin.,married,tertiary,no,-1982,yes,no,cellular,6,jul,26,14,127,6,other,no
29,admin.,married,tertiary,no,515,no,no,unknown,20,may,1,25,-1,0,unknown,no
48,entrepreneur,married,tertiary,no,5292,yes,yes,cellular,6,jul,299,13,-1,0,unknown,no
51,retired,married,tertiary,no,-504,yes,no,cellular,1,may,234,12,-1,0,unknown,no
92,management,single,secondary,no,-3990,yes,no,cellular,15,may,81,5,-1,0,unknown,no
93,blue-collar,married,secondary,no,-1411,no,no,cellular,6,aug,815,3,-1,0,unknown,yes
66,housemaid,married,secondary,no,1793,no,no,cellular,27,jul,211,14,-1,0,unknown,no
74,blue-collar,single,secondary,no,-3428,no,no,cellular,15,may,280,7,-1,0,unknown,no
43,unemployed,married,secondary,no,3585,yes,no,unknown,15,may,122,7,-1,0,unknown,no
35,unemployed,married,secondary,no,-3321,no,no,cellular,14,aug,656,17,-1,0,unknown,no
55,services,married,primary,no,-24,no,no,cellular,10,jul,83,6,307,1,failure,no
67,technician,single,primary,no,3878,yes,yes,cellular,29,may,356,15,243,3,failure,no
25,entrepreneur,married,secondary,no,-84,no,no,cellular,27,may,32,19,143,7,failure,no
58,services,married,secondary,no,-2607,yes,no,cellular,8,jun,199,15,-1,0,unknown,no
23,self-employed,married,secondary,no,1149,no,no,cellular,4,aug,222,7,58,2,failure,no
86,admin.,single,secondary,no,-57,yes,no,cellular,25,dec,53,5,-1,0,unknown,no
61,admin.,married,secondary,no,5057,no,no,cellular,22,may,100,15,169,7,failure,no
81,unknown,divorced,primary,no,3887,no,no,cellular,6,aug,50,20,-1,0,unknown,no
46,blue-collar,single,secondary,no,2940,yes,no,cellular,20,jul,481,13,376,3,failure,no
45,services,divorced,secondary,no,1486,no,no,cellular,24,jul,276,26,-1,0,unknown,no
28,blue-collar,married,secondary,no,765,yes,no,telephone,21,nov,152,7,-1,0,unknown,no
82,blue-collar,married,unknown,no,749,yes,no,cellular,28,may,209,13,-1,0,unknown,no
36,retired,divorced,primary,no,-3706,no,yes,cellular,17,may,108,13,-1,0,unknown,no
26,admin.,married,tertiary,no,1430,yes,no,cellular,23,sep,144,13,-1,0,unknown,no
44,entrepreneur,married,secondary,no,-955,yes,no,cellular,24,apr,249,23,-1,0,unknown,no
51,student,married,secondary,no,1165,no,no,telephone,22,aug,61,8,-1,0,unknown,no
61,technician,divorced,secondary,no,1578,no,yes,unknown,7,jul,37,5,-1,0,unknown,no
85,housemaid,single,secondary,no,-34,no,no,cellular,12,may,745,4,-1,0,unknown,no
32,student,married,tertiary,no,4221,no,no,cellular,23,may,69,17,-1,0,unknown,no
68,retired,single,secondary,no,-1802,no,no,cellular,4,may,176,20,-1,0,unknown,no
30,blue-collar,married,secondary,no,-59,no,no,unknown,14,aug,369,14,-1,0,unknown,no
66,services,single,tertiary,no,436,yes,no,cellular,4,may,209,11,-1,0,unknown,no
87,technician,married,secondary,no,4888,yes,no,cellular,30,jul,259,10,-1,0,unknown,no
73,blue-collar,single,tertiary,no,1515,no,no,cellular,16,apr,46,1,221,9,failure,no
93,student,married,secondary,no,1369,yes,no,cellular,28,aug,129,7,-1,0,unknown,no
68,blue-collar,married,secondary,no,4033,yes,no,cellular,1,nov,302,6,-1,0,unknown,no
54,management,married,secondary,no,-144,no,no,unknown,18,jul,60,7,-1,0,unknown,no
34,technician,married,primary,no,4047,no,no,cellular,19,nov,170,24,-1,0,unknown,no
75,admin.,single,secondary,no,2615,yes,no,unknown,21,may,229,15,-1,0,unknown,no
46,management,married,secondary,no,5134,yes,no,cellular,10,may,401,6,220,9,failure,no
50,admin.,married,secondary,no,284,yes,no,cellular,25,may,62,18,-1,0,unknown,no
77,retired,married,tertiary,no,538,yes,no,cellular,5,jun,985,2,110,8,failure,yes
72,services,married,primary,no,1848,yes,no,unknown,13,may,883,9,-1,0,unknown,yes
27,blue-collar,married,secondary,no,1239,no,yes,unknown,6,sep,3,6,-1,0,unknown,no
64,services,married,secondary,no,3725,yes,no,cellular,30,aug,118,22,9,4,failure,no
40,blue-collar,married,unknown,no,772,yes,no,cellular,23,jul,18,17,-1,0,unknown,no
38,retired,married,tertiary,no,-1759,no,no,cellular,4,aug,98,24,-1,0,unknown,no
30,admin.,married,tertiary,no,5485,no,no,cellular,16,mar,240,11,43,5,failure,no
50,admin.,divorced,secondary,no,7167,yes,no,cellular,8,may,242,24,120,8,other,no
41,technician,single,secondary,no,-3280,yes,no,cellular,16,jul,26,4,306,5,failure,no
28,self-employed,married,tertiary,no,2862,yes,yes,unknown,11,jun,291,7,-1,0,unknown,no
34,technician,single,tertiary,no,3663,no,no,unknown,22,jul,483,15,-1,0,unknown,no
85,blue-collar,single,tertiary,no,2152,yes,no,unknown,27,apr,257,25,-1,0,unknown,no
64,unknown,married,secondary,no,6143,no,yes,unknown,1,jul,95,27,-1,0,unknown,no
42,entrepreneur,single,tertiary,no,-2603,no,no,cellular,22,aug,0,29,-1,0,unknown,no
90,technician,married,primary,no,-269,yes,yes,telephone,18,jul,269,17,168,1,failure,no
38,self-employed,single,primary,no,1742,yes,no,cellular,4,may,292,12,-1,0,unknown,no
29,admin.,married,secondary,no,4181,no,no,cellular,11,may,318,13,-1,0,unknown,no
54,management,married,tertiary,no,5043,yes,no,cellular,20,may,10,21,-1,0,unknown,no
59,self-employed,married,tertiary,no,-2195,yes,no,cellular,10,jul,187,13,-1,0,unknown,no
34,blue-collar,divorced,primary,no,-3907,yes,no,cellular,16,may,137,8,-1,0,unknown,no
65,management,single,tertiary,no,3760,no,no,cellular,29,aug,376,7,-1,0,unknown,no
45,technician,married,unknown,no,1771,yes,yes,unknown,10,may,330,29,-1,0,unknown,no
58,services,married,unknown,no,1915,no,no,cellular,5,jun,776,26,-1,0,unknown,no
64,management,married,secondary,no,3833,yes,no,telephone,26,jun,587,4,93,8,success,yes
35,services,married,tertiary,no,-1007,no,no,telephone,28,may,210,3,-1,0,unknown,no
88,unknown,married,tertiary,no,702,yes,no,cellular,18,dec,1015,17,-1,0,unknown,yes
30,unknown,married,secondary,no,2993,yes,no,cellular,22,aug,41,16,-1,0,unknown,no
30,student,divorced,secondary,no,-1430,yes,no,cellular,11,may,1,19,-1,0,unknown,no
48,management,single,secondary,no,-205,no,no,unknown,3,jul,29,2,118,1,failure,no
19,blue-collar,married,tertiary,no,1736,yes,yes,unknown,9,aug,113,21,-1,0,unknown,no
33,self-employed,married,secondary,no,2992,no,yes,cellular,15,jul,363,14,157,5,failure,no
26,housemaid,divorced,primary,no,-2916,yes,no,cellular,22,jun,124,16,193,4,other,no
90,management,single,tertiary,no,3423,no,yes,unknown,19,oct,391,17,-1,0,unknown,no
55,admin.,single,tertiary,no,2732,yes,no,cellular,19,aug,350,4,-1,0,unknown,no
92,admin.,divorced,secondary,no,-1104,yes,no,cellular,5,jul,408,8,-1,0,unknown,no
71,retired,single,secondary,no,8169,no,no,cellular,6,jan,53,9,-1,0,unknown,no
73,blue-collar,married,secondary,no,-1429,yes,no,unknown,4,may,187,16,-1,0,unknown,no
62,housemaid,married,secondary,no,3625,yes,no,unknown,12,jun,321,16,-1,0,unknown,no
51,technician,divorced,primary,no,2254,yes,yes,cellular,5,nov,86,17,-1,0,unknown,no
26,technician,married,tertiary,no,181,no,no,cellular,3,jul,469,3,378,6,failure,no
25,services,married,secondary,no,1692,yes,no,cellular,10,may,389,22,-1,0,unknown,no
24,services,married,primary,no,3022,yes,no,cellular,13,mar,32,21,-1,0,unknown,no
53,technician,single,secondary,no,9986,no,no,unknown,4,jul,63,28,-1,0,unknown,no
35,blue-collar,divorced,secondary,no,-2923,yes,no,unknown,24,may,69,17,-1,0,unknown,no
20,management,married,tertiary,yes,-6711,no,no,unknown,8,jul,543,18,-1,0,unknown,no
45,blue-collar,married,secondary,no,-1608,no,no,unknown,1,aug,53,18,130,3,failure,no
87,services,single,tertiary,no,1331,no,no,unknown,20,aug,251,23,-1,0,unknown,no
61,services,married,tertiary,no,3418,yes,no,cellular,2,sep,17,6,-1,0,unknown,no
38,management,married,tertiary,yes,1711,no,yes,cellular,4,jul,207,29,-1,0,unknown,no
45,student,divorced,secondary,no,965,yes,no,cellular,21,nov,39,6,-1,0,unknown,no
71,admin.,married,secondary,no,6032,yes,no,cellular,1,aug,221,1,-1,0,unknown,no
71,entrepreneur,married,secondary,no,-950,yes,no,cellular,28,aug,118,29,169,6,failure,no
82,services,single,unknown,no,6409,yes,no,unknown,21,jul,240,16,278,8,failure,no
38,housemaid,married,secondary,no,3283,yes,no,cellular,7,sep,129,17,-1,0,unknown,no
30,entrepreneur,divorced,secondary,no,5920,no,no,unknown,5,may,496,4,-1,0,unknown,no
74,services,married,primary,no,-1406,yes,no,cellular,23,aug,364,16,-1,0,unknown,no
66,blue-collar,married,tertiary,no,365,yes,no,unknown,13,apr,480,26,-1,0,unknown,no
71,technician,married,primary,no,-2961,yes,no,unknown,25,apr,64,22,-1,0,unknown,no
27,self-employed,married,unknown,no,2322,yes,no,unknown,13,jun,41,27,-1,0,unknown,no
70,management,single,secondary,no,2384,yes,yes,telephone,8,may,210,22,-1,0,unknown,no
61,management,single,secondary,no,7447,yes,yes,cellular,17,jul,532,21,-1,0,unknown,no
64,blue-collar,divorced,secondary,no,1664,yes,no,cellular,30,jul,30,20,-1,0,unknown,no
70,entrepreneur,married,secondary,no,-3129,no,no,cellular,10,may,68,2,-1,0,unknown,no
91,technician,single,tertiary,no,4254,yes,no,unknown,10,aug,353,23,-1,0,unknown,no
63,blue-collar,married,secondary,no,-1317,no,no,unknown,2,dec,161,12,-1,0,unknown,no
30,management,single,tertiary,no,-2386,no,no,cellular,6,aug,238,16,-1,0,unknown,no
54,services,single,secondary,no,3527,yes,no,cellular,21,may,231,6,-1,0,unknown,no
41,blue-collar,married,secondary,no,-881,yes,no,cellular,1,jul,137,16,-1,0,unknown,no
19,services,married,tertiary,no,-374,yes,no,cellular,30,jan,315,7,-1,0,unknown,no
31,services,married,secondary,no,5629,yes,no,telephone,18,jun,493,14,-1,0,unknown,no
27,housemaid,married,tertiary,no,2962,no,no,cellular,3,jul,614,3,-1,0,unknown,yes
52,admin.,divorced,unknown,no,3213,yes,yes,telephone,26,nov,12,1,-1,0,unknown,no
42,blue-collar,married,tertiary,no,-2707,yes,no,cellular,21,aug,208,17,-1,0,unknown,no
20,technician,married,secondary,no,3538,yes,no,cellular,7,aug,10,20,-1,0,unknown,no
34,admin.,married,primary,no,589,yes,no,cellular,16,jul,596,4,-1,0,unknown,no
29,technician,single,secondary,no,89,yes,no,cellular,22,jun,144,7,61,2,failure,no
71,blue-collar,married,tertiary,no,2647,yes,no,cellular,3,dec,595,29,328,4,failure,no
41,blue-collar,married,secondary,no,1446,yes,no,cellular,6,feb,53,7,-1,0,unknown,no
46,admin.,married,secondary,no,-2967,no,no,cellular,4,may,45,4,-1,0,unknown,no
60,admin.,single,unknown,no,4278,yes,no,unknown,16,may,616,7,-1,0,unknown,no
42,self-employed,married,secondary,no,4564,no,no,cellular,3,may,718,8,-1,0,unknown,no
77,admin.,single,primary,no,-340,yes,no,unknown,4,jun,375,9,-1,0,unknown,no
82,self-employed,married,secondary,no,3248,yes,yes,cellular,11,may,64,22,-1,0,unknown,no
45,technician,married,primary,no,4162,yes,no,cellular,24,nov,48,15,-1,0,unknown,no
33,blue-collar,married,unknown,no,-4184,no,yes,cellular,17,jul,355,4,-1,0,unknown,no
64,services,married,secondary,no,-123,yes,no,cellular,19,aug,259,26,-1,0,unknown,no
75,housemaid,married,tertiary,no,-5110,yes,no,unknown,26,aug,530,18,45,7,failure,no
93,blue-collar,married,tertiary,no,3324,yes,no,unknown,28,nov,83,25,-1,0,unknown,no
44,management,single,primary,no,2761,no,no,unknown,8,aug,90,12,-1,0,unknown,no
70,admin.,married,secondary,no,-543,no,no,cellular,28,feb,339,23,-1,0,unknown,no
59,blue-collar,married,tertiary,no,971,yes,no,telephone,14,may,80,6,-1,0,unknown,no
76,blue-collar,single,secondary,no,317,yes,no,unknown,26,dec,160,4,-1,0,unknown,no
64,admin.,married,secondary,no,-4699,yes,no,cellular,16,jul,189,4,-1,0,unknown,no
51,admin.,single,secondary,no,5322,yes,no,cellular,25,apr,285,18,-1,0,unknown,no
54,entrepreneur,single,tertiary,no,2187,no,yes,unknown,19,jun,108,1,-1,0,unknown,no
23,technician,married,primary,no,989,no,no,telephone,16,dec,504,21,237,9,other,no
24,blue-collar,single,secondary,no,1008,yes,no,cellular,25,dec,132,6,-1,0,unknown,no
42,management,married,tertiary,no,3545,no,no,cellular,10,jun,10,26,-1,0,unknown,no
50,student,married,tertiary,no,-3338,yes,no,cellular,15,nov,17,9,-1,0,unknown,no
72,self-employed,married,secondary,no,-1204,yes,no,unknown,27,jul,918,17,-1,0,unknown,no
75,unknown,married,primary,no,2060,yes,no,cellular,26,jun,251,21,-1,0,unknown,no
24,technician,married,secondary,no,4768,yes,no,unknown,4,may,174,11,-1,0,unknown,no
74,student,married,secondary,no,-5808,yes,no,cellular,28,nov,525,29,-1,0,unknown,no
29,technician,married,secondary,no,4410,no,no,cellular,4,jul,325,21,-1,0,unknown,no
33,blue-collar,married,primary,no,-702,yes,yes,cellular,29,may,51,9,-1,0,unknown,no
60,management,married,unknown,no,562,yes,no,cellular,13,jun,1,11,-1,0,unknown,no
94,admin.,married,secondary,no,1523,no,no,cellular,12,jun,1038,27,-1,0,unknown,yes
24,unknown,married,secondary,no,-1892,no,no,cellular,15,jun,255,4,-1,0,unknown,no
68,admin.,married,secondary,no,-2298,yes,no,unknown,29,may,167,13,-1,0,unknown,no
90,blue-collar,married,tertiary,no,2044,no,no,unknown,23,jul,746,29,4,7,success,yes
49,unemployed,married,tertiary,no,7106,no,no,unknown,13,mar,118,19,-1,0,unknown,no
92,entrepreneur,divorced,unknown,no,-1416,no,no,cellular,6,oct,330,3,-1,0,unknown,no
25,technician,single,primary,no,-1440,yes,no,cellular,26,may,286,22,-1,0,unknown,no
89,management,married,primary,no,-2249,yes,no,unknown,14,aug,291,27,-1,0,unknown,no
62,entrepreneur,single,tertiary,no,745,yes,yes,telephone,3,aug,291,1,-1,0,unknown,no
76,services,married,secondary,no,-1525,yes,yes,unknown,8,jun,2,17,-1,0,unknown,no
21,management,married,tertiary,no,-1461,yes,no,unknown,12,may,448,17,-1,0,unknown,no
84,technician,divorced,secondary,no,2052,no,no,cellular,30,jul,661,7,-1,0,unknown,no
46,management,married,secondary,no,-2911,yes,no,cellular,14,nov,153,14,-1,0,unknown,no
46,self-employed,divorced,secondary,no,6288,yes,no,telephone,5,may,212,5,-1,0,unknown,no
45,management,married,tertiary,no,-2105,yes,no,cellular,2,may,101,14,-1,0,unknown,no
94,retired,married,tertiary,no,4816,yes,yes,unknown,10,dec,396,11,-1,0,unknown,no
61,management,married,tertiary,no,7340,no,no,cellular,30,nov,344,25,-1,0,unknown,no
21,management,married,secondary,no,5016,no,no,telephone,3,jul,346,28,-1,0,unknown,no
26,admin.,married,tertiary,no,4643,no,no,cellular,23,aug,342,27,-1,0,unknown,no
22,technician,married,secondary,no,3810,yes,no,cellular,10,jun,63,3,-1,0,unknown,no
73,management,single,tertiary,no,2063,yes,no,unknown,9,may,30,6,-1,0,unknown,no
67,blue-collar,married,secondary,no,4958,no,no,cellular,17,jun,96,7,-1,0,unknown,no
92,management,married,primary,no,640,yes,no,telephone,28,may,220,19,-1,0,unknown,no
32,services,married,tertiary,no,4017,yes,no,cellular,6,jul,131,9,-1,0,unknown,no
49,services,single,tertiary,no,4745,yes,no,cellular,27,may,73,2,-1,0,unknown,no
45,technician,married,tertiary,no,2947,no,no,cellular,30,may,5,28,-1,0,unknown,no
39,unknown,married,tertiary,no,614,no,no,unknown,9,aug,33,12,-1,0,unknown,no
34,retired,divorced,secondary,no,2886,yes,no,cellular,23,feb,28,7,-1,0,unknown,no
76,admin.,married,tertiary,no,313,yes,no,cellular,3,aug,809,10,-1,0,unknown,yes
88,admin.,married,secondary,no,-209,no,no,cellular,7,may,389,20,-1,0,unknown,no
74,unknown,single,secondary,no,3785,yes,no,cellular,12,may,33,15,-1,0,unknown,no
43,technician,single,secondary,no,1860,yes,no,cellular,18,may,162,25,-1,0,unknown,no
42,entrepreneur,married,primary,no,3749,yes,no,unknown,10,apr,274,23,212,8,other,no
27,admin.,married,secondary,no,1879,yes,yes,cellular,2,may,837,24,10,1,failure,no
62,unknown,single,secondary,no,2950,yes,no,cellular,17,apr,80,27,-1,0,unknown,no
28,student,married,unknown,no,5616,yes,no,unknown,3,jun,79,26,-1,0,unknown,no
94,retired,divorced,primary,no,935,no,no,cellular,1,may,216,19,-1,0,unknown,no
70,admin.,married,secondary,no,211,yes,no,telephone,8,apr,502,6,-1,0,unknown,no
89,technician,married,primary,no,2711,yes,no,unknown,13,jul,84,20,129,7,failure,no
85,management,married,secondary,no,-6314,no,no,cellular,11,jul,34,13,-1,0,unknown,no
45,management,single,tertiary,no,3548,yes,no,cellular,8,jan,79,20,-1,0,unknown,no
92,technician,divorced,tertiary,no,-1164,no,no,cellular,20,may,153,12,-1,0,unknown,no
82,admin.,single,tertiary,no,6449,yes,no,cellular,1,apr,115,18,-1,0,unknown,no
66,blue-collar,divorced,tertiary,no,3791,no,no,cellular,2,aug,509,16,-1,0,unknown,no
64,retired,married,secondary,no,4170,yes,no,cellular,18,jul,738,11,-1,0,unknown,no
69,technician,married,secondary,no,4241,no,no,unknown,18,mar,122,26,-1,0,unknown,no
71,admin.,single,tertiary,no,44,no,no,cellular,9,nov,447,25,-1,0,unknown,no
77,unknown,single,secondary,no,641,no,no,cellular,7,nov,18,11,46,7,other,no
74,management,single,unknown,no,-3653,no,no,unknown,9,may,208,1,-1,0,unknown,no
64,blue-collar,single,secondary,no,5905,no,yes,cellular,10,may,459,1,-1,0,unknown,no
48,management,married,secondary,no,-2442,no,no,unknown,26,apr,139,7,-1,0,unknown,no
63,admin.,married,tertiary,no,1377,no,no,cellular,2,sep,39,26,-1,0,unknown,no
43,services,divorced,secondary,no,5097,no,yes,unknown,5,jun,86,7,-1,0,unknown,no
22,services,married,secondary,no,6024,yes,no,cellular,17,jan,174,4,-1,0,unknown,no
69,housemaid,married,secondary,no,669,yes,yes,cellular,2,nov,478,14,-1,0,unknown,no
92,blue-collar,single,unknown,no,-3696,yes,no,cellular,20,jul,356,24,53,1,failure,no
71,technician,married,secondary,no,2115,yes,no,cellular,10,aug,22,5,109,9,failure,no
50,unknown,single,secondary,no,2421,no,no,cellular,1,aug,203,22,-1,0,unknown,no
67,services,married,secondary,no,2693,yes,no,cellular,12,aug,531,12,-1,0,unknown,no
55,unknown,single,secondary,no,505,yes,no,cellular,24,apr,222,4,353,7,failure,no
44,unknown,single,secondary,no,1007,no,no,unknown,15,jul,17,3,-1,0,unknown,no
32,technician,married,primary,no,-660,no,no,cellular,6,aug,446,18,-1,0,unknown,no
78,services,married,unknown,no,1898,no,no,unknown,14,apr,612,24,-1,0,unknown,no
38,management,married,secondary,no,3827,yes,no,telephone,14,may,127,27,-1,0,unknown,no
63,blue-collar,married,tertiary,no,2211,no,no,cellular,15,may,95,5,-1,0,unknown,no
86,retired,married,unknown,no,1290,yes,no,unknown,1,oct,202,26,-1,0,unknown,no
23,unknown,married,secondary,no,4793,no,no,cellular,25,sep,1068,6,-1,0,unknown,yes
55,blue-collar,married,secondary,no,2191,yes,no,unknown,17,aug,468,14,-1,0,unknown,no
79,technician,married,primary,no,1515,yes,no,unknown,11,dec,429,6,-1,0,unknown,no
79,admin.,married,tertiary,no,1654,no,yes,cellular,15,may,55,20,-1,0,unknown,no
91,blue-collar,single,secondary,no,-2209,no,no,cellular,20,jun,581,25,-1,0,unknown,no
63,technician,married,secondary,no,-1848,yes,no,unknown,16,jun,209,23,-1,0,unknown,no
30,unemployed,single,secondary,no,1049,no,no,cellular,21,jul,641,12,-1,0,unknown,no
20,services,single,secondary,no,-790,yes,no,cellular,29,sep,272,28,-1,0,unknown,no
23,services,single,tertiary,no,1286,yes,yes,unknown,27,jun,463,26,-1,0,unknown,no
25,admin.,single,tertiary,no,3992,no,no,cellular,9,jun,46,12,-1,0,unknown,no
61,blue-collar,married,tertiary,no,3539,no,no,telephone,29,jul,316,29,78,8,failure,no
50,admin.,single,secondary,no,2599,no,yes,telephone,12,aug,76,8,-1,0,unknown,no
92,unemployed,married,secondary,no,3956,yes,no,unknown,2,may,47,23,-1,0,unknown,no
94,management,divorced,secondary,no,4512,no,no,cellular,15,nov,220,20,-1,0,unknown,no
67,unemployed,divorced,primary,no,4404,yes,no,cellular,28,apr,238,25,-1,0,unknown,no
28,retired,married,tertiary,no,4330,yes,yes,cellular,9,feb,174,2,-1,0,unknown,no
45,admin.,married,secondary,no,-2174,yes,no,cellular,28,may,24,5,-1,0,unknown,no
87,unemployed,married,secondary,no,-4251,no,no,unknown,16,aug,72,18,-1,0,unknown,no
58,admin.,single,primary,no,-918,yes,no,unknown,30,nov,69,24,-1,0,unknown,no
33,management,married,tertiary,no,51,yes,no,cellular,17,nov,97,25,-1,0,unknown,no
85,technician,married,secondary,no,4207,no,yes,unknown,20,jul,255,3,-1,0,unknown,no
65,blue-collar,married,secondary,no,1132,yes,no,cellular,27,jun,148,16,-1,0,unknown,no
73,self-employed,married,secondary,no,-17,no,no,unknown,23,jul,891,5,-1,0,unknown,yes
81,retired,divorced,primary,no,1912,yes,no,cellular,4,nov,4,9,-1,0,unknown,no
76,retired,single,tertiary,no,3029,no,yes,unknown,8,may,62,6,-1,0,unknown,no
79,unemployed,married,tertiary,no,3749,yes,yes,cellular,7,jun,219,19,-1,0,unknown,no
93,admin.,married,primary,no,182,yes,no,cellular,6,aug,545,22,-1,0,unknown,no
28,self-employed,married,unknown,no,-1449,no,no,cellular,5,feb,8,25,-1,0,unknown,no
35,technician,married,secondary,no,-913,no,no,cellular,10,may,554,27,-1,0,unknown,no
36,unknown,single,secondary,no,1782,yes,no,cellular,3,jul,182,27,-1,0,unknown,no
72,blue-collar,married,secondary,no,-1734,yes,no,unknown,24,nov,397,16,-1,0,unknown,no
43,unemployed,married,secondary,no,4266,yes,yes,unknown,20,dec,766,26,274,3,failure,yes
23,blue-collar,divorced,tertiary,no,-1705,yes,no,cellular,24,jul,62,7,-1,0,unknown,no
21,management,divorced,primary,no,-3250,yes,yes,unknown,17,nov,228,4,-1,0,unknown,no
46,retired,married,tertiary,no,1888,yes,yes,unknown,16,apr,555,16,-1,0,unknown,yes
76,admin.,married,secondary,no,593,yes,yes,unknown,11,aug,480,20,92,6,success,no
34,blue-collar,married,secondary,no,2835,yes,yes,cellular,13,may,189,17,11,7,failure,no
60,blue-collar,single,secondary,no,-75,yes,no,cellular,18,aug,770,19,-1,0,unknown,no
83,self-employed,divorced,primary,no,2631,yes,no,unknown,14,sep,317,28,-1,0,unknown,no
51,management,married,secondary,no,4443,no,no,unknown,2,mar,191,25,-1,0,unknown,no
25,admin.,married,secondary,no,-448,no,no,cellular,12,nov,15,17,-1,0,unknown,no
30,services,divorced,secondary,no,2959,yes,no,cellular,22,apr,172,13,-1,0,unknown,no
25,blue-collar,single,unknown,no,6809,yes,no,cellular,21,aug,141,2,-1,0,unknown,no
82,technician,divorced,tertiary,no,3735,yes,no,cellular,29,apr,93,2,284,3,failure,no
60,technician,married,primary,no,-957,no,no,cellular,26,sep,738,24,-1,0,unknown,no
56,entrepreneur,married,tertiary,no,2426,no,no,cellular,10,may,670,22,-1,0,unknown,yes
76,retired,married,tertiary,no,-2482,yes,no,cellular,29,jun,106,23,-1,0,unknown,no
61,management,married,secondary,yes,-2051,no,no,cellular,7,nov,147,27,-1,0,unknown,no
26,services,married,secondary,no,5897,yes,no,unknown,2,aug,359,4,-1,0,unknown,no
54,blue-collar,married,tertiary,no,2645,no,no,cellular,25,aug,464,16,-1,0,unknown,no
91,technician,married,primary,no,6037,yes,no,cellular,18,aug,30,27,-1,0,unknown,no
53,blue-collar,divorced,secondary,no,2700,yes,no,cellular,17,jul,174,4,-1,0,unknown,no
45,admin.,married,secondary,yes,-214,yes,no,unknown,16,nov,634,20,-1,0,unknown,no
59,student,single,tertiary,no,1551,no,no,cellular,30,aug,281,12,-1,0,unknown,no
60,management,married,secondary,no,2226,yes,no,cellular,2,jun,202,22,-1,0,unknown,no
59,management,single,tertiary,no,8062,no,no,cellular,11,aug,326,28,-1,0,unknown,no
83,blue-collar,married,secondary,no,3531,no,no,unknown,19,dec,279,28,-1,0,unknown,no
72,blue-collar,single,secondary,no,-808,yes,no,cellular,30,sep,735,29,-1,0,unknown,no
89,technician,married,secondary,no,841,no,no,telephone,22,jan,628,29,-1,0,unknown,no
65,blue-collar,married,tertiary,no,2840,yes,no,cellular,7,aug,130,20,-1,0,unknown,no
39,technician,single,tertiary,no,-1842,yes,yes,unknown,27,nov,8,14,-1,0,unknown,no
44,self-employed,married,secondary,no,1368,no,no,cellular,22,may,104,1,52,4,failure,no
84,entrepreneur,married,primary,yes,807,no,no,cellular,17,nov,58,17,-1,0,unknown,no
30,services,single,secondary,no,2879,yes,no,cellular,15,may,36,24,-1,0,unknown,no
62,entrepreneur,divorced,secondary,no,1125,yes,yes,unknown,9,may,564,18,-1,0,unknown,no
27,services,married,tertiary,no,-2772,yes,no,cellular,12,may,319,12,-1,0,unknown,no
26,admin.,married,secondary,no,1285,yes,no,cellular,8,apr,8,25,-1,0,unknown,no
71,unknown,married,secondary,no,3726,no,no,cellular,28,jul,650,10,10,1,failure,yes
44,blue-collar,married,unknown,yes,5757,yes,no,cellular,2,jul,601,24,371,6,failure,no
51,management,divorced,tertiary,no,4308,no,no,cellular,17,may,769,15,270,9,success,yes
18,management,married,tertiary,no,-3365,no,yes,unknown,16,jul,456,17,-1,0,unknown,no
49,services,married,tertiary,no,-2586,yes,no,cellular,23,may,21,26,-1,0,unknown,no
88,unknown,divorced,secondary,no,-1749,yes,no,cellular,16,sep,251,11,-1,0,unknown,no
84,technician,married,secondary,no,5938,no,no,cellular,3,nov,22,24,-1,0,unknown,no
37,services,single,secondary,no,2906,yes,no,unknown,19,jul,322,25,-1,0,unknown,no
52,management,married,unknown,no,9339,yes,no,cellular,16,sep,56,20,-1,0,unknown,no
34,management,married,secondary,yes,5275,yes,no,unknown,11,sep,708,7,317,5,other,yes
35,management,married,secondary,no,1708,yes,no,cellular,26,aug,701,20,-1,0,unknown,no
62,technician,married,primary,no,55,yes,no,unknown,9,may,232,29,-1,0,unknown,no
70,technician,married,tertiary,no,2544,yes,no,unknown,14,may,360,19,-1,0,unknown,no
85,technician,married,unknown,no,3945,no,yes,cellular,2,nov,503,11,-1,0,unknown,no
82,self-employed,married,tertiary,no,5054,no,no,cellular,30,may,127,1,-1,0,unknown,no
18,admin.,married,secondary,no,554,yes,no,cellular,13,may,223,18,-1,0,unknown,no
75,blue-collar,married,primary,no,7997,yes,no,cellular,5,may,49,23,-1,0,unknown,no
43,blue-collar,married,secondary,no,1288,yes,no,cellular,20,jul,1092,22,-1,0,unknown,yes
37,entrepreneur,married,secondary,no,4971,yes,no,unknown,14,jul,683,15,-1,0,unknown,no
27,self-employed,single,tertiary,no,2432,no,no,unknown,1,jul,170,13,221,5,failure,no
76,technician,married,tertiary,no,359,no,no,cellular,6,may,207,24,11,8,other,no
92,technician,married,primary,no,-4468,yes,no,cellular,22,apr,148,27,190,3,other,no
58,management,single,unknown,no,-2294,no,no,cellular,11,may,0,16,371,1,other,no
22,technician,married,primary,no,4952,no,yes,cellular,17,jun,67,19,-1,0,unknown,no
82,blue-collar,single,secondary,no,3679,yes,no,cellular,23,jul,27,6,-1,0,unknown,no
34,blue-collar,single,tertiary,no,3199,no,no,unknown,22,may,100,28,33,6,failure,no
39,student,married,tertiary,no,6084,yes,no,telephone,14,may,69,22,-1,0,unknown,no
58,admin.,married,unknown,no,-1515,no,no,cellular,14,sep,369,28,-1,0,unknown,no
85,self-employed,divorced,secondary,no,5,yes,yes,cellular,20,sep,181,16,-1,0,unknown,no
86,technician,married,secondary,no,208,yes,no,cellular,7,may,438,18,-1,0,unknown,no
28,management,single,primary,no,-2594,no,no,cellular,19,jul,260,1,23,7,failure,no
73,management,married,secondary,no,-975,yes,no,unknown,26,jun,275,18,-1,0,unknown,no
68,unemployed,married,tertiary,no,-1795,no,no,unknown,27,may,539,9,-1,0,unknown,no
38,management,married,secondary,no,-3287,yes,no,cellular,22,nov,484,13,-1,0,unknown,no
93,unknown,married,secondary,no,-1268,no,yes,cellular,6,jan,16,16,-1,0,unknown,no
43,self-employed,married,tertiary,no,1224,yes,no,unknown,13,may,222,22,-1,0,unknown,no
36,student,single,secondary,no,6783,no,no,unknown,10,may,137,19,356,1,other,no
77,admin.,divorced,tertiary,no,-1635,no,no,unknown,22,sep,236,26,-1,0,unknown,no
88,housemaid,single,secondary,yes,4642,yes,yes,unknown,19,aug,512,23,-1,0,unknown,no
64,unemployed,married,secondary,no,2085,yes,no,cellular,10,jul,3,1,-1,0,unknown,no
88,admin.,single,secondary,no,2732,no,no,unknown,5,aug,2,29,299,7,failure,no
43,admin.,single,tertiary,no,1856,no,no,unknown,13,may,16,8,-1,0,unknown,no
57,admin.,divorced,secondary,no,-4138,no,no,cellular,17,nov,536,10,-1,0,unknown,no
22,admin.,married,tertiary,no,-1732,yes,no,cellular,22,feb,112,7,377,3,failure,no
38,retired,single,tertiary,no,3142,no,no,cellular,23,apr,119,3,-1,0,unknown,no
21,unknown,married,tertiary,no,1560,no,no,telephone,5,nov,109,13,-1,0,unknown,no
40,management,married,tertiary,no,-3515,no,no,cellular,21,nov,67,20,-1,0,unknown,no
32,retired,divorced,secondary,no,769,no,no,cellular,29,jun,10,11,-1,0,unknown,no
25,unknown,married,secondary,no,3199,yes,yes,cellular,22,jul,611,23,26,6,failure,no
58,technician,married,tertiary,no,-2339,yes,no,unknown,7,nov,68,20,-1,0,unknown,no
36,housemaid,divorced,secondary,no,232,yes,yes,cellular,20,sep,578,5,-1,0,unknown,no
63,retired,married,primary,no,5977,yes,no,telephone,7,sep,804,13,-1,0,unknown,yes
45,retired,divorced,primary,no,3189,yes,no,unknown,15,may,221,12,-1,0,unknown,no
85,services,single,secondary,no,6181,yes,yes,unknown,15,aug,120,16,-1,0,unknown,no
32,retired,married,tertiary,no,292,yes,no,telephone,21,apr,374,17,-1,0,unknown,no
54,admin.,married,primary,no,4667,yes,no,unknown,23,jun,6,14,-1,0,unknown,no
18,unemployed,single,secondary,no,-1672,no,no,cellular,1,may,681,21,-1,0,unknown,no
84,technician,married,tertiary,no,3912,yes,no,cellular,26,feb,135,26,-1,0,unknown,no
41,self-employed,divorced,secondary,no,-722,yes,no,telephone,12,jul,95,10,118,9,failure,no
44,services,single,tertiary,no,2793,no,no,telephone,2,apr,35,13,-1,0,unknown,no
57,technician,married,primary,no,2945,yes,no,cellular,18,apr,801,12,-1,0,unknown,yes
80,blue-collar,married,tertiary,no,3486,no,no,unknown,15,apr,429,4,-1,0,unknown,no
78,technician,divorced,tertiary,no,-1602,yes,no,cellular,7,nov,332,19,-1,0,unknown,no
53,blue-collar,married,primary,no,2371,no,no,cellular,9,feb,689,12,-1,0,unknown,yes
41,unknown,married,tertiary,no,1497,yes,yes,cellular,23,may,829,25,-1,0,unknown,yes
41,unemployed,single,tertiary,no,5185,yes,no,cellular,28,jul,80,1,-1,0,unknown,no
21,admin.,single,tertiary,no,-498,yes,no,cellular,22,aug,398,10,-1,0,unknown,no
84,blue-collar,single,tertiary,no,-2496,yes,yes,cellular,3,jul,375,21,-1,0,unknown,no
51,blue-collar,married,primary,no,-3513,no,no,unknown,21,nov,210,26,-1,0,unknown,no
74,entrepreneur,single,unknown,no,564,no,no,unknown,10,may,42,29,-1,0,unknown,no
66,admin.,single,tertiary,no,141,no,no,cellular,2,jun,727,2,-1,0,unknown,yes
70,management,divorced,tertiary,no,520,yes,yes,cellular,25,aug,97,5,-1,0,unknown,no
40,retired,divorced,secondary,no,534,no,no,unknown,22,jul,223,21,-1,0,unknown,no
86,technician,married,primary,yes,5605,yes,no,cellular,25,may,5,26,347,9,other,no
70,services,single,tertiary,no,980,yes,no,cellular,25,jun,144,27,-1,0,unknown,no
79,management,divorced,tertiary,no,4815,yes,no,cellular,12,nov,247,17,-1,0,unknown,no
58,housemaid,married,secondary,no,2574,no,no,unknown,7,sep,123,4,-1,0,unknown,no
74,unknown,married,primary,no,-1316,no,no,cellular,30,may,167,7,-1,0,unknown,no
77,blue-collar,single,secondary,no,1447,yes,no,unknown,5,may,55,15,-1,0,unknown,no
71,management,married,secondary,no,6058,no,no,cellular,4,aug,111,1,-1,0,unknown,no
87,technician,married,tertiary,no,4467,no,yes,cellular,1,may,331,28,245,1,other,no
74,unknown,married,tertiary,no,5029,yes,no,cellular,15,jun,902,29,-1,0,unknown,yes
27,unknown,married,secondary,yes,2936,no,no,cellular,9,may,163,14,-1,0,unknown,no
57,unknown,married,tertiary,no,-9,yes,no,unknown,6,feb,298,26,126,8,other,no
24,unemployed,married,secondary,no,6342,no,yes,cellular,14,sep,964,15,-1,0,unknown,yes
55,services,divorced,secondary,no,3100,no,no,unknown,2,aug,384,2,-1,0,unknown,no
78,entrepreneur,single,secondary,no,4214,yes,yes,cellular,12,jun,2,20,-1,0,unknown,no
20,management,single,primary,no,1747,no,no,unknown,23,may,707,26,-1,0,unknown,no
68,services,married,secondary,no,-1678,yes,no,unknown,28,aug,519,2,-1,0,unknown,no
64,blue-collar,single,secondary,no,2606,no,no,unknown,6,may,81,16,332,2,failure,no
85,admin.,single,tertiary,no,6503,yes,no,cellular,13,jul,51,2,256,7,other,no
93,admin.,single,secondary,no,3846,no,yes,unknown,4,may,592,16,-1,0,unknown,no
55,management,married,tertiary,no,3083,no,no,cellular,22,jun,301,17,-1,0,unknown,no
53,management,married,primary,no,-1157,no,no,cellular,16,jul,69,18,-1,0,unknown,no
58,self-employed,single,primary,no,5991,yes,no,cellular,29,aug,322,19,-1,0,unknown,no
86,admin.,single,secondary,no,5463,no,no,cellular,11,aug,236,16,-1,0,unknown,no
30,admin.,single,secondary,no,-3924,yes,no,cellular,6,jun,95,4,-1,0,unknown,no
75,technician,married,tertiary,no,4208,yes,no,cellular,5,may,209,17,-1,0,unknown,no
67,admin.,married,secondary,no,673,yes,no,cellular,1,may,193,1,133,8,success,no
47,admin.,single,secondary,no,2297,no,no,cellular,19,may,183,23,-1,0,unknown,no
79,blue-collar,married,secondary,no,-1030,yes,no,unknown,7,aug,187,21,-1,0,unknown,no
42,management,single,secondary,no,1784,yes,no,unknown,18,may,0,13,282,1,failure,no
44,unemployed,divorced,unknown,no,-1878,no,no,cellular,10,mar,80,7,-1,0,unknown,no
68,unknown,single,tertiary,no,-987,no,no,cellular,10,jul,145,26,-1,0,unknown,no
74,blue-collar,married,secondary,no,2975,yes,no,cellular,17,feb,35,9,-1,0,unknown,no
64,admin.,married,secondary,no,-848,yes,no,cellular,24,oct,356,14,317,1,failure,no
56,admin.,single,unknown,no,2708,yes,no,cellular,7,jul,484,1,-1,0,unknown,no
33,self-employed,divorced,secondary,no,1751,no,no,cellular,22,may,439,8,-1,0,unknown,no
39,retired,married,tertiary,no,8567,no,no,cellular,26,jun,158,10,-1,0,unknown,no
71,entrepreneur,married,secondary,no,-518,no,no,cellular,21,aug,302,4,-1,0,unknown,no
38,housemaid,married,primary,no,413,no,no,unknown,22,nov,20,25,270,7,other,no
89,unknown,single,tertiary,no,-727,yes,no,unknown,1,sep,57,13,-1,0,unknown,no
33,unknown,single,secondary,no,5711,yes,no,telephone,12,apr,12,18,-1,0,unknown,no
76,retired,divorced,secondary,no,1741,yes,no,telephone,25,apr,868,9,-1,0,unknown,no
48,services,married,tertiary,no,937,yes,no,cellular,17,jul,220,8,-1,0,unknown,no
59,unknown,single,primary,no,3732,no,yes,cellular,16,jun,49,6,-1,0,unknown,no
91,retired,married,secondary,no,-1188,yes,no,cellular,20,may,317,21,105,2,success,no
49,admin.,married,tertiary,no,-2604,no,no,cellular,15,nov,173,19,-1,0,unknown,no
76,blue-collar,single,secondary,no,2277,no,no,unknown,29,aug,146,16,-1,0,unknown,no
51,retired,married,primary,no,1908,no,no,cellular,19,jul,631,1,-1,0,unknown,no
26,self-employed,married,tertiary,no,-787,no,yes,unknown,20,may,317,15,300,1,failure,no
28,blue-collar,single,secondary,no,2488,yes,no,telephone,17,may,302,6,-1,0,unknown,no
27,services,married,secondary,no,6971,yes,no,cellular,26,jul,26,10,141,8,other,no
34,unknown,married,secondary,no,2764,no,no,unknown,4,aug,24,5,-1,0,unknown,no
85,entrepreneur,married,tertiary,no,-4524,yes,no,cellular,4,nov,281,8,143,4,failure,no
65,blue-collar,married,secondary,no,5673,yes,yes,cellular,3,aug,43,1,-1,0,unknown,no
69,technician,divorced,secondary,no,7390,no,no,cellular,8,may,155,13,-1,0,unknown,no
42,services,married,unknown,no,3009,no,no,cellular,23,aug,217,26,-1,0,unknown,no
38,blue-collar,single,secondary,no,1935,no,yes,cellular,9,apr,126,16,-1,0,unknown,no
82,admin.,married,tertiary,no,-3220,yes,no,cellular,2,jul,22,17,346,1,failure,no
80,technician,married,secondary,no,-1174,no,no,cellular,26,nov,350,7,-1,0,unknown,no
68,blue-collar,married,secondary,no,501,no,no,cellular,19,jul,558,15,-1,0,unknown,no
53,management,single,secondary,no,-781,no,no,telephone,22,jan,45,24,-1,0,unknown,no
83,management,married,tertiary,no,-106,yes,no,cellular,18,aug,496,14,-1,0,unknown,no
32,technician,single,secondary,no,1792,no,no,unknown,16,aug,401,26,-1,0,unknown,no
56,management,married,primary,no,-631,no,no,unknown,29,jul,214,28,303,9,other,no
87,unemployed,divorced,secondary,no,5980,no,no,unknown,28,aug,233,17,-1,0,unknown,no
18,technician,single,secondary,no,1645,yes,no,cellular,28,may,272,25,-1,0,unknown,no
40,admin.,single,primary,no,2935,no,no,unknown,18,may,191,23,-1,0,unknown,no
56,blue-collar,single,secondary,no,2949,no,no,cellular,26,aug,479,7,73,9,success,yes
74,unknown,single,secondary,no,2569,no,no,cellular,18,jul,165,24,251,4,other,no
51,blue-collar,single,secondary,no,1564,yes,no,cellular,12,dec,204,14,-1,0,unknown,no
58,admin.,married,tertiary,no,4420,yes,yes,cellular,2,apr,9,8,-1,0,unknown,no
90,services,married,primary,no,5049,yes,no,cellular,29,may,51,13,-1,0,unknown,no
30,student,single,secondary,no,-4767,no,no,cellular,21,may,604,1,222,1,failure,no
87,technician,married,secondary,no,-2889,no,no,cellular,28,nov,33,4,-1,0,unknown,no
23,blue-collar,married,tertiary,no,-206,yes,no,unknown,30,sep,604,29,-1,0,unknown,no
69,management,married,primary,no,-1924,no,no,cellular,1,may,260,29,-1,0,unknown,no
20,technician,married,secondary,yes,-783,no,no,cellular,23,may,652,11,-1,0,unknown,no
80,entrepreneur,single,primary,no,63,yes,yes,unknown,16,mar,434,9,-1,0,unknown,no
66,blue-collar,married,secondary,no,651,yes,no,unknown,17,jul,517,19,-1,0,unknown,no
93,blue-collar,divorced,secondary,no,-3051,yes,no,cellular,1,may,191,22,-1,0,unknown,no
64,technician,divorced,secondary,yes,179,no,no,unknown,21,may,450,4,-1,0,unknown,no
72,admin.,divorced,secondary,no,5690,yes,no,unknown,23,jul,159,1,-1,0,unknown,no
81,retired,married,secondary,no,667,no,no,cellular,3,aug,11,19,-1,0,unknown,no
82,retired,married,primary,no,3197,no,no,cellular,23,may,271,19,-1,0,unknown,no
84,technician,divorced,secondary,no,1220,yes,no,cellular,25,aug,336,29,-1,0,unknown,no
32,admin.,divorced,secondary,no,1766,yes,no,cellular,27,jun,27,19,-1,0,unknown,no
49,admin.,single,secondary,no,1075,no,no,cellular,20,may,436,11,-1,0,unknown,no
85,unknown,married,tertiary,no,3650,yes,no,cellular,16,jun,20,6,-1,0,unknown,no
35,unemployed,married,primary,no,-1040,no,no,cellular,21,jul,150,25,-1,0,unknown,no
60,unknown,single,secondary,no,1935,yes,yes,cellular,14,jun,172,7,-1,0,unknown,no
52,technician,married,secondary,no,-308,yes,no,cellular,16,may,9,23,-1,0,unknown,no
75,unknown,single,secondary,yes,3432,no,no,cellular,24,may,17,1,-1,0,unknown,no
50,technician,single,secondary,no,-1901,no,no,unknown,9,nov,154,29,59,2,success,no
31,management,single,secondary,no,3373,yes,yes,cellular,21,may,96,15,162,6,other,no
51,entrepreneur,married,tertiary,no,2047,yes,no,cellular,28,aug,436,25,-1,0,unknown,no
78,services,married,tertiary,no,-2372,no,no,cellular,21,may,137,4,-1,0,unknown,no
21,management,divorced,tertiary,no,6660,yes,no,cellular,2,nov,28,13,-1,0,unknown,no
76,admin.,single,secondary,no,3095,yes,no,unknown,25,dec,44,24,-1,0,unknown,no
46,admin.,single,secondary,no,-1835,no,no,unknown,13,aug,288,12,-1,0,unknown,no
23,blue-collar,single,tertiary,no,1892,no,no,unknown,22,jul,773,1,-1,0,unknown,yes
66,blue-collar,single,tertiary,no,-3495,no,no,unknown,5,jul,525,8,-1,0,unknown,no
57,unemployed,single,secondary,no,-3721,yes,no,unknown,21,may,35,25,-1,0,unknown,no
82,retired,married,primary,no,5010,yes,no,cellular,20,apr,4,21,-1,0,unknown,no
86,blue-collar,married,secondary,no,-2178,yes,no,telephone,17,apr,6,23,-1,0,unknown,no
44,admin.,married,secondary,no,3784,no,no,cellular,6,jun,208,11,-1,0,unknown,no
23,technician,married,secondary,no,4923,no,no,unknown,17,nov,171,10,-1,0,unknown,no
30,unknown,married,unknown,no,-1530,yes,no,cellular,26,may,3,2,-1,0,unknown,no
81,admin.,married,secondary,no,7661,yes,yes,cellular,2,may,15,17,82,5,failure,no
79,blue-collar,divorced,primary,no,1700,no,no,cellular,7,jul,2144,28,220,5,failure,yes
36,technician,married,secondary,no,1567,yes,no,unknown,29,may,864,13,-1,0,unknown,yes
93,blue-collar,married,secondary,no,-1572,yes,no,cellular,17,jan,34,27,-1,0,unknown,no
60,blue-collar,married,tertiary,no,-1518,yes,yes,cellular,24,may,46,22,-1,0,unknown,no
91,technician,single,secondary,no,-5159,no,yes,cellular,8,aug,594,9,-1,0,unknown,no
37,technician,married,secondary,yes,-908,no,yes,unknown,23,nov,182,16,-1,0,unknown,no
85,blue-collar,married,secondary,no,4920,yes,no,cellular,23,may,817,28,-1,0,unknown,yes
61,management,married,primary,no,-1632,yes,no,unknown,1,nov,189,17,-1,0,unknown,no
40,technician,single,tertiary,no,-1371,yes,no,cellular,29,sep,222,10,-1,0,unknown,no
19,blue-collar,divorced,secondary,no,-2436,yes,no,cellular,19,may,64,17,-1,0,unknown,no
39,technician,divorced,secondary,no,-2661,yes,no,cellular,25,jan,538,20,-1,0,unknown,no
74,housemaid,married,tertiary,no,4084,yes,yes,cellular,5,sep,449,10,-1,0,unknown,no
89,management,single,secondary,no,-2222,no,no,cellular,5,may,106,22,-1,0,unknown,no
24,admin.,married,secondary,no,1026,yes,no,unknown,23,aug,244,14,-1,0,unknown,no
73,blue-collar,married,secondary,no,356,no,no,unknown,27,jul,107,15,-1,0,unknown,no
84,management,married,tertiary,no,4291,no,no,cellular,26,may,160,9,-1,0,unknown,no
33,technician,married,secondary,no,-1086,yes,no,unknown,24,jul,495,2,171,8,failure,no
68,management,single,secondary,no,129,yes,no,cellular,22,aug,138,14,-1,0,unknown,no
89,technician,married,tertiary,no,-1855,no,yes,unknown,21,jun,473,21,-1,0,unknown,no
29,technician,married,unknown,no,-498,no,yes,cellular,1,aug,831,7,-1,0,unknown,no
70,technician,married,tertiary,no,-1282,yes,no,cellular,26,may,138,28,315,8,failure,no
92,services,married,secondary,no,987,yes,no,cellular,10,dec,541,4,-1,0,unknown,no
22,technician,single,tertiary,no,6224,no,no,cellular,10,may,93,13,-1,0,unknown,no
44,blue-collar,single,primary,no,811,yes,yes,telephone,29,aug,0,22,-1,0,unknown,no
29,blue-collar,single,secondary,no,4946,yes,no,unknown,25,aug,22,22,-1,0,unknown,no
34,management,married,secondary,no,4257,no,no,cellular,22,jul,344,4,-1,0,unknown,no
23,unemployed,married,secondary,no,1294,no,yes,unknown,3,may,27,4,-1,0,unknown,no
22,housemaid,married,primary,no,4306,no,no,unknown,28,jun,722,9,-1,0,unknown,yes
74,retired,divorced,secondary,no,2114,yes,no,unknown,12,jul,519,11,-1,0,unknown,no
45,blue-collar,divorced,secondary,no,-2864,yes,no,cellular,26,jul,186,1,-1,0,unknown,no
86,technician,single,tertiary,no,1305,no,no,cellular,12,aug,224,13,-1,0,unknown,no
76,self-employed,married,primary,no,2039,no,no,unknown,7,may,305,21,339,4,failure,no
50,admin.,married,secondary,no,6710,yes,no,cellular,16,apr,339,27,-1,0,unknown,no
79,services,married,tertiary,no,-1372,no,no,unknown,20,jun,174,25,-1,0,unknown,no
67,blue-collar,single,primary,no,2795,yes,no,cellular,29,may,97,9,-1,0,unknown,no
36,admin.,single,secondary,no,-2270,yes,no,cellular,3,jul,621,25,-1,0,unknown,no
86,technician,divorced,tertiary,no,6050,yes,no,cellular,28,jul,12,18,-1,0,unknown,no
83,retired,single,tertiary,no,5093,no,no,cellular,7,aug,113,7,-1,0,unknown,no
64,retired,married,primary,no,-2174,no,no,cellular,22,jul,283,14,47,1,failure,no
56,blue-collar,married,tertiary,no,6645,no,no,unknown,14,jun,572,26,-1,0,unknown,yes
85,entrepreneur,married,primary,no,4653,yes,yes,unknown,27,apr,19,24,-1,0,unknown,no
50,admin.,married,secondary,no,5217,no,no,cellular,4,apr,277,17,-1,0,unknown,no
30,admin.,married,secondary,no,6131,yes,yes,cellular,30,jul,172,18,-1,0,unknown,no
71,blue-collar,single,secondary,no,4800,yes,no,cellular,10,oct,299,1,-1,0,unknown,no
24,services,single,secondary,no,413,no,yes,telephone,24,may,98,29,-1,0,unknown,no
31,blue-collar,married,primary,no,5928,yes,no,cellular,2,jul,319,9,-1,0,unknown,no
36,technician,married,secondary,no,-1257,yes,no,telephone,22,jul,51,10,-1,0,unknown,no
71,management,married,secondary,no,-904,yes,no,cellular,16,jun,385,16,-1,0,unknown,no
37,management,single,secondary,no,55,yes,no,unknown,3,mar,356,11,-1,0,unknown,no
46,retired,married,secondary,no,2422,yes,no,unknown,15,jul,756,21,-1,0,unknown,no
41,management,married,secondary,no,-1331,yes,no,cellular,8,may,49,4,-1,0,unknown,no
80,management,single,secondary,no,-2171,yes,no,unknown,16,jul,330,24,-1,0,unknown,no
91,services,married,primary,no,-1326,yes,no,unknown,11,aug,100,19,-1,0,unknown,no
74,admin.,married,secondary,no,332,no,yes,cellular,24,jan,85,8,-1,0,unknown,no
25,admin.,single,tertiary,no,1633,yes,no,cellular,11,jun,132,3,-1,0,unknown,no
79,management,single,secondary,no,-861,no,yes,cellular,11,aug,86,22,-1,0,unknown,no
46,services,single,tertiary,no,-2212,no,no,cellular,1,jul,73,4,-1,0,unknown,no
91,management,married,secondary,no,2591,no,no,cellular,2,may,377,29,-1,0,unknown,no
34,services,married,primary,no,6836,no,no,cellular,20,aug,310,8,-1,0,unknown,no
83,blue-collar,single,tertiary,no,178,yes,no,cellular,1,aug,29,23,-1,0,unknown,no
23,student,married,secondary,no,4097,yes,no,unknown,19,may,211,12,355,7,failure,no
75,technician,single,secondary,no,1428,no,no,cellular,20,may,103,5,-1,0,unknown,no
86,technician,divorced,secondary,no,3333,no,no,cellular,10,jul,913,29,-1,0,unknown,yes
45,admin.,divorced,tertiary,no,3867,yes,no,cellular,19,may,142,29,-1,0,unknown,no
79,blue-collar,married,tertiary,no,1436,yes,yes,cellular,21,aug,10,3,-1,0,unknown,no
58,management,married,secondary,yes,-1527,no,no,cellular,11,aug,103,5,-1,0,unknown,no
86,technician,married,secondary,yes,-2269,no,no,cellular,12,may,96,4,-1,0,unknown,no
58,blue-collar,single,primary,no,4872,no,no,unknown,10,jun,1,24,-1,0,unknown,no
66,technician,married,primary,no,3313,yes,no,unknown,7,oct,172,11,-1,0,unknown,no
66,retired,married,tertiary,no,4361,yes,no,unknown,24,may,609,21,-1,0,unknown,yes
93,retired,married,tertiary,no,3450,yes,no,telephone,8,aug,418,26,156,9,failure,no
88,blue-collar,married,primary,no,4638,yes,no,cellular,11,may,297,26,-1,0,unknown,no
20,admin.,married,tertiary,no,2087,no,no,unknown,18,apr,108,16,276,7,failure,no
27,self-employed,married,secondary,no,-3136,yes,no,cellular,16,apr,68,21,-1,0,unknown,no
52,blue-collar,single,secondary,no,2265,yes,no,unknown,1,may,108,18,327,5,failure,no
19,technician,married,tertiary,no,6801,yes,no,cellular,29,jul,33,25,-1,0,unknown,no
41,technician,married,secondary,no,2475,no,no,cellular,30,nov,27,6,-1,0,unknown,no
91,management,single,secondary,no,-2266,yes,no,cellular,6,may,220,27,-1,0,unknown,no
55,entrepreneur,single,primary,no,3626,no,no,cellular,17,may,433,16,-1,0,unknown,no
39,housemaid,married,tertiary,no,7925,no,no,cellular,22,jun,27,1,-1,0,unknown,no
43,retired,married,primary,no,-252,yes,no,cellular,13,may,105,19,-1,0,unknown,no
60,student,single,secondary,no,2400,yes,no,cellular,23,may,33,20,-1,0,unknown,no
72,admin.,married,primary,no,2848,no,no,cellular,25,dec,95,16,-1,0,unknown,no
56,admin.,married,secondary,no,2032,no,no,cellular,10,jul,457,10,-1,0,unknown,no
46,self-employed,married,tertiary,no,3815,yes,no,unknown,10,aug,9,26,-1,0,unknown,no
37,unemployed,married,secondary,no,206,yes,no,cellular,1,may,268,14,-1,0,unknown,no
58,management,married,secondary,no,3302,no,no,unknown,7,jul,15,18,-1,0,unknown,no
71,blue-collar,divorced,secondary,no,4924,yes,no,cellular,20,jun,143,13,-1,0,unknown,no
37,unknown,single,tertiary,no,714,yes,no,cellular,9,aug,165,27,263,5,other,no
36,unemployed,married,secondary,no,3838,no,no,cellular,11,feb,132,13,-1,0,unknown,no
83,housemaid,married,secondary,no,286,yes,no,unknown,20,sep,261,26,288,6,other,no
47,unemployed,single,secondary,no,-2708,no,no,cellular,2,apr,938,15,-1,0,unknown,no
70,technician,married,secondary,no,-2717,yes,no,cellular,1,nov,80,4,-1,0,unknown,no
51,housemaid,married,tertiary,no,2805,yes,no,cellular,23,may,242,18,-1,0,unknown,no
39,technician,single,unknown,no,-4206,no,no,cellular,12,jul,113,15,-1,0,unknown,no
84,self-employed,single,secondary,no,1700,yes,yes,cellular,7,apr,1961,6,40,2,other,yes
23,management,married,tertiary,no,-950,no,no,telephone,19,jun,778,29,-1,0,unknown,yes
44,blue-collar,single,unknown,no,-5159,yes,no,unknown,5,may,25,10,-1,0,unknown,no
27,management,married,tertiary,no,3469,yes,yes,cellular,26,may,937,15,-1,0,unknown,yes
90,admin.,married,tertiary,no,-2787,yes,no,cellular,12,jul,345,25,-1,0,unknown,no
65,technician,married,secondary,no,8347,no,no,cellular,14,jun,1257,1,-1,0,unknown,yes
87,unknown,single,secondary,no,6333,yes,yes,cellular,28,feb,380,5,-1,0,unknown,no
76,unknown,single,secondary,no,1222,yes,no,cellular,7,sep,35,9,-1,0,unknown,no
76,services,single,secondary,no,-4606,yes,no,unknown,8,apr,358,27,-1,0,unknown,no
19,unknown,married,primary,no,2309,no,yes,cellular,14,dec,334,23,84,6,failure,no
46,housemaid,married,secondary,no,6925,yes,no,unknown,12,sep,47,14,-1,0,unknown,no
85,blue-collar,married,secondary,no,4607,no,no,cellular,9,jul,360,11,380,8,failure,no
82,admin.,married,primary,no,4797,no,no,cellular,10,may,289,6,-1,0,unknown,no
43,self-employed,married,tertiary,no,6052,yes,no,unknown,10,apr,1339,16,-1,0,unknown,yes
27,retired,divorced,primary,no,-2338,yes,no,cellular,1,jul,248,23,-1,0,unknown,no
70,student,single,tertiary,no,4681,no,yes,cellular,25,may,138,29,-1,0,unknown,no
76,housemaid,married,secondary,no,7245,yes,yes,cellular,22,aug,793,9,-1,0,unknown,yes
39,housemaid,married,tertiary,no,-437,no,no,cellular,6,aug,255,3,-1,0,unknown,no
68,blue-collar,married,tertiary,no,215,yes,no,cellular,14,dec,110,8,125,5,other,no
65,technician,single,secondary,no,6081,yes,no,unknown,23,jun,5,17,-1,0,unknown,no
38,services,single,secondary,no,5606,no,no,unknown,9,nov,364,26,122,9,failure,no
39,services,single,secondary,no,-1188,yes,no,cellular,23,may,32,22,-1,0,unknown,no
47,admin.,married,tertiary,no,-2460,yes,no,cellular,23,aug,663,9,-1,0,unknown,no
42,retired,married,secondary,no,1079,no,no,cellular,27,may,839,17,-1,0,unknown,no
45,blue-collar,divorced,tertiary,no,-2997,no,no,cellular,12,may,69,5,-1,0,unknown,no
82,housemaid,divorced,secondary,no,-1154,yes,no,cellular,19,may,30,24,-1,0,unknown,no
62,technician,married,secondary,no,-627,no,no,cellular,26,may,233,26,102,2,failure,no
85,retired,married,secondary,no,4792,no,no,cellular,25,jun,62,11,-1,0,unknown,no
24,admin.,married,secondary,yes,5605,no,yes,cellular,20,dec,201,6,-1,0,unknown,no
66,admin.,divorced,secondary,no,4806,no,no,unknown,22,may,137,22,-1,0,unknown,no
26,admin.,single,secondary,no,-1049,no,no,cellular,29,jun,405,14,-1,0,unknown,no
53,blue-collar,single,secondary,no,1165,no,no,cellular,23,may,2292,3,-1,0,unknown,yes
18,admin.,married,unknown,no,65,yes,no,cellular,28,may,157,24,-1,0,unknown,no
27,blue-collar,married,tertiary,no,2061,no,yes,cellular,29,mar,298,17,-1,0,unknown,no
53,technician,married,tertiary,no,3676,yes,no,unknown,12,nov,107,28,-1,0,unknown,no
90,student,divorced,primary,no,-7,yes,no,cellular,25,jun,511,4,-1,0,unknown,no
63,entrepreneur,married,primary,no,-1621,no,no,cellular,13,aug,9,8,-1,0,unknown,no
49,unknown,single,primary,no,6142,yes,no,unknown,29,jun,175,6,-1,0,unknown,no
49,self-employed,married,secondary,no,4642,no,yes,cellular,26,aug,50,11,-1,0,unknown,no
23,unknown,divorced,tertiary,no,2440,no,no,cellular,28,jul,50,25,-1,0,unknown,no
65,housemaid,single,primary,no,-1768,yes,no,cellular,3,aug,196,1,-1,0,unknown,no
55,blue-collar,married,primary,no,4021,yes,no,unknown,30,jul,94,15,-1,0,unknown,no
34,technician,single,tertiary,no,913,yes,no,cellular,11,jul,158,16,-1,0,unknown,no
91,technician,married,secondary,no,-5240,no,no,unknown,2,may,94,2,-1,0,unknown,no
44,technician,married,unknown,no,-156,no,yes,cellular,18,may,156,13,-1,0,unknown,no
71,blue-collar,married,secondary,no,2797,yes,no,cellular,18,sep,86,12,-1,0,unknown,no
67,management,divorced,secondary,no,773,no,no,cellular,25,apr,419,14,-1,0,unknown,no
52,student,divorced,secondary,no,2950,yes,yes,cellular,24,jul,210,1,-1,0,unknown,no
42,unknown,married,secondary,no,2821,yes,no,cellular,25,jun,45,11,-1,0,unknown,no
45,management,single,secondary,no,-1857,yes,yes,telephone,9,aug,2,4,-1,0,unknown,no
32,management,single,secondary,yes,3474,yes,yes,unknown,1,may,4,13,-1,0,unknown,no
21,unknown,single,unknown,no,3747,no,no,cellular,26,jul,141,25,-1,0,unknown,no
90,technician,married,secondary,no,1330,yes,no,unknown,26,jul,97,20,-1,0,unknown,no
44,entrepreneur,married,tertiary,no,1466,no,yes,cellular,16,aug,78,25,393,1,failure,no
43,technician,single,primary,no,1452,no,no,cellular,25,jul,251,6,-1,0,unknown,no
36,blue-collar,married,tertiary,no,5960,yes,no,cellular,1,jul,432,5,-1,0,unknown,yes
34,technician,married,secondary,no,2569,yes,no,cellular,21,nov,16,26,-1,0,unknown,no
60,self-employed,single,tertiary,yes,1796,yes,yes,unknown,20,may,30,4,-1,0,unknown,no
58,retired,married,secondary,no,2832,no,no,cellular,24,may,118,13,9,6,other,no
59,technician,divorced,secondary,no,2768,yes,no,cellular,5,aug,150,26,-1,0,unknown,no
67,technician,married,tertiary,no,1125,yes,no,unknown,28,apr,129,18,-1,0,unknown,no
57,management,divorced,primary,no,-2583,yes,no,cellular,25,jul,262,13,-1,0,unknown,no
56,unknown,married,tertiary,no,1748,no,yes,cellular,17,jul,23,8,-1,0,unknown,no
40,unemployed,married,secondary,no,3194,no,no,cellular,8,jan,176,19,-1,0,unknown,no
69,management,married,secondary,no,2294,no,no,cellular,6,may,430,15,-1,0,unknown,no
64,services,single,secondary,no,-72,yes,yes,cellular,1,jun,680,29,-1,0,unknown,no
80,retired,single,tertiary,no,835,no,no,telephone,13,may,212,1,-1,0,unknown,no
86,blue-collar,married,secondary,no,4400,yes,no,unknown,18,may,38,11,-1,0,unknown,no
60,unemployed,married,primary,no,-3634,no,no,cellular,4,jul,335,16,116,3,failure,no
65,services,single,secondary,no,-809,yes,no,cellular,15,aug,410,10,238,5,other,no
51,blue-collar,married,secondary,no,1817,yes,no,unknown,14,may,56,7,-1,0,unknown,no
57,blue-collar,single,secondary,no,4540,no,no,cellular,16,may,291,8,21,7,failure,no
92,unknown,married,secondary,no,6866,no,no,unknown,5,jul,687,23,-1,0,unknown,yes
78,unknown,single,tertiary,no,4090,no,no,cellular,30,jul,327,20,-1,0,unknown,no
67,unemployed,single,primary,no,-356,yes,no,unknown,1,aug,138,16,145,8,failure,no
84,blue-collar,divorced,secondary,no,-3863,no,no,cellular,26,jul,150,24,-1,0,unknown,no
79,technician,single,secondary,no,7025,yes,no,cellular,23,may,21,10,-1,0,unknown,no
75,housemaid,married,unknown,no,-1102,yes,no,cellular,29,jun,192,4,-1,0,unknown,no
50,management,married,tertiary,no,1859,no,no,cellular,4,oct,418,12,-1,0,unknown,no
92,technician,single,unknown,no,1071,yes,yes,unknown,30,may,990,21,42,9,other,yes
33,services,married,secondary,no,1214,no,yes,cellular,30,may,131,16,343,5,failure,no
65,housemaid,divorced,secondary,no,-2076,yes,no,cellular,30,sep,147,24,-1,0,unknown,no
27,technician,single,secondary,no,6810,no,no,cellular,17,may,14,29,-1,0,unknown,no
55,management,married,secondary,no,-1202,no,no,cellular,28,may,384,18,253,9,failure,no
36,management,married,tertiary,no,1897,yes,no,unknown,6,may,325,16,-1,0,unknown,no
53,admin.,married,secondary,no,86,yes,no,cellular,25,nov,133,13,-1,0,unknown,no
76,technician,married,tertiary,no,3263,no,no,telephone,25,jul,318,16,-1,0,unknown,no
80,entrepreneur,married,secondary,no,794,no,no,cellular,27,may,251,26,-1,0,unknown,no
94,housemaid,married,primary,no,482,yes,no,cellular,4,aug,378,15,370,2,failure,no
63,technician,married,secondary,no,4683,no,yes,cellular,7,feb,97,8,-1,0,unknown,no
20,student,married,secondary,no,451,yes,yes,cellular,26,may,271,15,-1,0,unknown,no
91,unemployed,married,tertiary,no,5654,no,no,cellular,1,nov,253,21,-1,0,unknown,no
82,management,married,secondary,no,-2278,no,no,telephone,10,jul,24,21,-1,0,unknown,no
25,blue-collar,married,secondary,no,673,yes,no,cellular,13,aug,85,7,-1,0,unknown,no
68,unknown,single,secondary,no,-1157,no,no,unknown,9,nov,507,20,-1,0,unknown,no
90,management,married,primary,no,1514,yes,no,unknown,14,aug,43,19,-1,0,unknown,no
23,technician,married,tertiary,no,-2697,yes,no,cellular,1,apr,123,29,-1,0,unknown,no
56,unknown,single,tertiary,no,3280,no,no,cellular,30,may,65,22,-1,0,unknown,no
77,blue-collar,divorced,unknown,no,3579,yes,no,unknown,9,jun,38,14,-1,0,unknown,no
45,admin.,married,unknown,yes,5940,yes,no,unknown,6,feb,37,6,-1,0,unknown,no
71,retired,married,tertiary,no,3964,no,no,cellular,10,jul,110,13,-1,0,unknown,no
54,management,married,tertiary,no,3930,yes,no,cellular,11,jul,419,26,103,4,failure,no
26,housemaid,married,tertiary,no,3464,yes,no,cellular,7,aug,874,12,-1,0,unknown,yes
73,retired,divorced,secondary,no,767,yes,no,unknown,20,jul,218,22,-1,0,unknown,no
76,technician,single,unknown,no,6278,yes,yes,cellular,25,jun,260,7,-1,0,unknown,no
19,blue-collar,single,tertiary,no,3084,yes,yes,cellular,28,sep,389,20,-1,0,unknown,no
78,retired,married,secondary,no,8843,no,yes,cellular,22,aug,279,3,-1,0,unknown,no
75,technician,single,secondary,no,6683,yes,yes,cellular,12,jul,486,3,-1,0,unknown,no
77,retired,married,secondary,no,2461,no,no,unknown,22,mar,555,3,-1,0,unknown,no
57,entrepreneur,married,secondary,no,2608,yes,no,cellular,12,aug,254,15,-1,0,unknown,no
53,admin.,married,secondary,no,3918,yes,yes,cellular,14,jul,196,16,150,9,other,no
54,blue-collar,married,secondary,no,6173,yes,no,cellular,10,aug,127,13,137,1,failure,no
35,services,married,secondary,no,-3182,no,no,cellular,16,may,159,16,-1,0,unknown,no
80,technician,single,tertiary,no,5359,yes,no,telephone,22,aug,109,2,-1,0,unknown,no
39,management,married,secondary,no,2541,no,no,cellular,4,may,143,6,341,9,failure,no
28,services,married,secondary,no,4662,yes,no,cellular,29,nov,593,17,-1,0,unknown,yes
75,housemaid,married,secondary,no,-735,yes,no,cellular,23,apr,925,6,-1,0,unknown,yes
74,technician,married,primary,no,-871,yes,no,cellular,14,jun,115,24,-1,0,unknown,no
94,blue-collar,single,secondary,no,2440,yes,no,cellular,2,may,64,22,-1,0,unknown,no
21,admin.,single,secondary,no,4350,no,no,cellular,2,jun,21,18,-1,0,unknown,no
24,unknown,single,tertiary,no,-2272,no,no,cellular,29,may,467,23,-1,0,unknown,no
78,blue-collar,married,secondary,no,225,yes,no,unknown,11,aug,527,12,284,9,failure,no
71,blue-collar,single,secondary,no,-2171,no,no,telephone,11,may,154,19,35,1,failure,no
85,technician,single,secondary,no,2676,no,no,unknown,6,jul,201,25,-1,0,unknown,no
18,management,married,tertiary,no,7402,no,no,cellular,25,may,347,12,-1,0,unknown,no
72,technician,married,tertiary,no,416,yes,no,telephone,3,jun,121,27,-1,0,unknown,no
20,unknown,divorced,tertiary,no,3775,yes,no,cellular,23,aug,58,24,-1,0,unknown,no
55,management,married,secondary,no,1786,yes,no,unknown,9,may,31,22,-1,0,unknown,no
18,blue-collar,married,tertiary,no,2528,yes,no,telephone,28,may,69,17,-1,0,unknown,no
55,blue-collar,married,secondary,no,-366,no,no,cellular,25,apr,267,2,-1,0,unknown,no
46,services,married,secondary,no,3386,no,no,cellular,3,jul,110,14,-1,0,unknown,no
22,blue-collar,married,secondary,no,818,yes,no,cellular,1,may,521,28,-1,0,unknown,no
91,blue-collar,married,tertiary,no,6797,no,no,cellular,2,aug,23,13,-1,0,unknown,no
38,blue-collar,single,secondary,no,-110,no,no,cellular,15,jun,138,24,77,2,failure,no
88,management,married,tertiary,no,4358,no,yes,cellular,11,nov,76,6,-1,0,unknown,no
84,services,single,primary,no,7342,no,no,unknown,8,may,564,17,-1,0,unknown,no
64,technician,married,secondary,no,4988,no,no,unknown,16,may,423,9,-1,0,unknown,no
52,entrepreneur,divorced,secondary,no,-1285,yes,no,cellular,23,may,1071,8,-1,0,unknown,yes
85,blue-collar,divorced,secondary,no,-1570,no,no,cellular,17,may,32,14,-1,0,unknown,no
86,management,single,secondary,no,2781,yes,no,cellular,3,nov,393,2,-1,0,unknown,no
18,unknown,divorced,secondary,no,1607,yes,no,cellular,8,jul,34,10,-1,0,unknown,no
85,admin.,single,unknown,no,2968,yes,yes,cellular,7,feb,43,28,-1,0,unknown,no
29,housemaid,divorced,secondary,no,5007,no,no,cellular,21,jul,10,21,222,6,failure,no
77,unknown,married,tertiary,yes,1684,yes,no,cellular,3,aug,161,3,-1,0,unknown,no
44,self-employed,married,secondary,no,-464,no,no,telephone,7,mar,34,17,-1,0,unknown,no
73,entrepreneur,single,primary,no,2044,yes,no,cellular,5,jul,110,7,-1,0,unknown,no
40,services,married,primary,no,5980,yes,no,cellular,1,may,83,25,-1,0,unknown,no
42,technician,single,tertiary,no,1529,yes,no,unknown,5,jul,966,12,-1,0,unknown,yes
38,blue-collar,single,primary,no,7876,yes,no,unknown,3,may,277,27,-1,0,unknown,no
78,services,married,secondary,no,4077,yes,no,cellular,18,jul,136,7,393,3,other,no
80,technician,single,secondary,no,3791,yes,no,cellular,29,jul,543,3,-1,0,unknown,no
69,unemployed,married,tertiary,no,-214,yes,no,cellular,19,jul,17,6,-1,0,unknown,no
42,services,married,tertiary,no,1046,no,no,unknown,10,nov,104,3,-1,0,unknown,no
72,self-employed,married,primary,no,2988,no,no,cellular,4,nov,186,4,-1,0,unknown,no
63,housemaid,married,secondary,no,1332,no,no,cellular,30,mar,14,16,352,1,other,no
49,housemaid,married,secondary,no,5205,yes,no,cellular,13,may,40,15,-1,0,unknown,no
72,unemployed,married,secondary,no,2061,yes,no,unknown,29,may,581,1,-1,0,unknown,no
22,self-employed,married,primary,no,-347,no,no,cellular,1,mar,51,2,-1,0,unknown,no
53,entrepreneur,single,primary,no,2480,no,yes,unknown,4,jul,657,1,142,7,other,no
66,blue-collar,single,tertiary,no,458,yes,no,cellular,9,feb,26,26,-1,0,unknown,no
75,technician,married,secondary,no,3598,yes,no,cellular,17,jul,565,18,-1,0,unknown,no
56,self-employed,married,tertiary,no,7,no,no,cellular,11,jan,155,4,91,2,failure,no
78,housemaid,single,tertiary,no,7118,yes,no,cellular,7,feb,219,6,-1,0,unknown,no
26,management,single,secondary,no,-2892,yes,no,cellular,24,aug,85,11,-1,0,unknown,no
23,admin.,married,tertiary,no,599,yes,no,cellular,25,may,82,12,-1,0,unknown,no
52,blue-collar,married,secondary,no,2153,no,no,cellular,7,apr,174,8,-1,0,unknown,no
56,admin.,single,tertiary,no,158,no,no,cellular,13,may,113,14,399,1,other,no
39,unknown,single,secondary,no,-5148,yes,no,cellular,25,mar,20,10,-1,0,unknown,no
58,unknown,married,tertiary,no,7429,yes,no,cellular,26,aug,112,25,-1,0,unknown,no
22,technician,married,primary,no,3917,yes,no,cellular,29,jun,75,26,-1,0,unknown,no
59,blue-collar,married,tertiary,no,-2031,yes,no,cellular,30,jul,488,23,-1,0,unknown,no
93,admin.,single,tertiary,no,-1601,yes,no,cellular,19,aug,470,4,-1,0,unknown,no
84,blue-collar,married,tertiary,no,-2681,yes,no,cellular,17,aug,39,15,69,2,failure,no
47,services,married,tertiary,no,1296,yes,no,cellular,18,may,337,16,-1,0,unknown,no
74,blue-collar,married,secondary,no,6141,no,no,unknown,30,may,154,14,231,2,failure,no
90,services,divorced,tertiary,no,854,no,no,cellular,26,may,523,15,-1,0,unknown,no
46,technician,single,secondary,no,355,no,no,cellular,13,mar,82,23,397,5,failure,no
54,management,single,tertiary,no,4630,yes,no,cellular,17,jul,23,17,-1,0,unknown,no
30,admin.,single,tertiary,no,2690,no,yes,cellular,18,may,415,27,283,8,success,yes
49,retired,married,tertiary,no,1556,no,no,unknown,25,may,523,12,-1,0,unknown,no
63,admin.,divorced,tertiary,no,3938,yes,no,cellular,21,jun,473,13,-1,0,unknown,no
40,retired,married,tertiary,no,-3562,yes,no,unknown,20,jul,103,14,268,3,failure,no
62,self-employed,single,primary,no,3152,no,no,unknown,2,aug,8,26,-1,0,unknown,no
34,housemaid,married,secondary,no,5589,no,no,unknown,19,feb,38,11,-1,0,unknown,no
83,self-employed,married,unknown,no,-1970,no,no,unknown,15,jul,649,11,-1,0,unknown,no
23,unknown,married,tertiary,no,626,no,yes,cellular,9,may,116,6,-1,0,unknown,no
35,admin.,single,secondary,no,-4105,yes,no,unknown,30,dec,547,1,363,4,success,no
39,admin.,single,primary,no,444,yes,no,cellular,29,may,1020,24,-1,0,unknown,yes
50,retired,married,tertiary,no,-191,yes,no,cellular,29,jun,129,20,-1,0,unknown,no
47,self-employed,married,unknown,no,6863,no,no,cellular,14,nov,386,8,120,2,failure,no
49,unknown,divorced,tertiary,no,360,no,no,cellular,19,may,47,8,-1,0,unknown,no
59,admin.,married,secondary,no,2632,yes,no,cellular,8,aug,124,18,-1,0,unknown,no
27,services,single,secondary,no,5777,no,no,unknown,12,may,315,22,259,6,failure,no
53,technician,single,tertiary,no,-4809,yes,no,cellular,17,apr,59,13,-1,0,unknown,no
51,blue-collar,married,primary,no,2126,yes,no,cellular,12,mar,99,26,-1,0,unknown,no
90,blue-collar,married,tertiary,no,-1576,no,no,cellular,15,nov,214,14,291,7,other,no
45,admin.,married,secondary,no,-1505,no,no,cellular,5,may,303,15,237,8,other,no
28,management,married,tertiary,no,-840,yes,no,unknown,2,may,113,4,244,9,failure,no
56,blue-collar,married,tertiary,no,255,yes,no,unknown,20,nov,122,19,-1,0,unknown,no
64,unemployed,married,secondary,no,-1360,yes,yes,cellular,18,jul,30,13,-1,0,unknown,no
36,admin.,married,secondary,no,487,yes,no,unknown,3,jun,1067,9,-1,0,unknown,yes
32,self-employed,single,secondary,no,4628,yes,no,telephone,5,jun,244,16,-1,0,unknown,no
45,retired,single,secondary,no,3180,yes,no,telephone,2,mar,194,28,-1,0,unknown,no
41,entrepreneur,married,secondary,no,9879,no,no,cellular,9,aug,61,26,-1,0,unknown,no
89,entrepreneur,married,secondary,no,2281,no,no,telephone,24,aug,172,28,-1,0,unknown,no
26,technician,married,primary,no,3522,no,no,unknown,5,apr,152,9,-1,0,unknown,no
64,admin.,married,secondary,no,5494,no,yes,unknown,27,may,77,2,36,4,failure,no
50,blue-collar,single,secondary,no,-1826,no,no,unknown,17,oct,152,21,-1,0,unknown,no
79,technician,married,secondary,no,5425,no,yes,unknown,21,may,58,26,-1,0,unknown,no
36,housemaid,single,secondary,no,-1218,yes,no,unknown,20,jul,319,10,-1,0,unknown,no
84,blue-collar,married,tertiary,no,3000,yes,no,cellular,15,jun,617,7,-1,0,unknown,yes
91,housemaid,single,secondary,no,4463,yes,no,unknown,30,aug,0,9,-1,0,unknown,no
57,technician,married,tertiary,no,-4125,no,no,cellular,13,feb,209,8,-1,0,unknown,no
64,services,single,tertiary,no,475,no,no,cellular,9,aug,340,26,-1,0,unknown,no
82,blue-collar,divorced,secondary,no,1367,no,no,unknown,2,may,613,20,-1,0,unknown,no
46,admin.,single,tertiary,no,-1785,yes,no,cellular,23,feb,114,19,-1,0,unknown,no
67,blue-collar,single,secondary,no,2572,no,no,cellular,2,jul,613,1,-1,0,unknown,no
30,housemaid,married,secondary,no,6661,yes,no,cellular,29,may,450,1,18,5,failure,no
18,management,divorced,tertiary,no,-1338,no,no,cellular,29,aug,192,25,-1,0,unknown,no
51,unemployed,married,primary,no,5132,no,yes,cellular,11,jun,76,20,-1,0,unknown,no
65,technician,married,tertiary,no,3046,no,no,cellular,28,jul,272,8,-1,0,unknown,no
94,services,married,secondary,no,-2494,yes,no,unknown,3,jul,77,4,-1,0,unknown,no
65,unknown,divorced,primary,no,321,yes,no,cellular,30,nov,110,28,-1,0,unknown,no
66,unknown,single,secondary,no,2349,yes,no,cellular,3,aug,162,22,-1,0,unknown,no
81,management,divorced,secondary,no,6333,yes,no,cellular,10,jun,177,4,-1,0,unknown,no
78,unknown,single,secondary,no,3976,yes,no,cellular,24,jun,54,15,-1,0,unknown,no
46,retired,married,tertiary,no,-486,no,no,cellular,2,jul,305,2,-1,0,unknown,no
56,technician,divorced,primary,no,2757,yes,no,cellular,1,aug,1243,17,383,6,other,yes
43,technician,divorced,secondary,no,-6838,yes,no,unknown,6,may,72,8,-1,0,unknown,no
34,unknown,married,secondary,no,4280,yes,yes,cellular,6,feb,208,16,-1,0,unknown,no
88,technician,married,tertiary,no,-726,yes,no,cellular,11,jun,156,6,201,8,other,no
30,retired,single,primary,no,-1595,no,no,cellular,16,apr,94,1,-1,0,unknown,no
86,retired,divorced,secondary,no,628,yes,no,unknown,1,may,140,5,-1,0,unknown,no
43,blue-collar,single,primary,no,-2164,no,no,telephone,5,jul,340,19,-1,0,unknown,no
66,management,single,secondary,no,981,yes,no,telephone,25,may,138,18,361,3,other,no
84,technician,divorced,tertiary,no,4732,no,yes,cellular,26,feb,182,3,-1,0,unknown,no
24,technician,divorced,secondary,no,-4350,yes,no,unknown,27,jul,167,2,-1,0,unknown,no
75,blue-collar,single,secondary,no,1355,no,no,cellular,10,jun,209,26,-1,0,unknown,no
66,blue-collar,single,tertiary,no,1099,yes,no,cellular,21,may,88,2,-1,0,unknown,no
70,retired,married,primary,no,3129,no,no,cellular,28,jun,183,1,-1,0,unknown,no
82,blue-collar,single,secondary,no,1014,no,no,unknown,23,jul,37,3,160,6,other,no
79,technician,married,secondary,no,4439,yes,no,cellular,6,apr,348,19,-1,0,unknown,no
34,self-employed,single,secondary,no,5677,yes,yes,cellular,11,may,30,4,-1,0,unknown,no
60,retired,married,secondary,no,4681,no,yes,telephone,26,aug,396,3,-1,0,unknown,no
42,admin.,married,tertiary,no,-607,yes,no,cellular,16,jul,450,8,-1,0,unknown,no
20,management,married,secondary,no,7406,no,no,telephone,20,may,4,12,35,4,other,no
46,housemaid,single,tertiary,no,-1865,no,no,telephone,13,may,458,29,-1,0,unknown,no
49,self-employed,married,secondary,no,3742,yes,no,cellular,12,apr,269,4,-1,0,unknown,no
43,technician,married,unknown,no,5056,yes,no,cellular,18,may,26,14,-1,0,unknown,no
33,blue-collar,married,secondary,no,7845,no,no,unknown,26,sep,1593,10,-1,0,unknown,yes
42,admin.,married,secondary,no,4629,no,no,cellular,13,jun,246,17,-1,0,unknown,no
71,admin.,married,secondary,no,-667,yes,no,unknown,5,jul,132,18,-1,0,unknown,no
45,retired,married,primary,no,4361,no,no,unknown,28,may,558,7,53,1,other,no
90,blue-collar,married,secondary,no,1205,yes,yes,cellular,28,may,10,13,-1,0,unknown,no
73,entrepreneur,married,secondary,no,4918,no,no,cellular,30,nov,325,22,-1,0,unknown,no
82,services,married,primary,no,2190,yes,no,cellular,30,sep,40,25,-1,0,unknown,no
58,admin.,married,primary,no,5898,yes,no,cellular,26,aug,207,13,-1,0,unknown,no
68,management,single,primary,no,1697,yes,no,cellular,13,may,26,22,122,8,success,no
88,admin.,married,secondary,no,4430,yes,no,cellular,25,jul,293,2,139,9,other,no
46,admin.,married,secondary,no,-241,yes,yes,unknown,13,jun,161,8,26,7,failure,no
36,services,married,tertiary,no,5161,no,no,cellular,19,nov,1,25,215,9,failure,no
83,management,married,secondary,no,-4827,no,no,cellular,19,may,19,21,-1,0,unknown,no
58,technician,married,secondary,no,3730,no,no,unknown,13,nov,313,22,-1,0,unknown,no
62,retired,married,secondary,no,2718,yes,no,cellular,28,aug,131,20,-1,0,unknown,no
32,admin.,single,unknown,yes,2068,yes,no,cellular,11,may,287,11,197,2,failure,no
20,technician,single,secondary,no,-4886,no,no,cellular,16,may,127,2,112,9,failure,no
28,blue-collar,married,tertiary,no,134,yes,no,cellular,23,aug,115,12,-1,0,unknown,no
70,technician,single,secondary,yes,5229,yes,no,unknown,14,aug,498,5,-1,0,unknown,no
63,blue-collar,married,tertiary,yes,-908,yes,no,cellular,10,may,497,21,-1,0,unknown,no
47,admin.,divorced,tertiary,no,-2784,yes,no,cellular,2,may,650,16,-1,0,unknown,no
74,management,married,secondary,no,-1607,yes,yes,cellular,8,jun,446,1,382,2,other,no
35,technician,single,secondary,no,5188,no,no,telephone,23,jun,35,12,-1,0,unknown,no
68,admin.,married,tertiary,no,2994,no,no,unknown,8,aug,17,5,-1,0,unknown,no
65,retired,single,secondary,no,5886,yes,no,cellular,26,nov,15,1,-1,0,unknown,no
83,unknown,married,tertiary,no,3708,no,no,unknown,22,jul,1011,3,-1,0,unknown,yes
25,admin.,married,tertiary,yes,-984,yes,no,cellular,21,aug,179,27,-1,0,unknown,no
39,management,single,tertiary,no,7097,yes,no,unknown,27,may,31,25,-1,0,unknown,no
23,blue-collar,married,secondary,no,-210,no,no,cellular,20,jul,202,4,-1,0,unknown,no
93,management,single,secondary,no,-861,yes,no,cellular,14,apr,319,9,-1,0,unknown,no
74,entrepreneur,single,tertiary,no,2373,yes,no,cellular,24,aug,25,22,-1,0,unknown,no
53,technician,married,secondary,no,2863,no,no,cellular,14,may,109,17,-1,0,unknown,no
74,unknown,married,unknown,no,4122,no,no,cellular,18,apr,53,12,-1,0,unknown,no
66,services,married,unknown,no,599,no,no,telephone,15,dec,956,19,-1,0,unknown,yes
62,services,single,secondary,no,5838,yes,no,unknown,22,nov,98,29,-1,0,unknown,no
83,student,married,secondary,no,-345,yes,yes,cellular,30,may,302,3,-1,0,unknown,no
94,retired,married,secondary,no,-1678,yes,yes,cellular,28,may,646,20,-1,0,unknown,no
62,management,divorced,unknown,no,-4266,yes,yes,cellular,16,nov,513,10,-1,0,unknown,no
37,blue-collar,married,secondary,no,909,no,no,telephone,14,aug,129,20,-1,0,unknown,no
81,retired,divorced,secondary,no,4110,no,no,cellular,10,nov,96,8,-1,0,unknown,no
84,technician,single,tertiary,no,3750,no,no,cellular,22,jul,427,3,-1,0,unknown,no
20,blue-collar,married,secondary,no,2529,no,no,cellular,21,may,59,11,-1,0,unknown,no
71,technician,married,secondary,no,160,yes,no,cellular,2,may,325,15,-1,0,unknown,no
81,entrepreneur,single,secondary,no,5312,no,no,telephone,5,jul,465,20,-1,0,unknown,no
57,unknown,married,tertiary,no,1814,yes,no,cellular,3,nov,488,28,-1,0,unknown,no
76,services,married,secondary,no,2749,yes,yes,cellular,23,jul,2,12,-1,0,unknown,no
72,management,married,tertiary,no,-1949,yes,no,unknown,7,feb,178,3,85,4,success,no
79,admin.,single,primary,no,-4017,no,no,cellular,24,jul,114,7,-1,0,unknown,no
21,admin.,single,tertiary,no,4154,yes,no,cellular,27,jul,994,22,-1,0,unknown,yes
77,unknown,married,tertiary,no,9122,yes,yes,cellular,12,jul,202,1,-1,0,unknown,no
92,admin.,married,secondary,no,2899,no,no,cellular,30,aug,143,10,-1,0,unknown,no
47,management,single,secondary,no,4171,yes,yes,cellular,10,may,72,17,-1,0,unknown,no
19,entrepreneur,divorced,secondary,no,4106,yes,no,cellular,11,may,482,6,-1,0,unknown,no
79,self-employed,married,tertiary,no,1791,no,no,unknown,30,aug,99,19,-1,0,unknown,no
66,management,married,secondary,no,-3089,yes,no,cellular,25,may,452,25,168,1,other,no
26,retired,divorced,secondary,no,3774,no,no,cellular,17,apr,573,12,-1,0,unknown,no
48,blue-collar,single,secondary,no,6158,no,no,cellular,4,may,15,29,-1,0,unknown,no
78,unknown,single,secondary,no,3207,yes,yes,cellular,6,aug,184,28,-1,0,unknown,no
65,blue-collar,divorced,secondary,no,955,yes,no,unknown,7,apr,140,2,11,7,other,no
42,retired,single,tertiary,no,2911,no,yes,cellular,27,may,128,12,-1,0,unknown,no
53,admin.,married,secondary,no,1466,yes,no,cellular,5,jun,119,29,-1,0,unknown,no
25,admin.,single,tertiary,no,5608,yes,no,unknown,6,may,195,19,-1,0,unknown,no
90,retired,single,secondary,no,2333,no,yes,cellular,17,aug,35,9,-1,0,unknown,no
75,unknown,divorced,tertiary,no,3868,no,no,cellular,14,jul,528,28,-1,0,unknown,yes
62,student,married,primary,no,5103,no,no,cellular,11,sep,210,6,345,1,success,yes
79,unknown,married,secondary,no,3883,no,no,cellular,5,may,109,17,-1,0,unknown,no
56,retired,single,secondary,no,1909,yes,no,cellular,2,jul,71,2,-1,0,unknown,no
75,unemployed,married,tertiary,no,-2808,yes,yes,cellular,14,aug,247,7,82,7,failure,no
81,housemaid,married,primary,no,3042,no,no,cellular,27,apr,398,6,44,7,failure,no
61,blue-collar,divorced,tertiary,no,4512,yes,yes,cellular,16,feb,149,14,231,3,success,yes
46,services,married,primary,no,-3088,yes,no,cellular,2,jul,1075,17,-1,0,unknown,no
76,management,single,tertiary,no,2981,no,no,telephone,17,jul,197,26,-1,0,unknown,no
88,housemaid,divorced,tertiary,yes,1754,yes,no,unknown,26,may,995,18,-1,0,unknown,yes
26,technician,married,tertiary,no,-5071,yes,no,telephone,16,feb,847,6,-1,0,unknown,no
23,unknown,divorced,secondary,no,2724,no,no,cellular,9,may,236,12,-1,0,unknown,no
46,technician,single,tertiary,no,5870,no,yes,unknown,20,jul,224,6,-1,0,unknown,no
75,blue-collar,married,secondary,no,1810,yes,no,cellular,20,aug,28,22,-1,0,unknown,no
34,blue-collar,married,tertiary,no,-4508,no,no,unknown,9,jun,683,14,-1,0,unknown,no
33,blue-collar,divorced,secondary,no,2798,yes,no,cellular,5,jul,419,13,-1,0,unknown,no
20,management,married,secondary,no,5013,yes,yes,unknown,4,jul,179,9,-1,0,unknown,no
38,unknown,married,tertiary,no,-835,yes,yes,unknown,7,jun,94,18,353,9,failure,no
81,blue-collar,married,tertiary,no,1001,yes,no,unknown,29,may,470,10,-1,0,unknown,no
53,technician,married,unknown,no,612,no,no,unknown,29,may,88,10,-1,0,unknown,no
79,blue-collar,married,secondary,no,1990,yes,no,cellular,5,aug,201,27,-1,0,unknown,no
59,technician,divorced,secondary,no,519,no,no,telephone,24,jun,57,14,-1,0,unknown,no
93,technician,divorced,secondary,no,5677,yes,yes,telephone,3,jul,421,9,-1,0,unknown,no
59,management,married,tertiary,no,5601,no,no,cellular,30,jun,360,9,-1,0,unknown,no
78,housemaid,married,secondary,no,-184,yes,yes,unknown,8,aug,89,26,-1,0,unknown,no
30,management,single,primary,no,5674,yes,no,unknown,16,jun,32,25,-1,0,unknown,no
28,blue-collar,married,secondary,no,-3317,yes,no,unknown,27,dec,50,9,-1,0,unknown,no
71,management,single,primary,no,-804,no,no,cellular,6,may,247,3,-1,0,unknown,no
33,technician,single,tertiary,no,3499,no,no,telephone,30,may,41,26,61,4,failure,no
25,unknown,single,primary,no,1894,no,no,cellular,29,may,99,9,-1,0,unknown,no
76,blue-collar,married,secondary,no,2065,no,no,unknown,9,nov,471,13,95,9,other,no
74,unknown,married,tertiary,no,2766,yes,no,cellular,22,sep,22,10,-1,0,unknown,no
57,technician,married,secondary,no,181,yes,no,cellular,20,may,224,25,-1,0,unknown,no
76,technician,married,secondary,no,5392,yes,no,cellular,18,jul,131,3,86,3,other,no
19,housemaid,married,secondary,no,3721,yes,no,unknown,11,jul,33,29,-1,0,unknown,no
93,blue-collar,divorced,tertiary,no,1332,no,no,unknown,19,may,183,20,-1,0,unknown,no
27,technician,divorced,secondary,no,4422,no,no,cellular,7,may,187,4,-1,0,unknown,no
61,technician,divorced,primary,no,3012,yes,no,unknown,10,may,122,14,-1,0,unknown,no
28,entrepreneur,divorced,secondary,no,917,no,yes,cellular,5,aug,14,13,-1,0,unknown,no
19,management,married,secondary,no,789,yes,no,unknown,7,may,59,20,-1,0,unknown,no
67,blue-collar,single,secondary,no,-1801,yes,no,unknown,23,jun,133,7,-1,0,unknown,no
29,services,married,tertiary,no,-189,yes,no,unknown,6,jun,83,21,-1,0,unknown,no
40,services,married,secondary,no,1090,yes,no,unknown,18,nov,45,7,206,9,failure,no
35,unknown,married,primary,no,1898,yes,no,cellular,21,may,172,6,-1,0,unknown,no
79,technician,single,tertiary,no,-1085,yes,yes,unknown,15,feb,130,23,-1,0,unknown,no
79,management,single,primary,no,1767,yes,no,unknown,27,aug,282,8,-1,0,unknown,no
55,housemaid,married,secondary,no,20,yes,no,cellular,10,aug,212,6,-1,0,unknown,no
84,technician,married,secondary,no,-492,yes,no,unknown,6,aug,47,25,-1,0,unknown,no
55,management,married,tertiary,no,3200,yes,no,unknown,24,aug,300,4,-1,0,unknown,no
84,blue-collar,married,primary,no,2163,no,no,unknown,1,jun,161,28,-1,0,unknown,no
78,management,married,secondary,no,1243,no,no,unknown,28,feb,31,5,-1,0,unknown,no
18,management,single,primary,no,3177,no,no,cellular,28,aug,4,25,-1,0,unknown,no
62,services,single,secondary,no,-2203,yes,no,unknown,28,nov,254,25,-1,0,unknown,no
45,retired,married,tertiary,no,-1960,no,no,cellular,10,may,248,18,260,7,failure,no
38,blue-collar,single,secondary,no,431,yes,no,cellular,23,apr,443,2,-1,0,unknown,no
30,blue-collar,married,secondary,no,1111,no,no,cellular,15,may,370,25,-1,0,unknown,no
44,admin.,divorced,secondary,no,3714,yes,no,telephone,14,sep,541,22,-1,0,unknown,no
24,blue-collar,married,primary,no,-461,yes,no,unknown,16,apr,89,24,-1,0,unknown,no
39,unknown,single,unknown,no,-397,yes,no,cellular,5,aug,137,14,-1,0,unknown,no
91,retired,divorced,secondary,no,4688,yes,no,cellular,14,apr,16,24,-1,0,unknown,no
70,blue-collar,single,primary,no,-1827,yes,no,telephone,16,feb,136,24,-1,0,unknown,no
21,retired,married,secondary,no,4469,no,yes,cellular,14,nov,64,14,-1,0,unknown,no
40,housemaid,single,tertiary,yes,1448,yes,no,unknown,7,aug,422,5,-1,0,unknown,no
87,unknown,married,secondary,no,-912,no,yes,unknown,19,jul,275,11,-1,0,unknown,no
93,technician,married,tertiary,no,-1866,yes,no,unknown,4,may,392,27,-1,0,unknown,no
50,management,married,secondary,no,861,no,no,cellular,18,may,231,26,-1,0,unknown,no
45,management,divorced,secondary,no,3379,no,no,cellular,28,mar,235,20,222,5,failure,no
25,management,divorced,tertiary,no,1380,no,no,cellular,22,jul,69,3,-1,0,unknown,no
18,admin.,married,primary,no,4173,yes,no,cellular,21,jul,285,16,-1,0,unknown,no
54,entrepreneur,married,tertiary,no,4087,no,no,cellular,15,may,40,20,-1,0,unknown,no
80,admin.,divorced,primary,no,3838,yes,yes,unknown,17,may,83,8,-1,0,unknown,no
39,retired,married,primary,no,3965,yes,yes,telephone,1,jul,51,20,-1,0,unknown,no
87,blue-collar,married,secondary,no,-178,no,no,cellular,24,nov,770,15,-1,0,unknown,yes
38,technician,married,secondary,no,3765,yes,yes,cellular,15,may,589,14,-1,0,unknown,no
52,self-employed,single,tertiary,no,7815,yes,no,cellular,16,jun,536,14,-1,0,unknown,yes
22,housemaid,married,primary,no,4354,yes,no,cellular,24,aug,831,8,-1,0,unknown,no
77,management,single,unknown,no,258,no,no,unknown,22,may,244,24,-1,0,unknown,no
63,management,married,tertiary,no,-317,no,yes,unknown,11,sep,580,1,-1,0,unknown,no
67,technician,married,tertiary,no,1763,yes,no,unknown,9,sep,89,16,347,6,failure,no
65,blue-collar,married,tertiary,no,3734,yes,no,cellular,17,jul,125,27,-1,0,unknown,no
23,technician,married,secondary,no,1957,yes,no,unknown,26,jul,162,27,-1,0,unknown,no
73,blue-collar,married,secondary,no,-1899,yes,yes,unknown,15,dec,24,28,-1,0,unknown,no
76,housemaid,married,tertiary,no,3696,no,no,cellular,8,aug,449,12,-1,0,unknown,no
46,technician,single,primary,no,4236,no,no,cellular,18,jul,32,14,-1,0,unknown,no
88,student,married,unknown,no,-1211,no,no,unknown,8,sep,414,9,-1,0,unknown,no
94,admin.,single,secondary,no,4304,no,no,unknown,3,jul,659,14,-1,0,unknown,no
35,self-employed,divorced,tertiary,no,1786,no,no,cellular,22,may,216,13,-1,0,unknown,no
19,admin.,single,primary,no,2884,no,no,cellular,23,may,46,19,-1,0,unknown,no
25,blue-collar,divorced,tertiary,no,2935,no,yes,cellular,19,jun,148,22,-1,0,unknown,no
92,technician,married,secondary,no,2286,no,no,cellular,14,jun,38,16,310,4,failure,no
71,housemaid,married,tertiary,no,224,no,no,unknown,2,aug,32,19,-1,0,unknown,no
55,management,divorced,tertiary,no,2921,no,no,cellular,1,may,364,25,-1,0,unknown,no
65,technician,single,tertiary,no,1560,yes,no,cellular,30,jul,128,17,-1,0,unknown,no
44,retired,single,tertiary,no,2410,no,no,cellular,5,may,0,23,-1,0,unknown,no
37,management,single,primary,no,603,no,no,cellular,17,nov,12,5,245,3,other,no
29,blue-collar,single,secondary,no,2607,yes,no,unknown,1,jun,439,28,-1,0,unknown,no
60,self-employed,married,secondary,no,1420,no,no,unknown,21,jul,249,3,-1,0,unknown,no
78,management,single,tertiary,no,-1584,yes,no,cellular,16,jul,480,28,-1,0,unknown,no
48,technician,married,secondary,no,3032,no,no,unknown,3,apr,82,27,-1,0,unknown,no
78,admin.,married,unknown,no,4663,no,yes,cellular,10,sep,97,23,-1,0,unknown,no
91,retired,married,secondary,no,2654,yes,no,cellular,19,may,247,1,-1,0,unknown,no
84,management,married,secondary,no,910,no,no,cellular,11,may,282,22,-1,0,unknown,no
52,services,married,primary,no,2647,no,no,cellular,23,jul,6,7,-1,0,unknown,no
32,technician,single,secondary,no,-557,no,yes,cellular,3,mar,613,25,-1,0,unknown,no
33,management,single,primary,no,3830,yes,yes,unknown,2,jul,414,25,-1,0,unknown,no
30,unknown,single,tertiary,no,4104,yes,no,unknown,3,may,36,7,75,2,other,no
52,technician,married,secondary,no,1346,yes,no,cellular,15,apr,2,21,-1,0,unknown,no
92,blue-collar,divorced,primary,no,1828,yes,no,unknown,27,aug,378,23,-1,0,unknown,no
76,unemployed,married,secondary,no,-1578,yes,no,cellular,20,jun,601,27,-1,0,unknown,no
38,blue-collar,single,tertiary,no,3206,no,no,cellular,9,may,100,17,-1,0,unknown,no
71,services,married,secondary,no,784,no,no,cellular,15,apr,99,7,-1,0,unknown,no
92,blue-collar,married,secondary,no,-6147,yes,no,cellular,28,jul,186,13,-1,0,unknown,no
47,student,married,primary,no,1815,yes,no,cellular,2,may,289,28,-1,0,unknown,no
65,admin.,single,tertiary,no,1146,no,no,cellular,30,nov,269,29,-1,0,unknown,no
52,management,married,secondary,no,-1553,yes,no,cellular,6,jul,360,13,-1,0,unknown,no
55,technician,married,tertiary,no,4396,no,no,cellular,5,may,31,10,-1,0,unknown,no
48,services,married,tertiary,no,182,no,no,cellular,6,jul,189,20,-1,0,unknown,no
41,management,married,primary,no,-711,no,no,telephone,5,jul,182,2,-1,0,unknown,no
66,blue-collar,single,secondary,no,4791,yes,no,cellular,22,aug,772,6,-1,0,unknown,yes
49,admin.,married,primary,no,2691,yes,no,cellular,12,nov,646,7,-1,0,unknown,no
72,management,married,secondary,no,-1451,yes,no,cellular,4,nov,357,27,-1,0,unknown,no
75,retired,married,tertiary,no,1444,yes,no,cellular,24,aug,540,13,388,2,failure,no
20,management,married,unknown,no,-870,no,no,cellular,28,jul,353,29,-1,0,unknown,no
86,blue-collar,married,secondary,no,-2289,yes,no,cellular,25,may,328,23,-1,0,unknown,no
27,services,single,secondary,no,-2508,yes,no,cellular,26,may,62,8,-1,0,unknown,no
42,unknown,married,secondary,no,3533,no,no,telephone,23,jun,247,21,-1,0,unknown,no
85,management,married,secondary,no,-900,yes,no,cellular,30,apr,639,13,-1,0,unknown,no
78,retired,married,secondary,no,-1467,yes,yes,cellular,14,may,357,26,-1,0,unknown,no
46,entrepreneur,married,tertiary,no,803,no,no,cellular,14,dec,239,11,-1,0,unknown,no
36,technician,married,secondary,no,9183,yes,no,cellular,11,aug,77,10,-1,0,unknown,no
60,admin.,married,secondary,no,2883,yes,no,cellular,28,jun,292,29,-1,0,unknown,no
83,blue-collar,married,secondary,no,3944,yes,no,unknown,1,may,109,27,-1,0,unknown,no
91,management,married,secondary,no,-1360,no,no,cellular,21,jul,17,24,-1,0,unknown,no
78,self-employed,single,secondary,no,2765,yes,no,cellular,23,may,70,4,-1,0,unknown,no
60,unknown,single,tertiary,no,1468,yes,no,cellular,5,may,127,10,307,3,other,no
42,management,single,secondary,no,-627,yes,no,unknown,5,apr,1471,17,-1,0,unknown,yes
37,management,married,unknown,no,829,yes,yes,cellular,12,may,368,28,85,5,failure,no
65,management,single,secondary,no,-445,yes,no,unknown,5,jul,84,8,-1,0,unknown,no
41,services,divorced,primary,no,1877,no,no,cellular,21,may,370,20,-1,0,unknown,no
28,unemployed,single,secondary,no,832,no,no,cellular,13,may,114,5,-1,0,unknown,no
72,blue-collar,married,tertiary,no,-438,no,no,cellular,11,may,241,29,-1,0,unknown,no
45,management,married,tertiary,no,742,yes,yes,unknown,21,jun,373,20,-1,0,unknown,no
86,admin.,married,primary,no,4081,yes,no,cellular,1,aug,348,15,-1,0,unknown,no
80,services,married,tertiary,no,-1989,no,no,unknown,12,jul,38,23,-1,0,unknown,no
76,technician,married,unknown,no,-168,no,no,unknown,6,jul,450,10,-1,0,unknown,no
22,entrepreneur,single,tertiary,no,2449,no,no,cellular,27,aug,661,19,207,9,failure,yes
68,admin.,single,tertiary,no,-342,yes,no,cellular,11,jun,68,18,-1,0,unknown,no
38,entrepreneur,married,primary,no,5219,yes,no,unknown,12,may,103,26,-1,0,unknown,no
29,blue-collar,married,tertiary,no,4892,no,no,cellular,29,aug,718,12,-1,0,unknown,yes
67,blue-collar,married,tertiary,no,5051,no,no,unknown,6,aug,1061,2,-1,0,unknown,yes
21,management,married,secondary,no,3390,no,no,cellular,24,may,155,7,-1,0,unknown,no
59,blue-collar,married,primary,no,4352,no,no,unknown,30,nov,9,11,-1,0,unknown,no
55,blue-collar,married,secondary,no,1493,no,no,cellular,5,nov,696,15,-1,0,unknown,no
42,unemployed,married,tertiary,no,-273,no,yes,unknown,18,sep,6,12,-1,0,unknown,no
31,management,divorced,secondary,no,-100,yes,no,cellular,16,may,103,10,-1,0,unknown,no
92,management,married,secondary,no,-3231,no,no,cellular,13,sep,24,13,19,8,other,no
49,blue-collar,married,tertiary,no,373,yes,no,cellular,7,jul,184,22,-1,0,unknown,no
28,admin.,married,tertiary,no,552,yes,no,cellular,14,may,9,2,-1,0,unknown,no
78,management,married,secondary,no,910,no,no,unknown,1,aug,65,24,299,3,failure,no
35,unknown,married,secondary,no,8989,no,no,unknown,21,may,158,15,-1,0,unknown,no
44,admin.,single,secondary,no,-754,no,no,cellular,28,may,19,22,-1,0,unknown,no
72,services,married,tertiary,no,763,yes,yes,cellular,21,sep,168,8,-1,0,unknown,no
71,services,married,secondary,no,7885,yes,no,cellular,12,sep,79,6,-1,0,unknown,no
92,blue-collar,single,tertiary,no,-642,no,no,unknown,3,sep,80,4,-1,0,unknown,no
38,admin.,married,tertiary,no,-1666,no,no,unknown,18,sep,713,8,-1,0,unknown,yes
61,blue-collar,married,unknown,no,849,yes,no,cellular,11,jul,302,20,141,2,success,no
22,admin.,married,secondary,no,-651,no,no,telephone,20,jul,684,22,-1,0,unknown,yes
58,admin.,single,secondary,no,4699,no,no,cellular,7,nov,221,5,-1,0,unknown,no
76,blue-collar,married,secondary,no,1873,yes,no,unknown,10,apr,613,20,-1,0,unknown,no
71,services,married,tertiary,no,-1858,yes,no,cellular,19,aug,468,23,-1,0,unknown,no
91,unknown,single,secondary,no,2379,yes,no,telephone,13,jul,1583,8,-1,0,unknown,yes
39,admin.,married,primary,no,2003,yes,yes,cellular,14,nov,180,14,-1,0,unknown,no
82,management,married,secondary,no,-2697,yes,no,cellular,15,jul,307,22,-1,0,unknown,no
81,admin.,married,secondary,no,2760,yes,no,cellular,6,may,45,17,-1,0,unknown,no
88,services,single,secondary,no,2920,yes,no,unknown,7,aug,723,23,-1,0,unknown,yes
21,unknown,single,primary,no,-2616,yes,no,unknown,13,jul,131,20,-1,0,unknown,no
82,self-employed,divorced,secondary,no,-2213,yes,no,unknown,16,may,641,2,-1,0,unknown,no
32,admin.,divorced,secondary,no,371,no,no,cellular,15,jan,27,19,335,1,failure,no
93,retired,single,secondary,no,-444,no,no,cellular,18,jul,186,26,-1,0,unknown,no
39,blue-collar,single,tertiary,no,3211,yes,yes,cellular,3,may,0,4,-1,0,unknown,no
64,technician,single,primary,no,123,yes,no,unknown,16,sep,138,14,-1,0,unknown,no
63,technician,married,secondary,no,894,yes,no,cellular,25,may,22,7,-1,0,unknown,no
31,self-employed,married,secondary,no,-1753,no,no,unknown,1,jul,153,25,-1,0,unknown,no
67,unknown,married,secondary,no,4267,no,no,unknown,24,may,209,16,-1,0,unknown,no
37,unknown,married,tertiary,no,-856,no,no,unknown,1,may,493,10,-1,0,unknown,no
67,unemployed,single,secondary,no,-1673,no,no,unknown,19,may,90,11,-1,0,unknown,no
50,blue-collar,married,primary,no,1577,no,yes,cellular,6,jun,215,22,-1,0,unknown,no
76,services,married,secondary,no,4642,yes,yes,unknown,11,jul,17,26,238,8,success,no
60,technician,married,secondary,no,2780,no,no,unknown,24,jul,631,5,-1,0,unknown,no
29,admin.,single,secondary,no,-271,no,no,cellular,7,sep,155,25,-1,0,unknown,no
57,blue-collar,single,primary,no,206,yes,no,cellular,3,jul,75,12,-1,0,unknown,no
37,unemployed,married,tertiary,no,-2626,yes,no,unknown,28,aug,160,24,-1,0,unknown,no
55,entrepreneur,married,unknown,no,7196,yes,no,unknown,6,may,169,24,-1,0,unknown,no
20,self-employed,married,secondary,no,6077,yes,no,unknown,1,may,350,24,-1,0,unknown,no
45,student,married,secondary,no,2287,no,no,cellular,8,feb,947,15,196,9,failure,yes
73,unknown,married,tertiary,no,1385,no,no,cellular,25,apr,53,24,-1,0,unknown,no
30,technician,single,tertiary,no,-1956,yes,no,telephone,25,may,14,24,176,2,success,no
94,unemployed,married,tertiary,no,984,yes,no,unknown,14,may,275,10,186,8,other,no
83,retired,married,secondary,no,4095,no,yes,cellular,4,aug,557,26,-1,0,unknown,yes
54,technician,married,secondary,no,3609,yes,no,cellular,4,jul,214,23,135,5,failure,no
66,unknown,married,secondary,no,70,yes,yes,unknown,23,nov,21,2,-1,0,unknown,no
83,self-employed,married,tertiary,no,3824,yes,yes,cellular,23,oct,141,18,-1,0,unknown,no
53,admin.,married,tertiary,no,4893,no,no,cellular,16,nov,274,11,394,3,success,yes
71,admin.,married,primary,no,1525,no,no,cellular,11,may,102,5,-1,0,unknown,no
43,blue-collar,single,secondary,no,4367,yes,no,cellular,22,jun,480,6,-1,0,unknown,no
92,blue-collar,married,primary,no,6372,yes,no,cellular,7,may,65,13,-1,0,unknown,no
89,unknown,married,secondary,no,7167,yes,yes,cellular,30,nov,116,25,-1,0,unknown,no
57,technician,married,secondary,no,-379,yes,no,cellular,1,may,640,17,-1,0,unknown,yes
60,admin.,single,unknown,no,2752,no,yes,cellular,9,apr,219,27,-1,0,unknown,no
39,technician,married,tertiary,no,3532,yes,no,cellular,30,may,1,16,-1,0,unknown,no
37,admin.,single,tertiary,no,1365,yes,no,cellular,29,may,72,23,-1,0,unknown,no
25,admin.,divorced,tertiary,no,5152,no,no,unknown,6,jul,361,23,282,3,other,no
46,self-employed,married,secondary,no,1589,yes,no,unknown,24,jul,13,24,-1,0,unknown,no
57,services,single,tertiary,no,963,no,no,cellular,13,aug,1282,29,-1,0,unknown,yes
47,management,single,primary,no,-2521,yes,no,cellular,21,jul,588,1,-1,0,unknown,no
72,admin.,married,secondary,no,-3648,yes,no,cellular,12,jun,65,28,-1,0,unknown,no
33,technician,single,tertiary,no,371,no,no,telephone,23,feb,582,13,-1,0,unknown,no
63,entrepreneur,married,tertiary,no,-7280,yes,yes,cellular,19,aug,310,10,-1,0,unknown,no
79,blue-collar,married,secondary,no,5155,yes,yes,telephone,26,apr,142,13,-1,0,unknown,no
24,blue-collar,single,secondary,no,4087,yes,no,cellular,17,jun,56,20,-1,0,unknown,no
62,management,single,secondary,no,3491,yes,no,cellular,23,nov,57,26,85,4,other,no
76,services,divorced,tertiary,no,4760,no,no,cellular,21,jul,232,21,-1,0,unknown,no
73,management,married,primary,no,595,yes,no,cellular,1,may,138,18,-1,0,unknown,no
65,services,married,tertiary,no,2085,yes,no,cellular,9,aug,233,18,-1,0,unknown,no
44,housemaid,married,secondary,no,308,no,yes,cellular,25,may,103,27,-1,0,unknown,no
70,technician,married,tertiary,no,4749,yes,no,cellular,22,jul,67,4,-1,0,unknown,no
90,blue-collar,married,primary,no,-6232,no,no,unknown,27,jul,467,3,-1,0,unknown,no
52,technician,married,secondary,no,4748,yes,yes,unknown,25,aug,651,16,-1,0,unknown,yes
68,blue-collar,married,primary,no,-4040,yes,no,cellular,23,apr,315,29,-1,0,unknown,no
54,self-employed,married,tertiary,no,803,yes,no,telephone,8,sep,45,7,310,6,failure,no
74,blue-collar,married,secondary,no,-1726,yes,no,unknown,27,apr,24,7,-1,0,unknown,no
25,retired,divorced,secondary,no,1013,yes,no,telephone,2,apr,199,2,-1,0,unknown,no
37,unknown,single,tertiary,no,-236,yes,no,telephone,18,jun,206,16,-1,0,unknown,no
70,blue-collar,married,tertiary,no,267,no,yes,cellular,4,may,263,5,-1,0,unknown,no
29,technician,single,primary,no,3063,yes,no,cellular,1,mar,610,21,-1,0,unknown,no
66,technician,single,tertiary,no,2096,yes,no,unknown,24,may,268,8,252,1,other,no
34,blue-collar,divorced,secondary,no,4419,yes,no,cellular,21,jun,639,8,-1,0,unknown,yes
81,blue-collar,married,secondary,no,2677,yes,yes,cellular,12,aug,32,11,-1,0,unknown,no
59,services,married,tertiary,no,-3345,yes,no,cellular,16,apr,318,29,-1,0,unknown,no
46,services,divorced,secondary,no,8476,yes,no,cellular,30,apr,676,20,-1,0,unknown,yes
36,unknown,married,tertiary,no,-4535,no,no,cellular,23,aug,160,10,-1,0,unknown,no
28,admin.,divorced,secondary,no,2365,yes,no,cellular,28,jun,884,1,-1,0,unknown,yes
67,management,single,secondary,no,3629,yes,no,cellular,18,may,207,6,-1,0,unknown,no
88,admin.,divorced,secondary,no,2300,yes,no,cellular,5,jun,738,28,159,9,other,yes
75,entrepreneur,married,secondary,no,821,yes,no,telephone,16,may,356,7,-1,0,unknown,no
51,admin.,married,tertiary,no,5881,no,no,unknown,9,aug,157,17,-1,0,unknown,no
37,blue-collar,married,secondary,no,4791,yes,no,cellular,9,jan,9,24,-1,0,unknown,no
67,admin.,divorced,primary,no,1358,yes,no,unknown,2,jun,276,16,-1,0,unknown,no
27,blue-collar,married,tertiary,no,74,yes,no,cellular,14,may,75,14,-1,0,unknown,no
49,housemaid,married,secondary,no,-1030,no,no,unknown,11,may,87,25,-1,0,unknown,no
69,management,married,secondary,no,-790,yes,no,unknown,2,apr,5,24,-1,0,unknown,no
32,retired,married,tertiary,no,1242,no,no,cellular,16,may,210,3,-1,0,unknown,no
20,management,married,secondary,no,-3545,yes,no,cellular,21,jul,88,9,188,7,other,no
54,services,married,unknown,no,1401,yes,no,cellular,19,jul,1042,10,98,6,failure,yes
57,entrepreneur,single,tertiary,no,3831,yes,no,cellular,13,aug,356,3,-1,0,unknown,no
89,technician,married,secondary,no,-267,yes,yes,cellular,17,aug,114,12,-1,0,unknown,no
57,blue-collar,divorced,tertiary,no,1353,yes,no,unknown,27,jul,89,4,-1,0,unknown,no
73,technician,single,secondary,no,2344,yes,no,unknown,29,may,323,12,-1,0,unknown,no
40,technician,single,secondary,no,2875,yes,yes,cellular,1,mar,75,22,-1,0,unknown,no
28,services,single,primary,no,821,yes,no,unknown,21,feb,153,23,-1,0,unknown,no
81,retired,married,secondary,no,6704,yes,no,cellular,19,apr,45,13,-1,0,unknown,no
25,management,married,tertiary,no,1432,yes,yes,cellular,16,dec,75,24,-1,0,unknown,no
73,blue-collar,single,unknown,no,-2566,yes,no,cellular,25,aug,26,7,-1,0,unknown,no
77,technician,married,secondary,no,265,no,no,unknown,13,may,143,19,-1,0,unknown,no
27,admin.,married,secondary,no,5316,yes,yes,cellular,28,jun,674,27,-1,0,unknown,no
56,unemployed,married,secondary,no,5081,yes,no,unknown,19,aug,27,27,-1,0,unknown,no
45,entrepreneur,single,secondary,no,-3737,no,no,cellular,3,jun,148,18,-1,0,unknown,no
66,admin.,married,secondary,no,529,yes,no,cellular,3,may,91,27,-1,0,unknown,no
53,blue-collar,married,primary,no,-160,no,yes,unknown,30,may,116,18,-1,0,unknown,no
30,services,married,primary,no,3759,no,yes,telephone,1,may,380,28,5,5,failure,no
53,entrepreneur,divorced,tertiary,no,-1992,no,no,cellular,3,oct,147,29,304,2,failure,no
43,student,married,secondary,no,6101,yes,no,unknown,16,may,271,9,-1,0,unknown,no
21,housemaid,single,primary,no,-2987,no,no,telephone,21,aug,924,7,-1,0,unknown,no
81,unemployed,married,tertiary,no,1001,no,no,cellular,8,jul,247,7,-1,0,unknown,no
55,technician,single,secondary,no,-2192,no,no,cellular,23,aug,106,21,-1,0,unknown,no
39,entrepreneur,married,secondary,no,3392,yes,no,unknown,16,may,130,13,-1,0,unknown,no
19,retired,single,secondary,no,-4752,no,no,cellular,28,aug,307,6,-1,0,unknown,no
48,admin.,married,primary,no,907,no,no,cellular,13,aug,305,7,-1,0,unknown,no
28,management,married,tertiary,no,848,yes,no,unknown,13,apr,118,13,-1,0,unknown,no
63,unknown,single,tertiary,no,-1266,no,no,cellular,11,apr,332,25,-1,0,unknown,no
79,self-employed,single,tertiary,no,5077,yes,no,cellular,4,dec,206,26,-1,0,unknown,no
86,admin.,single,tertiary,no,6533,no,no,unknown,4,apr,1014,20,-1,0,unknown,yes
81,blue-collar,divorced,secondary,no,213,no,no,cellular,15,jul,615,6,-1,0,unknown,no
27,entrepreneur,married,tertiary,no,1810,yes,no,unknown,28,aug,448,17,-1,0,unknown,no
57,technician,divorced,primary,no,-429,no,no,unknown,4,apr,9,23,208,6,failure,no
41,management,married,secondary,no,-2367,no,no,telephone,8,aug,123,20,-1,0,unknown,no
61,blue-collar,single,unknown,yes,-1931,yes,no,unknown,24,may,219,18,-1,0,unknown,no
77,management,married,secondary,no,-1851,yes,no,cellular,2,may,190,20,-1,0,unknown,no
79,admin.,married,secondary,no,5169,no,no,cellular,15,jul,372,8,-1,0,unknown,no
34,blue-collar,married,tertiary,no,2712,yes,yes,cellular,23,aug,618,18,-1,0,unknown,yes
82,self-employed,married,primary,yes,-1437,yes,no,cellular,28,jul,399,15,-1,0,unknown,no
74,blue-collar,married,secondary,no,-1169,no,yes,unknown,27,sep,64,1,-1,0,unknown,no
72,unemployed,married,tertiary,no,-1569,no,no,cellular,14,feb,171,1,131,5,failure,no
70,services,married,secondary,no,-4213,yes,no,telephone,28,aug,129,7,-1,0,unknown,no
73,technician,married,tertiary,no,2979,yes,yes,unknown,21,may,374,16,-1,0,unknown,no
26,blue-collar,married,secondary,no,1040,no,no,cellular,2,may,581,23,-1,0,unknown,no
39,services,married,secondary,no,6551,no,no,cellular,29,jul,87,20,-1,0,unknown,no
30,student,married,secondary,no,-4828,no,no,unknown,3,may,173,14,61,4,other,no
65,admin.,married,secondary,no,3966,yes,no,cellular,11,may,339,28,-1,0,unknown,no
35,management,single,secondary,no,4232,yes,no,cellular,7,oct,13,21,-1,0,unknown,no
93,management,divorced,tertiary,no,4627,yes,no,unknown,16,nov,851,29,-1,0,unknown,yes
57,unknown,married,secondary,no,2158,no,no,cellular,22,feb,415,12,-1,0,unknown,no
34,technician,single,secondary,yes,4190,yes,no,cellular,22,jun,201,5,-1,0,unknown,no
32,admin.,single,secondary,no,2339,no,no,unknown,28,may,389,7,-1,0,unknown,no
32,technician,married,secondary,no,-823,yes,no,cellular,7,sep,466,12,-1,0,unknown,no
80,entrepreneur,single,secondary,no,218,no,no,unknown,22,jun,175,19,-1,0,unknown,no
56,technician,married,secondary,no,138,yes,no,cellular,11,jun,149,5,-1,0,unknown,no
30,technician,married,secondary,no,4913,no,no,cellular,2,jul,469,7,-1,0,unknown,no
49,admin.,married,secondary,no,5260,no,no,cellular,8,mar,506,28,-1,0,unknown,no
26,blue-collar,married,tertiary,no,3865,no,yes,unknown,7,apr,34,27,-1,0,unknown,no
57,admin.,single,tertiary,no,1605,no,no,cellular,6,jun,615,7,-1,0,unknown,yes
37,services,married,secondary,no,-4750,yes,no,telephone,16,nov,83,13,-1,0,unknown,no
94,technician,married,secondary,no,3892,yes,no,cellular,21,sep,283,25,-1,0,unknown,no
90,retired,married,secondary,no,3766,yes,no,unknown,11,oct,318,20,-1,0,unknown,no
80,blue-collar,single,secondary,no,2276,yes,no,cellular,22,may,84,17,-1,0,unknown,no
93,retired,single,secondary,no,2860,yes,yes,telephone,30,nov,93,5,-1,0,unknown,no
61,unknown,single,tertiary,no,-1013,no,yes,cellular,3,aug,316,14,71,9,failure,no
55,unknown,married,secondary,no,391,no,no,cellular,18,may,49,11,-1,0,unknown,no
77,services,married,unknown,no,-1039,yes,no,unknown,9,sep,504,20,-1,0,unknown,no
88,unemployed,married,secondary,no,955,no,yes,unknown,17,aug,65,19,-1,0,unknown,no
65,blue-collar,married,tertiary,no,4053,yes,yes,unknown,2,aug,111,23,-1,0,unknown,no
35,self-employed,married,tertiary,no,2738,no,no,unknown,27,aug,80,25,-1,0,unknown,no
33,management,married,secondary,no,-1711,yes,no,telephone,10,aug,72,4,-1,0,unknown,no
72,retired,married,secondary,no,6918,yes,no,cellular,10,nov,995,22,-1,0,unknown,yes
56,management,divorced,tertiary,no,1941,yes,no,unknown,17,may,75,17,97,9,success,no
85,housemaid,single,primary,no,-600,no,no,cellular,8,dec,222,17,-1,0,unknown,no
76,technician,married,secondary,no,518,no,no,unknown,20,sep,352,3,-1,0,unknown,no
79,technician,married,secondary,no,-242,yes,yes,cellular,6,jun,11,14,-1,0,unknown,no
30,services,married,secondary,no,2100,yes,no,cellular,11,may,550,21,-1,0,unknown,no
23,technician,single,secondary,no,-2546,no,no,unknown,5,jun,42,6,-1,0,unknown,no
94,retired,single,primary,no,2305,yes,no,unknown,24,aug,228,25,12,3,success,no
77,technician,divorced,tertiary,no,3942,no,no,cellular,10,jul,264,25,-1,0,unknown,no
31,services,married,secondary,no,3401,yes,no,cellular,23,may,256,10,188,6,failure,no
71,self-employed,single,secondary,no,2216,no,no,cellular,1,may,341,27,-1,0,unknown,no
21,management,married,secondary,no,3148,yes,yes,cellular,8,nov,690,17,-1,0,unknown,no
56,blue-collar,single,primary,no,2599,yes,yes,cellular,4,aug,674,2,-1,0,unknown,no
89,admin.,single,primary,no,4561,yes,no,cellular,7,apr,222,27,-1,0,unknown,no
42,technician,single,secondary,no,703,no,no,telephone,19,jul,119,12,-1,0,unknown,no
94,entrepreneur,married,secondary,no,-1318,yes,yes,unknown,15,nov,100,24,-1,0,unknown,no
49,unemployed,single,primary,no,2519,no,no,unknown,2,feb,561,21,-1,0,unknown,no
76,services,married,secondary,no,4673,yes,no,cellular,17,mar,494,16,-1,0,unknown,no
80,unknown,married,secondary,no,250,yes,no,cellular,26,aug,90,16,-1,0,unknown,no
55,self-employed,married,secondary,no,6214,no,no,unknown,21,jul,42,3,-1,0,unknown,no
70,unknown,married,secondary,no,2566,yes,no,cellular,16,mar,509,25,-1,0,unknown,no
84,management,married,secondary,no,4207,no,no,unknown,27,dec,241,18,-1,0,unknown,no
45,technician,married,unknown,no,-2063,no,yes,cellular,14,jul,96,7,-1,0,unknown,no
20,blue-collar,married,tertiary,no,3794,no,no,unknown,3,jun,243,10,-1,0,unknown,no
39,blue-collar,married,secondary,no,2825,yes,no,unknown,27,jun,17,8,-1,0,unknown,no
55,admin.,married,secondary,no,7757,no,no,cellular,19,aug,54,28,228,8,failure,no
89,unemployed,married,tertiary,no,2969,no,no,cellular,8,jun,203,18,-1,0,unknown,no
89,admin.,married,secondary,no,3383,no,yes,cellular,17,jul,199,17,-1,0,unknown,no
79,management,married,secondary,no,-1038,no,no,telephone,29,jun,73,3,-1,0,unknown,no
74,services,married,secondary,no,2374,yes,no,cellular,18,jul,1037,8,-1,0,unknown,yes
23,blue-collar,single,tertiary,no,4859,no,no,cellular,1,aug,137,20,-1,0,unknown,no
49,services,married,secondary,no,382,yes,no,unknown,7,aug,318,29,-1,0,unknown,no
27,entrepreneur,single,secondary,no,-713,yes,no,unknown,4,sep,77,5,-1,0,unknown,no
20,blue-collar,married,secondary,no,7448,no,no,cellular,3,may,142,25,-1,0,unknown,no
76,entrepreneur,divorced,secondary,no,589,no,no,cellular,19,apr,459,20,-1,0,unknown,no
93,unknown,married,unknown,no,4137,no,no,cellular,10,aug,487,12,-1,0,unknown,no
66,blue-collar,married,tertiary,no,-11,no,no,unknown,27,mar,37,25,-1,0,unknown,no
76,unknown,married,secondary,no,108,yes,no,cellular,3,may,113,6,-1,0,unknown,no
48,admin.,married,secondary,no,1053,yes,no,cellular,2,jul,58,28,214,5,other,no
86,services,single,tertiary,no,3141,yes,yes,cellular,5,sep,570,23,-1,0,unknown,no
79,admin.,married,secondary,no,4926,yes,no,cellular,17,nov,361,24,-1,0,unknown,no
69,technician,married,tertiary,no,-260,yes,no,cellular,5,jul,213,10,-1,0,unknown,no
58,housemaid,single,tertiary,no,4783,no,yes,telephone,26,nov,270,10,3,8,other,no
48,admin.,married,secondary,no,1837,yes,no,unknown,14,aug,633,1,-1,0,unknown,no
39,retired,married,unknown,no,894,yes,no,cellular,16,jul,93,9,-1,0,unknown,no
21,retired,married,secondary,no,3100,yes,no,unknown,24,may,3,18,-1,0,unknown,no
30,retired,married,secondary,no,5709,no,no,cellular,23,may,6,3,-1,0,unknown,no
62,management,divorced,tertiary,no,2968,yes,no,unknown,14,aug,12,1,101,5,success,no
59,entrepreneur,single,primary,no,-757,yes,no,cellular,30,may,35,10,-1,0,unknown,no
66,technician,single,tertiary,no,1860,yes,no,cellular,27,jul,218,27,-1,0,unknown,no
37,services,divorced,tertiary,no,3108,yes,no,cellular,19,dec,1023,3,-1,0,unknown,yes
94,blue-collar,married,secondary,no,-357,no,no,cellular,13,may,140,18,-1,0,unknown,no
71,blue-collar,married,secondary,no,2264,no,no,unknown,12,apr,321,7,-1,0,unknown,no
53,management,married,secondary,no,-732,yes,yes,unknown,25,aug,405,7,-1,0,unknown,no
18,student,single,tertiary,no,3324,no,no,telephone,27,feb,417,22,-1,0,unknown,no
32,management,single,secondary,no,5815,yes,no,cellular,26,jul,151,10,-1,0,unknown,no
94,management,married,secondary,no,1179,yes,no,cellular,16,may,205,28,197,2,failure,no
34,admin.,married,primary,no,3658,no,no,cellular,29,aug,102,27,-1,0,unknown,no
41,retired,divorced,secondary,no,4496,no,no,unknown,23,apr,300,13,-1,0,unknown,no
75,blue-collar,married,secondary,no,134,yes,no,cellular,17,may,124,4,-1,0,unknown,no
89,admin.,single,secondary,no,2691,no,no,unknown,22,feb,96,12,-1,0,unknown,no
40,services,married,secondary,no,4837,yes,no,cellular,20,may,254,3,214,9,failure,no
63,unemployed,married,secondary,no,6332,no,yes,cellular,6,jun,107,23,-1,0,unknown,no
89,services,married,secondary,no,587,no,yes,cellular,14,may,135,16,-1,0,unknown,no
25,technician,single,secondary,no,-1959,yes,yes,cellular,16,jul,320,11,-1,0,unknown,no
76,blue-collar,married,secondary,no,3172,yes,yes,cellular,3,apr,495,3,-1,0,unknown,no
76,technician,married,secondary,no,2108,no,no,telephone,21,aug,147,25,-1,0,unknown,no
30,self-employed,single,secondary,no,1513,no,no,unknown,19,nov,190,26,-1,0,unknown,no
56,admin.,single,secondary,no,-136,no,no,telephone,7,may,353,8,-1,0,unknown,no
45,blue-collar,single,secondary,no,4074,no,no,cellular,5,jul,65,7,-1,0,unknown,no
78,management,married,secondary,no,-343,yes,no,cellular,20,jun,138,14,-1,0,unknown,no
33,student,divorced,primary,yes,-603,no,no,cellular,26,aug,430,2,-1,0,unknown,no
19,admin.,married,primary,no,1025,yes,no,cellular,23,dec,580,10,-1,0,unknown,no
34,blue-collar,married,secondary,no,4208,yes,no,cellular,23,aug,267,3,-1,0,unknown,no
47,retired,married,secondary,no,-2647,no,no,unknown,10,may,128,24,-1,0,unknown,no
30,management,married,tertiary,no,-1622,yes,no,cellular,9,aug,240,28,-1,0,unknown,no
30,management,divorced,tertiary,no,-1036,yes,no,cellular,3,jul,50,11,-1,0,unknown,no
60,blue-collar,married,unknown,no,7371,no,no,cellular,27,may,7,19,-1,0,unknown,no
38,unknown,married,secondary,no,2269,yes,no,unknown,27,may,20,8,35,1,other,no
72,admin.,single,tertiary,no,-1706,no,no,unknown,10,jul,29,20,-1,0,unknown,no
57,admin.,single,primary,no,1029,yes,no,cellular,16,aug,65,5,221,9,other,no
32,entrepreneur,single,secondary,no,3741,yes,no,cellular,24,aug,159,9,-1,0,unknown,no
90,admin.,married,secondary,no,7421,yes,yes,telephone,23,jul,68,13,-1,0,unknown,no
69,unknown,single,secondary,no,-3193,yes,no,cellular,9,nov,226,11,-1,0,unknown,no
91,blue-collar,married,secondary,no,-1801,no,no,telephone,2,aug,1645,26,-1,0,unknown,yes
70,blue-collar,divorced,secondary,no,407,yes,no,unknown,6,jul,177,2,312,9,failure,no
69,technician,married,tertiary,no,512,yes,no,unknown,5,aug,364,12,-1,0,unknown,no
47,technician,single,secondary,no,464,yes,no,cellular,3,may,89,3,-1,0,unknown,no
50,blue-collar,married,secondary,no,1085,no,no,unknown,7,may,849,15,-1,0,unknown,yes
74,self-employed,married,primary,no,7508,yes,yes,cellular,15,nov,73,28,-1,0,unknown,no
69,unknown,married,secondary,no,-2375,no,no,cellular,21,nov,234,28,-1,0,unknown,no
26,technician,married,secondary,no,1901,no,no,cellular,6,oct,1056,1,-1,0,unknown,yes
71,technician,married,secondary,no,3104,yes,no,unknown,4,may,426,24,-1,0,unknown,no
18,admin.,single,secondary,no,-2932,no,no,unknown,23,jul,1246,28,-1,0,unknown,yes
61,student,married,secondary,no,5724,no,no,unknown,29,jul,123,11,-1,0,unknown,no
92,technician,single,primary,no,951,yes,no,cellular,13,may,20,25,-1,0,unknown,no
26,admin.,married,secondary,no,-1829,no,no,unknown,23,jun,71,10,-1,0,unknown,no
49,technician,married,tertiary,no,6062,no,no,cellular,5,jun,815,25,-1,0,unknown,yes
32,services,single,secondary,no,3465,no,no,cellular,15,may,119,3,-1,0,unknown,no
29,unknown,single,primary,no,-205,yes,no,cellular,7,nov,34,14,-1,0,unknown,no
74,retired,married,tertiary,no,3597,no,no,cellular,7,jun,231,21,-1,0,unknown,no
25,technician,married,primary,no,2585,yes,no,telephone,10,jul,179,16,268,5,failure,no
89,services,single,secondary,no,-3187,yes,no,cellular,13,jul,16,9,-1,0,unknown,no
44,services,married,primary,no,-2894,no,yes,cellular,24,oct,155,14,-1,0,unknown,no
79,admin.,married,primary,no,2432,no,no,unknown,30,jul,258,21,-1,0,unknown,no
29,technician,single,tertiary,no,-3892,no,no,cellular,11,jul,68,1,137,4,other,no
82,blue-collar,married,secondary,no,4438,no,no,cellular,1,may,34,1,-1,0,unknown,no
59,admin.,married,secondary,no,-2720,no,no,unknown,20,jul,516,4,-1,0,unknown,no
79,technician,divorced,secondary,no,4183,no,yes,unknown,11,may,253,23,-1,0,unknown,no
28,services,single,secondary,no,5692,yes,no,unknown,1,jul,43,23,-1,0,unknown,no
60,blue-collar,married,tertiary,no,2890,yes,no,cellular,3,may,255,23,-1,0,unknown,no
34,retired,married,tertiary,no,-9643,no,no,cellular,8,aug,342,29,-1,0,unknown,no
49,blue-collar,married,tertiary,no,4782,yes,no,cellular,13,jul,234,22,-1,0,unknown,no
57,retired,single,secondary,no,112,yes,no,cellular,28,jun,31,29,-1,0,unknown,no
40,blue-collar,single,secondary,no,1249,no,no,cellular,7,apr,34,1,-1,0,unknown,no
73,admin.,married,secondary,no,-807,no,no,unknown,3,jul,11,27,-1,0,unknown,no
23,unknown,married,secondary,no,6468,yes,no,unknown,20,sep,68,19,-1,0,unknown,no
67,admin.,married,tertiary,no,1954,no,no,cellular,2,may,15,21,-1,0,unknown,no
54,management,married,secondary,no,203,yes,no,unknown,18,apr,422,12,-1,0,unknown,no
81,unemployed,single,tertiary,no,5440,yes,no,cellular,5,feb,4,20,-1,0,unknown,no
71,management,married,secondary,no,4060,yes,yes,unknown,29,feb,224,27,-1,0,unknown,no
89,unknown,married,primary,no,-1975,yes,no,cellular,18,sep,428,4,67,8,failure,no
66,management,married,secondary,no,2424,yes,no,cellular,16,aug,581,9,103,4,other,no
28,student,married,secondary,no,2082,yes,no,unknown,27,may,135,7,355,5,failure,no
66,entrepreneur,married,secondary,no,-2994,no,no,cellular,7,nov,250,25,-1,0,unknown,no
38,unknown,married,secondary,no,3903,no,no,cellular,1,may,778,29,-1,0,unknown,yes
83,unknown,single,secondary,no,1334,yes,no,cellular,9,may,287,14,176,3,success,no
80,self-employed,divorced,tertiary,no,7875,yes,no,cellular,15,jun,596,23,328,2,failure,yes
45,blue-collar,divorced,secondary,no,5651,yes,no,unknown,26,apr,297,26,-1,0,unknown,no
34,services,married,secondary,no,2088,no,no,cellular,1,may,18,3,-1,0,unknown,no
23,admin.,single,tertiary,no,1159,yes,no,unknown,27,apr,56,15,-1,0,unknown,no
36,blue-collar,divorced,secondary,no,-4712,no,no,cellular,17,aug,727,11,-1,0,unknown,no
73,unknown,married,secondary,no,3949,yes,no,unknown,30,mar,479,10,-1,0,unknown,no
45,blue-collar,married,primary,no,1216,no,no,cellular,9,feb,141,20,-1,0,unknown,no
83,unknown,married,secondary,no,19,yes,no,unknown,23,aug,45,15,266,1,failure,no
55,entrepreneur,married,tertiary,no,1486,no,no,cellular,30,aug,44,25,-1,0,unknown,no
54,technician,single,tertiary,no,6080,no,no,cellular,15,jun,606,17,-1,0,unknown,yes
85,technician,married,primary,no,5515,yes,no,cellular,10,may,46,19,-1,0,unknown,no
66,services,married,tertiary,no,5507,no,no,cellular,28,may,125,11,-1,0,unknown,no
60,technician,married,secondary,no,-1692,no,yes,cellular,20,apr,596,20,95,4,other,no
53,retired,married,secondary,no,6160,no,no,unknown,3,jun,8,16,-1,0,unknown,no
75,unknown,married,unknown,no,-48,no,yes,unknown,28,jun,257,4,-1,0,unknown,no
30,unemployed,married,secondary,no,3660,yes,no,telephone,5,jun,111,7,-1,0,unknown,no
69,management,married,tertiary,no,3304,yes,no,cellular,2,aug,29,11,-1,0,unknown,no
75,admin.,single,primary,no,999,yes,no,cellular,22,apr,216,20,-1,0,unknown,no
49,services,single,tertiary,no,2064,no,no,unknown,6,jul,171,26,-1,0,unknown,no
77,retired,single,secondary,no,-3507,yes,yes,unknown,16,may,26,24,27,8,failure,no
75,services,single,secondary,no,1598,no,no,telephone,12,may,80,17,-1,0,unknown,no
73,admin.,single,secondary,no,715,yes,no,cellular,17,jul,347,19,139,5,other,no
45,management,single,secondary,no,8011,yes,no,cellular,12,may,363,26,32,4,failure,no
18,technician,single,unknown,no,1508,yes,no,cellular,26,may,235,10,148,7,failure,no
59,self-employed,single,tertiary,no,-721,yes,no,cellular,25,dec,30,15,-1,0,unknown,no
65,admin.,married,tertiary,no,1767,no,no,cellular,17,oct,494,6,60,7,success,yes
57,admin.,married,secondary,no,-593,yes,no,cellular,22,aug,48,13,-1,0,unknown,no
80,admin.,single,secondary,no,-2834,yes,no,cellular,7,may,329,3,-1,0,unknown,no
93,services,married,secondary,no,2658,no,no,unknown,24,jul,11,8,-1,0,unknown,no
89,blue-collar,married,secondary,no,1445,yes,no,cellular,16,apr,104,7,-1,0,unknown,no
21,blue-collar,married,secondary,no,4401,yes,no,unknown,18,may,167,5,-1,0,unknown,no
55,management,married,secondary,no,5790,no,no,cellular,27,apr,7,18,-1,0,unknown,no
44,blue-collar,divorced,secondary,yes,7089,yes,no,unknown,8,jul,48,27,-1,0,unknown,no
26,services,married,secondary,no,2111,yes,no,unknown,27,sep,99,21,-1,0,unknown,no
33,blue-collar,married,unknown,no,3496,yes,no,cellular,26,aug,1043,16,-1,0,unknown,yes
73,admin.,married,secondary,no,2266,yes,no,cellular,30,sep,390,9,4,5,failure,no
93,management,single,tertiary,no,-5535,yes,no,unknown,18,may,473,11,180,5,failure,no
48,entrepreneur,married,secondary,no,5129,yes,no,cellular,2,jul,284,21,-1,0,unknown,no
31,entrepreneur,single,secondary,no,3059,yes,no,cellular,9,nov,89,28,-1,0,unknown,no
42,blue-collar,single,secondary,no,3099,yes,no,unknown,23,aug,318,19,-1,0,unknown,no
51,technician,married,tertiary,no,-115,yes,no,cellular,24,jan,288,14,-1,0,unknown,no
84,technician,married,secondary,no,-506,yes,no,cellular,16,oct,242,7,-1,0,unknown,no
41,unknown,married,secondary,no,1218,yes,no,cellular,17,aug,91,12,-1,0,unknown,no
90,admin.,single,primary,yes,3095,yes,no,cellular,10,apr,78,19,-1,0,unknown,no
43,technician,single,secondary,yes,-4434,no,yes,unknown,22,may,105,8,-1,0,unknown,no
37,technician,married,secondary,no,2028,no,yes,unknown,1,apr,96,21,-1,0,unknown,no
81,services,married,secondary,no,6487,no,yes,unknown,21,aug,20,5,-1,0,unknown,no
